open,high,low,close,volume,timestamp
530.7349853515625,533.239990234375,530.25,531.0599975585938,532395,2026-07-28T13:30:00Z
530.5,531.510009765625,528.7999877929688,530.4500122070312,132660,2026-07-28T13:31:00Z
530.3900146484375,531.6699829101562,529.5300903320312,531.5700073242188,105149,2026-07-28T13:32:00Z
531.5050048828125,532.77001953125,530.52001953125,531.510009765625,122326,2026-07-28T13:33:00Z
531.4400024414062,531.8200073242188,530.0599975585938,530.1799926757812,270690,2026-07-28T13:34:00Z
530.1199951171875,530.77001953125,529.25,530.0650024414062,124543,2026-07-28T13:35:00Z
530.0750122070312,530.72998046875,527.1900024414062,527.7050170898438,101783,2026-07-28T13:36:00Z
527.969970703125,528.385009765625,526.4199829101562,526.7899780273438,105566,2026-07-28T13:37:00Z
526.7349853515625,527.489990234375,526.1300048828125,526.2899780273438,134607,2026-07-28T13:38:00Z
526.2449951171875,526.6300048828125,525.239990234375,525.2550048828125,113697,2026-07-28T13:39:00Z
525.2349853515625,527.239990234375,525.2349853515625,526.27001953125,207692,2026-07-28T13:40:00Z
526.260009765625,527.5399780273438,525.7000122070312,526.989990234375,115923,2026-07-28T13:41:00Z
526.9299926757812,527.3200073242188,524.5999755859375,524.8099975585938,142975,2026-07-28T13:42:00Z
524.9400024414062,525.1099853515625,523.25,524.0800170898438,84469,2026-07-28T13:43:00Z
524.114990234375,525.8699951171875,524.0,525.219970703125,98173,2026-07-28T13:44:00Z
525.1500244140625,525.780029296875,523.1121826171875,523.2899780273438,80385,2026-07-28T13:45:00Z
523.27001953125,523.344970703125,521.6099853515625,522.4500122070312,134864,2026-07-28T13:46:00Z
522.47998046875,522.5449829101562,521.4349975585938,521.9500122070312,85364,2026-07-28T13:47:00Z
521.8875122070312,525.780029296875,521.875,525.780029296875,123394,2026-07-28T13:48:00Z
525.6649780273438,527.22998046875,525.2000122070312,526.3800048828125,109804,2026-07-28T13:49:00Z
526.3800048828125,527.9000244140625,524.7650146484375,524.8800048828125,102411,2026-07-28T13:50:00Z
525.0599975585938,525.469970703125,523.7100219726562,524.0,51534,2026-07-28T13:51:00Z
524.0150146484375,526.8200073242188,524.0150146484375,526.0800170898438,71154,2026-07-28T13:52:00Z
526.1300048828125,526.135009765625,523.239990234375,524.8150024414062,102453,2026-07-28T13:53:00Z
524.6901245117188,525.3099975585938,523.8099975585938,524.0750122070312,79462,2026-07-28T13:54:00Z
524.0850219726562,524.4500122070312,523.3049926757812,523.8699951171875,60863,2026-07-28T13:55:00Z
523.97998046875,525.25,523.0900268554688,525.1849975585938,94450,2026-07-28T13:56:00Z
525.27001953125,526.010009765625,523.7999877929688,524.3599853515625,48859,2026-07-28T13:57:00Z
524.2899780273438,524.3150024414062,522.9400024414062,523.1400146484375,53461,2026-07-28T13:58:00Z
523.2999877929688,524.0,522.260986328125,523.1300048828125,99677,2026-07-28T13:59:00Z
522.9299926757812,525.278076171875,522.3350219726562,524.9299926757812,102374,2026-07-28T14:00:00Z
525.1900024414062,525.3300170898438,523.7999877929688,524.2999877929688,49593,2026-07-28T14:01:00Z
524.4299926757812,525.77001953125,524.4199829101562,525.0399780273438,89362,2026-07-28T14:02:00Z
524.888671875,525.510009765625,524.3200073242188,524.6099853515625,100423,2026-07-28T14:03:00Z
524.6199951171875,525.6500244140625,524.0599975585938,524.7999877929688,127769,2026-07-28T14:04:00Z
524.8099975585938,527.3400268554688,524.469970703125,526.9400024414062,66778,2026-07-28T14:05:00Z
527.1099853515625,527.77001953125,525.6600952148438,527.0449829101562,57848,2026-07-28T14:06:00Z
527.0700073242188,527.5637817382812,524.4879150390625,524.739990234375,57838,2026-07-28T14:07:00Z
524.6400146484375,524.8499755859375,522.22998046875,523.4000244140625,79055,2026-07-28T14:08:00Z
523.2949829101562,523.6400146484375,522.6900024414062,522.7999877929688,40275,2026-07-28T14:09:00Z
522.905029296875,524.6699829101562,522.4600219726562,524.1400146484375,56941,2026-07-28T14:10:00Z
524.239990234375,525.9299926757812,524.1300048828125,525.9299926757812,73985,2026-07-28T14:11:00Z
525.875,526.1400146484375,523.2999877929688,523.2999877929688,31404,2026-07-28T14:12:00Z
523.3900146484375,524.0800170898438,522.8099975585938,523.0758056640625,35593,2026-07-28T14:13:00Z
522.9450073242188,523.030029296875,520.469970703125,520.9650268554688,67725,2026-07-28T14:14:00Z
521.0499877929688,521.7994995117188,520.2224731445312,521.0900268554688,33834,2026-07-28T14:15:00Z
521.1400146484375,521.5900268554688,519.7000122070312,520.0,70190,2026-07-28T14:16:00Z
519.9299926757812,520.8300170898438,519.530029296875,519.969970703125,47281,2026-07-28T14:17:00Z
519.9600219726562,520.5,519.3099975585938,520.3099975585938,49497,2026-07-28T14:18:00Z
520.1849975585938,520.1849975585938,519.0,519.0800170898438,58621,2026-07-28T14:19:00Z
519.1099853515625,519.8900146484375,518.530029296875,518.6799926757812,54745,2026-07-28T14:20:00Z
518.6500244140625,521.4600219726562,518.3099975585938,521.3699951171875,113060,2026-07-28T14:21:00Z
521.5399780273438,522.0211181640625,519.0499877929688,519.8699951171875,35709,2026-07-28T14:22:00Z
519.780029296875,521.5999755859375,519.2849731445312,521.5,113524,2026-07-28T14:23:00Z
521.6699829101562,522.6599731445312,520.9600219726562,521.25,79039,2026-07-28T14:24:00Z
521.3699951171875,521.75,520.47998046875,521.5700073242188,53964,2026-07-28T14:25:00Z
521.6099853515625,522.5,521.1699829101562,521.6849975585938,42185,2026-07-28T14:26:00Z
521.9299926757812,522.6099853515625,521.219970703125,521.75,89364,2026-07-28T14:27:00Z
521.8900146484375,522.52001953125,521.280029296875,521.655029296875,42466,2026-07-28T14:28:00Z
521.655029296875,522.5999755859375,521.4000244140625,522.3099975585938,55789,2026-07-28T14:29:00Z
522.22998046875,523.1099853515625,520.7750244140625,521.5800170898438,52221,2026-07-28T14:30:00Z
521.6300048828125,523.1400146484375,521.510009765625,522.6400146484375,228062,2026-07-28T14:31:00Z
522.719970703125,523.9299926757812,521.8499755859375,522.4400024414062,60299,2026-07-28T14:32:00Z
522.5,522.7550048828125,521.3499755859375,522.4500122070312,65157,2026-07-28T14:33:00Z
522.4000244140625,522.5999755859375,521.1099853515625,521.2999877929688,33113,2026-07-28T14:34:00Z
521.3400268554688,523.6599731445312,521.1699829101562,523.6500244140625,44142,2026-07-28T14:35:00Z
523.5399780273438,524.8699951171875,523.5349731445312,523.9299926757812,77851,2026-07-28T14:36:00Z
523.8350219726562,524.489990234375,523.469970703125,524.489990234375,39389,2026-07-28T14:37:00Z
524.5,525.0,523.1199951171875,523.1199951171875,44001,2026-07-28T14:38:00Z
523.1099853515625,524.0999755859375,522.510009765625,523.75,42775,2026-07-28T14:39:00Z
523.8200073242188,525.2199096679688,523.5,525.0399780273438,42555,2026-07-28T14:40:00Z
524.969970703125,525.7899780273438,524.8350219726562,525.5449829101562,46527,2026-07-28T14:41:00Z
525.52001953125,525.5499877929688,524.4000244140625,525.3900146484375,37684,2026-07-28T14:42:00Z
525.4299926757812,526.0900268554688,524.9849853515625,525.9249877929688,68745,2026-07-28T14:43:00Z
525.969970703125,526.4400024414062,525.094970703125,525.094970703125,49002,2026-07-28T14:44:00Z
525.260009765625,525.6199951171875,524.0,524.3699951171875,53424,2026-07-28T14:45:00Z
524.2799072265625,525.6400146484375,523.9400024414062,525.510009765625,41949,2026-07-28T14:46:00Z
525.4099731445312,526.6099853515625,525.4099731445312,526.4299926757812,65125,2026-07-28T14:47:00Z
526.3599853515625,528.4099731445312,526.3599853515625,528.219970703125,87923,2026-07-28T14:48:00Z
528.239990234375,529.030029296875,527.9400024414062,528.969970703125,257891,2026-07-28T14:49:00Z
529.0900268554688,529.760009765625,528.6649780273438,528.9998779296875,68927,2026-07-28T14:50:00Z
528.9149780273438,530.5,528.5601196289062,530.0050048828125,106028,2026-07-28T14:51:00Z
530.030029296875,530.1799926757812,528.3800048828125,528.6199951171875,94774,2026-07-28T14:52:00Z
528.7100219726562,530.5599975585938,528.6699829101562,529.9550170898438,44650,2026-07-28T14:53:00Z
529.9249877929688,529.9249877929688,528.510009765625,528.780029296875,36531,2026-07-28T14:54:00Z
528.780029296875,529.3499755859375,527.8026733398438,528.5150146484375,87173,2026-07-28T14:55:00Z
528.5800170898438,528.8599853515625,527.5700073242188,528.3499755859375,62496,2026-07-28T14:56:00Z
528.3099975585938,528.3099975585938,526.2650146484375,526.9849853515625,41588,2026-07-28T14:57:00Z
526.97998046875,527.1649780273438,526.4400024414062,526.7249755859375,37726,2026-07-28T14:58:00Z
526.739990234375,527.260009765625,526.4055786132812,526.655029296875,29636,2026-07-28T14:59:00Z
526.7100219726562,528.1699829101562,526.6599731445312,528.114990234375,47941,2026-07-28T15:00:00Z
528.0800170898438,528.2150268554688,527.0499877929688,527.2650146484375,75687,2026-07-28T15:01:00Z
527.3900146484375,527.989990234375,526.6900024414062,527.4000244140625,74412,2026-07-28T15:02:00Z
527.2949829101562,527.72998046875,526.8099975585938,526.9099731445312,32963,2026-07-28T15:03:00Z
526.8800048828125,527.3516235351562,526.1300048828125,526.22998046875,63805,2026-07-28T15:04:00Z
526.2899780273438,526.739990234375,525.4199829101562,526.3699951171875,86490,2026-07-28T15:05:00Z
526.47998046875,527.5599975585938,525.8900146484375,526.0,37518,2026-07-28T15:06:00Z
526.0999755859375,526.0999755859375,524.8300170898438,525.5399780273438,35422,2026-07-28T15:07:00Z
525.635009765625,526.25,525.4099731445312,525.7100219726562,28702,2026-07-28T15:08:00Z
525.610107421875,526.3900146484375,525.5850219726562,526.3350219726562,39753,2026-07-28T15:09:00Z
526.7005004882812,528.4400024414062,525.8200073242188,526.1400146484375,68319,2026-07-28T15:10:00Z
526.0599975585938,526.47998046875,525.2000732421875,525.77001953125,36479,2026-07-28T15:11:00Z
525.6900024414062,527.3400268554688,525.2650146484375,527.0399780273438,37620,2026-07-28T15:12:00Z
526.9299926757812,527.1199951171875,526.1588134765625,526.72998046875,33182,2026-07-28T15:13:00Z
526.7100219726562,527.52001953125,526.594970703125,526.6500244140625,41352,2026-07-28T15:14:00Z
526.6950073242188,526.7999877929688,525.9299926757812,526.7000122070312,67483,2026-07-28T15:15:00Z
526.7050170898438,527.3599853515625,526.489990234375,526.6199951171875,28821,2026-07-28T15:16:00Z
526.614990234375,527.5,526.3300170898438,527.0900268554688,41371,2026-07-28T15:17:00Z
527.02001953125,528.6900024414062,526.87451171875,528.1799926757812,65215,2026-07-28T15:18:00Z
528.155029296875,528.469970703125,527.760009765625,528.469970703125,98087,2026-07-28T15:19:00Z
528.4500122070312,530.1400146484375,528.4500122070312,529.6699829101562,70448,2026-07-28T15:20:00Z
529.6500244140625,530.1799926757812,529.35498046875,529.8800048828125,47410,2026-07-28T15:21:00Z
529.8800048828125,530.4456787109375,529.52001953125,530.0499877929688,69220,2026-07-28T15:22:00Z
530.0850219726562,531.1099853515625,530.0700073242188,530.5900268554688,70502,2026-07-28T15:23:00Z
530.5800170898438,531.239990234375,530.0,531.239990234375,92874,2026-07-28T15:24:00Z
531.1599731445312,532.0,531.1500244140625,531.530029296875,54491,2026-07-28T15:25:00Z
531.5900268554688,532.1900024414062,531.4099731445312,531.4099731445312,57909,2026-07-28T15:26:00Z
531.5399780273438,531.555419921875,530.3099975585938,530.52001953125,117082,2026-07-28T15:27:00Z
530.5399780273438,530.5700073242188,529.9500122070312,530.219970703125,55588,2026-07-28T15:28:00Z
530.1400146484375,530.4199829101562,529.1799926757812,529.5900268554688,51675,2026-07-28T15:29:00Z
529.5499877929688,530.0,529.0,529.0750122070312,49482,2026-07-28T15:30:00Z
529.02001953125,529.530029296875,529.0,529.3599853515625,64322,2026-07-28T15:31:00Z
529.489990234375,530.6599731445312,529.4500122070312,530.489990234375,32393,2026-07-28T15:32:00Z
530.3900146484375,530.8599853515625,530.3499755859375,530.8099975585938,62992,2026-07-28T15:33:00Z
530.9400024414062,531.3800048828125,530.6199951171875,530.6799926757812,35681,2026-07-28T15:34:00Z
530.72998046875,531.7750244140625,530.5800170898438,531.6500244140625,23460,2026-07-28T15:35:00Z
531.5750122070312,532.02001953125,531.510009765625,531.6699829101562,22035,2026-07-28T15:36:00Z
531.6300048828125,531.8900146484375,531.0,531.885009765625,69518,2026-07-28T15:37:00Z
531.8250122070312,532.760009765625,531.780029296875,532.6400146484375,44490,2026-07-28T15:38:00Z
532.6950073242188,533.0399780273438,532.385009765625,532.8800048828125,36480,2026-07-28T15:39:00Z
532.6099853515625,532.72998046875,531.6599731445312,531.8499755859375,45465,2026-07-28T15:40:00Z
532.010009765625,532.4949951171875,531.6099853515625,532.219970703125,22171,2026-07-28T15:41:00Z
532.1300048828125,532.2874755859375,531.6099853515625,531.8150024414062,18717,2026-07-28T15:42:00Z
531.885009765625,533.72998046875,531.77001953125,533.5800170898438,44791,2026-07-28T15:43:00Z
533.4000244140625,533.9199829101562,533.1900024414062,533.6500244140625,67593,2026-07-28T15:44:00Z
533.6900024414062,534.469970703125,533.5996704101562,534.0,150726,2026-07-28T15:45:00Z
534.135009765625,535.2899780273438,533.9400024414062,535.1400146484375,66711,2026-07-28T15:46:00Z
535.1699829101562,535.4000244140625,535.0,535.25,22685,2026-07-28T15:47:00Z
535.2899780273438,535.7899780273438,535.1115112304688,535.7000122070312,61224,2026-07-28T15:48:00Z
535.77001953125,535.9400024414062,535.1400146484375,535.1400146484375,68582,2026-07-28T15:49:00Z
535.1599731445312,535.3800048828125,534.22998046875,534.3599853515625,66523,2026-07-28T15:50:00Z
534.260009765625,534.260009765625,533.3499755859375,533.6599731445312,25939,2026-07-28T15:51:00Z
533.618896484375,533.618896484375,532.5900268554688,533.4500122070312,18176,2026-07-28T15:52:00Z
533.510009765625,534.97998046875,533.510009765625,534.844970703125,26145,2026-07-28T15:53:00Z
534.8499755859375,535.0,533.577880859375,533.577880859375,15671,2026-07-28T15:54:00Z
533.6099853515625,533.719970703125,532.6599731445312,532.8800048828125,20313,2026-07-28T15:55:00Z
532.9550170898438,534.0941162109375,532.9199829101562,533.989990234375,13711,2026-07-28T15:56:00Z
533.9500122070312,534.2999877929688,533.7750244140625,534.2999877929688,12587,2026-07-28T15:57:00Z
534.469970703125,534.8499755859375,534.010009765625,534.010009765625,20040,2026-07-28T15:58:00Z
534.0449829101562,534.0700073242188,533.5900268554688,533.8350219726562,11455,2026-07-28T15:59:00Z
534.0900268554688,534.7000122070312,533.6699829101562,534.7000122070312,20941,2026-07-28T16:00:00Z
534.7449951171875,535.135009765625,534.4500122070312,534.4500122070312,11511,2026-07-28T16:01:00Z
534.405029296875,535.125,534.3099975585938,534.3900146484375,14087,2026-07-28T16:02:00Z
534.1599731445312,534.7999877929688,533.97998046875,534.7100219726562,73709,2026-07-28T16:03:00Z
534.7150268554688,534.7150268554688,534.0599975585938,534.4650268554688,8457,2026-07-28T16:04:00Z
534.47998046875,535.6900024414062,534.47998046875,535.280029296875,23031,2026-07-28T16:05:00Z
535.02001953125,535.0399780273438,534.0499877929688,534.1799926757812,18219,2026-07-28T16:06:00Z
534.1400146484375,534.2694702148438,532.6199951171875,532.7000122070312,13050,2026-07-28T16:07:00Z
532.7000122070312,532.8250122070312,531.9301147460938,532.0499877929688,32917,2026-07-28T16:08:00Z
531.9299926757812,532.1099853515625,531.6157836914062,531.6157836914062,8473,2026-07-28T16:09:00Z
531.530029296875,532.2100219726562,531.3800048828125,532.0549926757812,14282,2026-07-28T16:10:00Z
532.2000122070312,532.7999877929688,532.0,532.760009765625,28961,2026-07-28T16:11:00Z
532.6900024414062,532.8699951171875,532.1300048828125,532.3400268554688,15283,2026-07-28T16:12:00Z
532.47998046875,532.5399780273438,531.4400024414062,531.5205078125,16104,2026-07-28T16:13:00Z
531.60498046875,531.60498046875,531.0399780273438,531.3699951171875,9252,2026-07-28T16:14:00Z
531.6599731445312,531.780029296875,530.5,530.5999755859375,29644,2026-07-28T16:15:00Z
530.739990234375,531.0513916015625,530.5999755859375,530.780029296875,5259,2026-07-28T16:16:00Z
530.6950073242188,531.27001953125,530.6950073242188,530.969970703125,21596,2026-07-28T16:17:00Z
530.8099975585938,531.3499755859375,530.7600708007812,531.1199951171875,12324,2026-07-28T16:18:00Z
531.030029296875,532.219970703125,531.030029296875,532.1599731445312,16865,2026-07-28T16:19:00Z
532.2100219726562,532.780029296875,532.2100219726562,532.4000244140625,14624,2026-07-28T16:20:00Z
532.405029296875,532.5,531.5999755859375,531.989990234375,16341,2026-07-28T16:21:00Z
531.905029296875,532.22998046875,531.284912109375,531.4500122070312,11364,2026-07-28T16:22:00Z
531.4400024414062,531.5349731445312,530.6199951171875,530.7999877929688,16947,2026-07-28T16:23:00Z
530.739990234375,531.02001953125,530.5900268554688,530.8350219726562,13344,2026-07-28T16:24:00Z
530.8800048828125,531.1900024414062,530.6500244140625,531.1900024414062,17355,2026-07-28T16:25:00Z
531.1900024414062,531.3099975585938,530.7899780273438,530.8300170898438,20866,2026-07-28T16:26:00Z
530.8150024414062,531.0150146484375,530.4500122070312,530.9450073242188,42348,2026-07-28T16:27:00Z
530.9500122070312,531.2150268554688,530.75,530.81787109375,12878,2026-07-28T16:28:00Z
530.77001953125,531.27001953125,530.739990234375,530.9000244140625,14727,2026-07-28T16:29:00Z
530.9000244140625,530.9000244140625,528.530029296875,528.7587890625,31843,2026-07-28T16:30:00Z
528.6900024414062,528.8250122070312,528.0900268554688,528.780029296875,52377,2026-07-28T16:31:00Z
528.77001953125,529.8099975585938,528.7349853515625,529.719970703125,24272,2026-07-28T16:32:00Z
529.7100219726562,530.2449951171875,529.4199829101562,529.60498046875,16681,2026-07-28T16:33:00Z
529.625,530.4299926757812,529.510009765625,529.5800170898438,42595,2026-07-28T16:34:00Z
529.780029296875,530.0900268554688,529.4636840820312,529.4636840820312,12566,2026-07-28T16:35:00Z
529.5800170898438,529.7999877929688,529.1400146484375,529.6950073242188,11923,2026-07-28T16:36:00Z
529.6900024414062,530.0800170898438,529.6099853515625,529.97998046875,14007,2026-07-28T16:37:00Z
530.0,531.02001953125,530.0,530.9400024414062,18967,2026-07-28T16:38:00Z
530.9199829101562,531.7000122070312,530.719970703125,531.6799926757812,26999,2026-07-28T16:39:00Z
531.6199951171875,532.219970703125,531.6199951171875,532.010009765625,31731,2026-07-28T16:40:00Z
532.0599975585938,532.510009765625,531.9700927734375,532.4299926757812,29555,2026-07-28T16:41:00Z
532.510009765625,532.5800170898438,531.5,531.5971069335938,17490,2026-07-28T16:42:00Z
531.64501953125,532.5900268554688,531.64501953125,532.2999877929688,20862,2026-07-28T16:43:00Z
532.375,532.5800170898438,531.8300170898438,532.260498046875,21945,2026-07-28T16:44:00Z
532.35498046875,533.1500244140625,532.2449951171875,532.5599975585938,14388,2026-07-28T16:45:00Z
532.5,532.5499877929688,531.280029296875,531.3400268554688,18444,2026-07-28T16:46:00Z
531.3599853515625,532.5599975585938,531.3599853515625,532.2899780273438,52417,2026-07-28T16:47:00Z
532.27099609375,532.5,531.5999755859375,531.7493286132812,25203,2026-07-28T16:48:00Z
531.7849731445312,532.2999877929688,531.5499877929688,531.9349975585938,9026,2026-07-28T16:49:00Z
531.9349975585938,532.8400268554688,531.9349975585938,532.72998046875,18066,2026-07-28T16:50:00Z
532.780029296875,533.9299926757812,532.6900024414062,533.760009765625,16753,2026-07-28T16:51:00Z
533.780029296875,534.139892578125,533.3599853515625,533.5349731445312,15434,2026-07-28T16:52:00Z
533.6500244140625,534.14501953125,533.5650024414062,533.5650024414062,16192,2026-07-28T16:53:00Z
533.5250244140625,534.1699829101562,533.510009765625,533.75,14373,2026-07-28T16:54:00Z
533.6749877929688,533.7349853515625,533.1900024414062,533.6900024414062,11320,2026-07-28T16:55:00Z
533.6900024414062,534.0599975585938,533.635009765625,534.0050048828125,10332,2026-07-28T16:56:00Z
534.02001953125,534.27001953125,533.4949951171875,533.6500244140625,17396,2026-07-28T16:57:00Z
533.6500244140625,533.6500244140625,533.030029296875,533.3499755859375,59244,2026-07-28T16:58:00Z
533.344970703125,533.6500244140625,533.1199951171875,533.2050170898438,36552,2026-07-28T16:59:00Z
533.239990234375,533.4400024414062,532.7000122070312,533.1849975585938,34303,2026-07-28T17:00:00Z
533.1799926757812,533.8099975585938,533.1799926757812,533.5499877929688,21185,2026-07-28T17:01:00Z
533.5549926757812,533.6868286132812,532.280029296875,532.5299072265625,15868,2026-07-28T17:02:00Z
532.510009765625,532.7000122070312,532.080078125,532.3099975585938,18282,2026-07-28T17:03:00Z
532.3200073242188,532.3300170898438,531.77001953125,531.8300170898438,10592,2026-07-28T17:04:00Z
531.864990234375,531.969970703125,531.510009765625,531.6500244140625,25058,2026-07-28T17:05:00Z
531.614990234375,532.135009765625,531.4400024414062,532.0150146484375,21747,2026-07-28T17:06:00Z
531.9550170898438,532.260009765625,531.8049926757812,532.260009765625,16362,2026-07-28T17:07:00Z
532.25,532.344970703125,531.385009765625,531.385009765625,7490,2026-07-28T17:08:00Z
531.2650146484375,531.4099731445312,530.5900268554688,530.5900268554688,7740,2026-07-28T17:09:00Z
530.719970703125,530.9500122070312,530.1900024414062,530.9500122070312,22223,2026-07-28T17:10:00Z
530.905029296875,531.0499877929688,530.6099853515625,530.9949951171875,15258,2026-07-28T17:11:00Z
530.989990234375,531.52001953125,530.9099731445312,530.9500122070312,19193,2026-07-28T17:12:00Z
531.1400146484375,531.219970703125,530.3300170898438,530.72998046875,14435,2026-07-28T17:13:00Z
530.9899291992188,531.1699829101562,530.7600708007812,530.8200073242188,10595,2026-07-28T17:14:00Z
530.8900146484375,531.219970703125,530.6898803710938,531.0700073242188,27979,2026-07-28T17:15:00Z
531.0050048828125,531.0900268554688,530.72998046875,531.0599975585938,8968,2026-07-28T17:16:00Z
531.0900268554688,531.0900268554688,530.5549926757812,530.6699829101562,15721,2026-07-28T17:17:00Z
530.5999755859375,530.8900146484375,530.5999755859375,530.7899780273438,12242,2026-07-28T17:18:00Z
530.72998046875,531.114990234375,530.6500244140625,531.0750122070312,26090,2026-07-28T17:19:00Z
531.0599975585938,532.2999877929688,530.8699951171875,532.0700073242188,31549,2026-07-28T17:20:00Z
532.0,532.47998046875,531.6500244140625,531.7210083007812,11556,2026-07-28T17:21:00Z
531.7949829101562,531.989990234375,531.330078125,531.8400268554688,40513,2026-07-28T17:22:00Z
531.844970703125,532.25,531.5900268554688,531.6516723632812,15651,2026-07-28T17:23:00Z
531.6475219726562,531.8699951171875,530.8900146484375,530.9000244140625,8024,2026-07-28T17:24:00Z
530.780029296875,531.1099853515625,530.4000244140625,531.010009765625,19981,2026-07-28T17:25:00Z
531.22998046875,531.4199829101562,531.0399780273438,531.3200073242188,7407,2026-07-28T17:26:00Z
531.4199829101562,531.7349853515625,531.4099731445312,531.5,7318,2026-07-28T17:27:00Z
531.4400024414062,531.780029296875,531.219970703125,531.2249755859375,7597,2026-07-28T17:28:00Z
531.0999755859375,531.5599975585938,531.010009765625,531.010009765625,7743,2026-07-28T17:29:00Z
531.0,531.52001953125,530.760009765625,531.4650268554688,10657,2026-07-28T17:30:00Z
531.4400024414062,531.4400024414062,530.9199829101562,531.1199951171875,52049,2026-07-28T17:31:00Z
531.0349731445312,531.5700073242188,531.0349731445312,531.52001953125,16063,2026-07-28T17:32:00Z
531.4849853515625,532.1699829101562,531.2899780273438,531.885009765625,17028,2026-07-28T17:33:00Z
531.8436279296875,532.3699951171875,531.8212890625,532.0,9953,2026-07-28T17:34:00Z
532.0050048828125,532.6099853515625,532.0050048828125,532.1500244140625,13991,2026-07-28T17:35:00Z
532.0250244140625,532.0250244140625,531.4299926757812,531.4299926757812,7771,2026-07-28T17:36:00Z
531.3150024414062,531.530029296875,531.0,531.0,5021,2026-07-28T17:37:00Z
530.9600219726562,531.3350219726562,530.9500122070312,531.22998046875,11331,2026-07-28T17:38:00Z
531.2449951171875,531.2449951171875,530.6300048828125,530.7750244140625,5307,2026-07-28T17:39:00Z
530.6599731445312,531.030029296875,530.5800170898438,530.5800170898438,19171,2026-07-28T17:40:00Z
530.6099853515625,530.6099853515625,530.02099609375,530.02099609375,6541,2026-07-28T17:41:00Z
530.0999755859375,530.4199829101562,529.9500122070312,530.1199951171875,9469,2026-07-28T17:42:00Z
530.219970703125,530.260009765625,529.4099731445312,529.5549926757812,18620,2026-07-28T17:43:00Z
529.6099853515625,529.6099853515625,529.02001953125,529.2999877929688,12828,2026-07-28T17:44:00Z
529.2150268554688,529.4299926757812,528.6099853515625,528.8250122070312,13256,2026-07-28T17:45:00Z
528.8900146484375,528.97998046875,528.6306762695312,528.7667236328125,13649,2026-07-28T17:46:00Z
528.72998046875,529.1300048828125,528.1599731445312,528.239990234375,16873,2026-07-28T17:47:00Z
528.4500122070312,529.2000122070312,528.1400146484375,529.1599731445312,16305,2026-07-28T17:48:00Z
529.0499877929688,529.5997924804688,528.9600219726562,529.3800048828125,12699,2026-07-28T17:49:00Z
529.3599853515625,529.3599853515625,528.7100219726562,528.9949951171875,8985,2026-07-28T17:50:00Z
528.9149780273438,529.0150146484375,528.5399780273438,528.85498046875,5194,2026-07-28T17:51:00Z
528.8400268554688,529.02001953125,528.4199829101562,528.4199829101562,6326,2026-07-28T17:52:00Z
528.4249877929688,528.7999877929688,528.385009765625,528.6699829101562,8815,2026-07-28T17:53:00Z
528.719970703125,528.7550048828125,528.1900024414062,528.3599853515625,10609,2026-07-28T17:54:00Z
528.3099975585938,528.4600219726562,527.8400268554688,528.0499877929688,35995,2026-07-28T17:55:00Z
528.0775146484375,528.5999755859375,528.0700073242188,528.5894775390625,17957,2026-07-28T17:56:00Z
528.6099853515625,528.6099853515625,528.1400146484375,528.4398803710938,5527,2026-07-28T17:57:00Z
528.3200073242188,528.7000122070312,528.1599731445312,528.5700073242188,9340,2026-07-28T17:58:00Z
528.6649780273438,529.1099853515625,528.6649780273438,529.0900268554688,12046,2026-07-28T17:59:00Z
529.0399780273438,530.155029296875,528.8400268554688,529.9600219726562,13707,2026-07-28T18:00:00Z
529.89501953125,530.1599731445312,529.0599975585938,529.0599975585938,29829,2026-07-28T18:01:00Z
529.2050170898438,529.75,529.0900268554688,529.6799926757812,8460,2026-07-28T18:02:00Z
529.635009765625,529.8099975585938,529.02001953125,529.8099975585938,216822,2026-07-28T18:03:00Z
529.739990234375,529.82958984375,529.4199829101562,529.82958984375,5448,2026-07-28T18:04:00Z
529.8400268554688,529.989990234375,529.47998046875,529.6306762695312,5589,2026-07-28T18:05:00Z
529.5999755859375,529.8099975585938,529.3900146484375,529.405029296875,5126,2026-07-28T18:06:00Z
529.2999877929688,529.3599853515625,528.719970703125,529.0399780273438,8432,2026-07-28T18:07:00Z
528.8599853515625,529.0499877929688,528.7000122070312,528.7999877929688,10780,2026-07-28T18:08:00Z
528.739990234375,529.02001953125,528.7000122070312,528.826904296875,9240,2026-07-28T18:09:00Z
528.7899780273438,528.8900146484375,528.510009765625,528.6699829101562,6700,2026-07-28T18:10:00Z
528.760009765625,528.760009765625,528.260009765625,528.4749755859375,4904,2026-07-28T18:11:00Z
528.4500122070312,528.9099731445312,528.4099731445312,528.739990234375,16541,2026-07-28T18:12:00Z
528.7000122070312,528.9400024414062,528.1500244140625,528.5800170898438,12364,2026-07-28T18:13:00Z
528.5399780273438,528.6599731445312,528.0,528.030029296875,17523,2026-07-28T18:14:00Z
528.0700073242188,528.5499877929688,527.8200073242188,528.5499877929688,16364,2026-07-28T18:15:00Z
528.8499755859375,529.1400146484375,528.4301147460938,529.1199951171875,14736,2026-07-28T18:16:00Z
529.02001953125,529.0549926757812,528.25,528.4550170898438,7755,2026-07-28T18:17:00Z
528.4849853515625,528.5599975585938,528.1600952148438,528.260009765625,29273,2026-07-28T18:18:00Z
528.2949829101562,528.625,528.0003051757812,528.625,9124,2026-07-28T18:19:00Z
528.635009765625,528.9600219726562,528.3599853515625,528.9600219726562,10465,2026-07-28T18:20:00Z
529.030029296875,529.1199951171875,528.3499755859375,528.6300048828125,16540,2026-07-28T18:21:00Z
528.6300048828125,528.8800048828125,528.3200073242188,528.8300170898438,8974,2026-07-28T18:22:00Z
528.8699951171875,528.9500122070312,528.2999877929688,528.5999755859375,3099,2026-07-28T18:23:00Z
528.5499877929688,528.8099975585938,528.4500122070312,528.5999755859375,3886,2026-07-28T18:24:00Z
528.3200073242188,528.7899780273438,528.3200073242188,528.4749755859375,5385,2026-07-28T18:25:00Z
528.7449951171875,528.7449951171875,528.3499755859375,528.489990234375,6056,2026-07-28T18:26:00Z
528.3800048828125,528.4295043945312,527.8599853515625,527.8900146484375,13277,2026-07-28T18:27:00Z
527.9600219726562,528.3300170898438,527.8300170898438,527.8800048828125,10953,2026-07-28T18:28:00Z
528.2100219726562,528.2100219726562,528.001708984375,528.001708984375,5854,2026-07-28T18:29:00Z
528.22998046875,528.905029296875,528.1599731445312,528.3800048828125,14476,2026-07-28T18:30:00Z
528.5999755859375,528.6300048828125,528.2025146484375,528.3900146484375,11303,2026-07-28T18:31:00Z
528.4749755859375,528.7899780273438,528.469970703125,528.7050170898438,8894,2026-07-28T18:32:00Z
528.6749877929688,529.5750122070312,528.6749877929688,529.5650024414062,33557,2026-07-28T18:33:00Z
529.6199951171875,529.9000244140625,528.97998046875,528.97998046875,13850,2026-07-28T18:34:00Z
528.9000244140625,529.4099731445312,528.5999755859375,529.4099731445312,6767,2026-07-28T18:35:00Z
529.5399780273438,529.5599975585938,529.0501098632812,529.2050170898438,7133,2026-07-28T18:36:00Z
529.2000122070312,529.469970703125,529.1199951171875,529.469970703125,6961,2026-07-28T18:37:00Z
529.4650268554688,529.75,529.280029296875,529.6295166015625,35823,2026-07-28T18:38:00Z
529.4500122070312,529.4500122070312,528.8599853515625,528.905029296875,18713,2026-07-28T18:39:00Z
528.9400024414062,529.125,528.7000122070312,528.8699951171875,19044,2026-07-28T18:40:00Z
528.9349975585938,528.9400024414062,528.5399780273438,528.8499755859375,8168,2026-07-28T18:41:00Z
528.7000122070312,528.9299926757812,528.469970703125,528.5,11535,2026-07-28T18:42:00Z
528.489990234375,528.8350219726562,528.1500244140625,528.760009765625,25662,2026-07-28T18:43:00Z
528.739990234375,529.2000122070312,528.52001953125,528.97998046875,9371,2026-07-28T18:44:00Z
529.0700073242188,529.3099975585938,528.6900024414062,529.3099975585938,10093,2026-07-28T18:45:00Z
529.22998046875,529.6445922851562,529.1199951171875,529.6445922851562,11433,2026-07-28T18:46:00Z
529.719970703125,530.0999755859375,529.510009765625,529.6500244140625,24523,2026-07-28T18:47:00Z
529.4901123046875,529.6799926757812,529.1104736328125,529.2999877929688,8749,2026-07-28T18:48:00Z
529.1849975585938,529.4299926757812,529.030029296875,529.2150268554688,16126,2026-07-28T18:49:00Z
529.239990234375,529.8099975585938,529.239990234375,529.71142578125,12062,2026-07-28T18:50:00Z
529.75,530.2100219726562,529.6400146484375,529.6400146484375,13128,2026-07-28T18:51:00Z
529.72998046875,529.760009765625,529.0800170898438,529.0900268554688,6510,2026-07-28T18:52:00Z
529.1400146484375,529.3200073242188,528.8699951171875,528.8699951171875,12375,2026-07-28T18:53:00Z
528.9500122070312,529.280029296875,528.8400268554688,529.14501953125,23969,2026-07-28T18:54:00Z
529.1400146484375,529.6500244140625,528.6799926757812,529.6300048828125,26244,2026-07-28T18:55:00Z
529.6199951171875,529.75,529.3699951171875,529.6300048828125,16447,2026-07-28T18:56:00Z
529.6300048828125,530.1099853515625,529.5700073242188,529.8200073242188,24920,2026-07-28T18:57:00Z
529.760009765625,530.1400146484375,529.510009765625,529.989990234375,19920,2026-07-28T18:58:00Z
530.0795288085938,530.1900024414062,529.97998046875,530.010009765625,19087,2026-07-28T18:59:00Z
529.89501953125,531.1300048828125,529.89501953125,531.02001953125,194688,2026-07-28T19:00:00Z
530.9299926757812,531.5,530.9099731445312,531.4099731445312,38351,2026-07-28T19:01:00Z
531.405029296875,531.7100219726562,531.0800170898438,531.47998046875,28827,2026-07-28T19:02:00Z
531.530029296875,532.3200073242188,531.4550170898438,531.97998046875,40096,2026-07-28T19:03:00Z
531.9500122070312,532.4000244140625,531.8305053710938,532.3200073242188,28545,2026-07-28T19:04:00Z
532.2000122070312,532.760009765625,531.8300170898438,532.7349853515625,34007,2026-07-28T19:05:00Z
532.6599731445312,532.9149780273438,531.4099731445312,531.60498046875,39853,2026-07-28T19:06:00Z
531.719970703125,532.489990234375,531.5399780273438,531.5399780273438,43995,2026-07-28T19:07:00Z
531.4500122070312,531.6199951171875,530.9926147460938,531.2449951171875,28925,2026-07-28T19:08:00Z
531.2899780273438,531.8300170898438,531.2899780273438,531.5700073242188,31892,2026-07-28T19:09:00Z
531.4299926757812,532.25,531.22998046875,532.0250244140625,44498,2026-07-28T19:10:00Z
531.9400024414062,532.4199829101562,531.739990234375,532.4199829101562,37144,2026-07-28T19:11:00Z
532.4000244140625,532.4000244140625,531.52001953125,531.52001953125,23397,2026-07-28T19:12:00Z
531.4400024414062,532.510009765625,531.4299926757812,532.510009765625,59088,2026-07-28T19:13:00Z
532.489990234375,532.6400146484375,532.2100219726562,532.6199951171875,39874,2026-07-28T19:14:00Z
532.489990234375,532.9199829101562,531.9299926757812,532.0599975585938,35041,2026-07-28T19:15:00Z
532.0449829101562,532.3900146484375,531.6917724609375,531.6917724609375,31358,2026-07-28T19:16:00Z
531.8499755859375,532.0,531.3350219726562,531.5700073242188,26776,2026-07-28T19:17:00Z
531.6699829101562,532.510009765625,531.6699829101562,532.1500244140625,16308,2026-07-28T19:18:00Z
532.25,533.1099853515625,532.25,532.9149780273438,19603,2026-07-28T19:19:00Z
532.97998046875,533.25,532.590087890625,533.25,60651,2026-07-28T19:20:00Z
533.25,533.530029296875,532.8300170898438,532.864990234375,12534,2026-07-28T19:21:00Z
532.969970703125,534.3400268554688,532.969970703125,534.260009765625,24682,2026-07-28T19:22:00Z
534.2650146484375,534.7000122070312,534.2650146484375,534.2899780273438,22416,2026-07-28T19:23:00Z
534.2899780273438,534.8099975585938,534.2000122070312,534.75,12380,2026-07-28T19:24:00Z
534.8099975585938,535.0,534.1099853515625,534.4000244140625,32135,2026-07-28T19:25:00Z
534.4199829101562,534.719970703125,533.5900268554688,533.989013671875,33242,2026-07-28T19:26:00Z
533.9600219726562,534.0399780273438,533.0599975585938,533.6699829101562,52999,2026-07-28T19:27:00Z
533.6849975585938,534.7199096679688,533.6799926757812,534.7199096679688,19736,2026-07-28T19:28:00Z
534.5850219726562,534.8499755859375,534.37841796875,534.6900024414062,17200,2026-07-28T19:29:00Z
534.7999877929688,535.0800170898438,534.0700073242188,534.4450073242188,43507,2026-07-28T19:30:00Z
534.25,535.2550048828125,534.114990234375,534.3991088867188,31361,2026-07-28T19:31:00Z
534.2899780273438,534.510009765625,533.6104736328125,533.9149780273438,30295,2026-07-28T19:32:00Z
534.02001953125,534.0900268554688,533.5800170898438,533.8699951171875,20844,2026-07-28T19:33:00Z
533.8699951171875,534.25,533.7000122070312,533.8400268554688,30115,2026-07-28T19:34:00Z
533.8699951171875,533.8699951171875,532.219970703125,532.239990234375,20880,2026-07-28T19:35:00Z
532.2150268554688,532.2150268554688,531.5900268554688,531.7100219726562,24396,2026-07-28T19:36:00Z
531.5650024414062,531.7100219726562,531.0,531.4000244140625,22855,2026-07-28T19:37:00Z
531.344970703125,531.6300048828125,531.0999755859375,531.4400024414062,36518,2026-07-28T19:38:00Z
531.510009765625,531.6599731445312,530.8900146484375,531.2000122070312,17027,2026-07-28T19:39:00Z
531.2044067382812,531.5900268554688,530.8800048828125,531.390625,15394,2026-07-28T19:40:00Z
531.3350219726562,531.6699829101562,531.1300048828125,531.5999755859375,19803,2026-07-28T19:41:00Z
531.5599975585938,531.969970703125,531.04052734375,531.3800048828125,33759,2026-07-28T19:42:00Z
531.239990234375,531.5399780273438,531.1400146484375,531.3200073242188,65747,2026-07-28T19:43:00Z
531.3499755859375,531.469970703125,530.8900146484375,531.4000244140625,46524,2026-07-28T19:44:00Z
531.4000244140625,531.6199951171875,530.8499755859375,531.1400146484375,33520,2026-07-28T19:45:00Z
531.0399780273438,531.1300048828125,530.739990234375,531.030029296875,31745,2026-07-28T19:46:00Z
530.989990234375,531.7750244140625,530.989990234375,531.3900146484375,91137,2026-07-28T19:47:00Z
531.3900146484375,531.7899780273438,531.1400146484375,531.6199951171875,51829,2026-07-28T19:48:00Z
531.6199951171875,532.1699829101562,531.3800048828125,532.10498046875,53399,2026-07-28T19:49:00Z
532.0399780273438,532.280029296875,531.106201171875,531.4000244140625,106529,2026-07-28T19:50:00Z
531.114990234375,531.489990234375,531.0,531.260009765625,54001,2026-07-28T19:51:00Z
531.3300170898438,531.6799926757812,531.0399780273438,531.5999755859375,116200,2026-07-28T19:52:00Z
531.60498046875,532.3300170898438,531.5349731445312,532.3099975585938,144177,2026-07-28T19:53:00Z
532.3200073242188,533.3800048828125,532.3099975585938,533.239990234375,197142,2026-07-28T19:54:00Z
533.1400146484375,533.1400146484375,530.8400268554688,531.5,158861,2026-07-28T19:55:00Z
531.47998046875,531.8400268554688,530.47998046875,530.5399780273438,114349,2026-07-28T19:56:00Z
530.510009765625,530.6900024414062,530.0499877929688,530.239990234375,153643,2026-07-28T19:57:00Z
530.25,530.27001953125,529.6799926757812,529.9000244140625,156031,2026-07-28T19:58:00Z
529.9099731445312,530.1199951171875,528.8800048828125,529.0,184446,2026-07-28T19:59:00Z
525.302001953125,527.5999755859375,524.1799926757812,524.5999755859375,344081,2026-07-29T13:30:00Z
524.1799926757812,526.3099975585938,523.780029296875,525.1799926757812,59115,2026-07-29T13:31:00Z
525.25,528.1300048828125,524.6500244140625,527.25,111069,2026-07-29T13:32:00Z
527.280029296875,529.0999755859375,527.0,529.0999755859375,41934,2026-07-29T13:33:00Z
529.3599853515625,531.0999755859375,529.3599853515625,530.2249755859375,73600,2026-07-29T13:34:00Z
530.4600219726562,532.1400146484375,529.9000244140625,531.3599853515625,98683,2026-07-29T13:35:00Z
531.260009765625,531.3699951171875,528.3300170898438,528.9000244140625,88064,2026-07-29T13:36:00Z
528.9000244140625,529.0599975585938,527.469970703125,528.7449951171875,59059,2026-07-29T13:37:00Z
528.8699951171875,530.3300170898438,527.0800170898438,527.0800170898438,20956,2026-07-29T13:38:00Z
527.4249877929688,527.5700073242188,526.239990234375,527.0399780273438,22313,2026-07-29T13:39:00Z
526.75,528.1199951171875,525.6356201171875,526.6300048828125,25882,2026-07-29T13:40:00Z
527.280029296875,528.0900268554688,526.2349853515625,527.5599975585938,39051,2026-07-29T13:41:00Z
527.4600219726562,527.8800048828125,526.4099731445312,527.3250122070312,29044,2026-07-29T13:42:00Z
527.2100219726562,527.878173828125,526.469970703125,526.8900146484375,42182,2026-07-29T13:43:00Z
526.8900146484375,528.9299926757812,526.8699951171875,528.9299926757812,50970,2026-07-29T13:44:00Z
528.844970703125,529.3099975585938,527.0900268554688,528.1900024414062,59040,2026-07-29T13:45:00Z
528.135009765625,528.5999755859375,526.260009765625,526.6900024414062,28018,2026-07-29T13:46:00Z
526.6199951171875,527.0999755859375,523.989990234375,525.0599975585938,79568,2026-07-29T13:47:00Z
525.0399780273438,526.1099853515625,524.2349853515625,524.2349853515625,36747,2026-07-29T13:48:00Z
524.1500244140625,525.4099731445312,523.9149780273438,524.9000244140625,35626,2026-07-29T13:49:00Z
525.469970703125,525.469970703125,522.510009765625,522.77001953125,32042,2026-07-29T13:50:00Z
522.510009765625,522.510009765625,520.239990234375,520.5399780273438,33338,2026-07-29T13:51:00Z
520.5050048828125,521.030029296875,519.5,519.9400024414062,49995,2026-07-29T13:52:00Z
520.0499877929688,521.530029296875,519.1599731445312,521.25,30322,2026-07-29T13:53:00Z
521.3599853515625,521.7349853515625,519.8900146484375,520.5800170898438,91890,2026-07-29T13:54:00Z
520.5399780273438,520.5399780273438,518.0900268554688,518.6500244140625,69824,2026-07-29T13:55:00Z
518.5800170898438,518.7000122070312,517.1599731445312,517.260009765625,36727,2026-07-29T13:56:00Z
517.3049926757812,517.5989990234375,516.3800048828125,517.1199951171875,37788,2026-07-29T13:57:00Z
517.2750244140625,518.5700073242188,517.2750244140625,518.469970703125,30109,2026-07-29T13:58:00Z
518.7000122070312,519.5999755859375,518.0700073242188,518.6099853515625,31464,2026-07-29T13:59:00Z
518.7999877929688,520.2899780273438,518.385009765625,519.510009765625,33626,2026-07-29T14:00:00Z
519.1400146484375,520.2941284179688,518.5,519.0250244140625,22202,2026-07-29T14:01:00Z
519.1500244140625,520.6799926757812,519.135009765625,520.2012939453125,26826,2026-07-29T14:02:00Z
519.9199829101562,520.6599731445312,519.469970703125,519.6099853515625,57317,2026-07-29T14:03:00Z
519.2100219726562,520.6199951171875,518.7899780273438,520.260009765625,68506,2026-07-29T14:04:00Z
520.260009765625,521.905029296875,520.1300048828125,520.8699951171875,39465,2026-07-29T14:05:00Z
520.3800048828125,521.5399780273438,519.6699829101562,519.8699951171875,89184,2026-07-29T14:06:00Z
519.8049926757812,519.8049926757812,517.760009765625,519.6599731445312,29202,2026-07-29T14:07:00Z
519.7999877929688,520.010009765625,518.0399780273438,518.97998046875,24431,2026-07-29T14:08:00Z
518.9561157226562,519.5549926757812,518.219970703125,518.5,16217,2026-07-29T14:09:00Z
518.260009765625,518.739990234375,517.1699829101562,518.405029296875,20119,2026-07-29T14:10:00Z
518.1799926757812,519.3900146484375,518.0800170898438,519.0750122070312,19644,2026-07-29T14:11:00Z
519.1799926757812,519.77001953125,515.9849853515625,516.3300170898438,25922,2026-07-29T14:12:00Z
516.2000122070312,516.6900024414062,515.5601196289062,516.614990234375,49671,2026-07-29T14:13:00Z
516.75,516.760009765625,515.5399780273438,515.9000244140625,19460,2026-07-29T14:14:00Z
516.0399780273438,517.2100219726562,515.830078125,516.4299926757812,38558,2026-07-29T14:15:00Z
516.510009765625,517.72998046875,516.510009765625,516.969970703125,13277,2026-07-29T14:16:00Z
517.5499877929688,517.5499877929688,516.27001953125,516.5451049804688,6578,2026-07-29T14:17:00Z
516.4400024414062,517.4099731445312,516.1199951171875,516.9000244140625,19164,2026-07-29T14:18:00Z
516.6900024414062,517.0700073242188,516.22998046875,516.5499877929688,14742,2026-07-29T14:19:00Z
516.3200073242188,517.2000122070312,516.0,516.7150268554688,14533,2026-07-29T14:20:00Z
516.6300048828125,517.7899780273438,516.6300048828125,517.780029296875,21655,2026-07-29T14:21:00Z
517.4500122070312,517.4598999023438,516.6099853515625,516.6099853515625,12733,2026-07-29T14:22:00Z
516.6500244140625,516.7999877929688,515.5700073242188,515.72998046875,21822,2026-07-29T14:23:00Z
515.3900146484375,515.5999755859375,513.8599853515625,514.75,48646,2026-07-29T14:24:00Z
514.9500122070312,514.9500122070312,512.969970703125,513.0198974609375,22421,2026-07-29T14:25:00Z
512.780029296875,513.010009765625,511.6471862792969,512.260009765625,38218,2026-07-29T14:26:00Z
511.9700012207031,512.239990234375,511.2222900390625,511.8599853515625,31391,2026-07-29T14:27:00Z
511.88360595703125,512.7523803710938,511.8299865722656,512.6400146484375,35434,2026-07-29T14:28:00Z
512.6500244140625,513.3499755859375,512.489990234375,512.5399780273438,26039,2026-07-29T14:29:00Z
512.8099975585938,513.8900146484375,512.5,513.7100219726562,29217,2026-07-29T14:30:00Z
513.719970703125,513.9099731445312,513.0,513.489990234375,27025,2026-07-29T14:31:00Z
513.530029296875,514.6950073242188,513.530029296875,514.5900268554688,93414,2026-07-29T14:32:00Z
514.6099853515625,515.2993774414062,513.9099731445312,514.0800170898438,49863,2026-07-29T14:33:00Z
513.9199829101562,514.2000122070312,513.1900024414062,513.625,55991,2026-07-29T14:34:00Z
513.5,513.52001953125,512.6500244140625,513.4199829101562,31940,2026-07-29T14:35:00Z
513.3150024414062,513.6199951171875,512.7000122070312,513.0900268554688,25007,2026-07-29T14:36:00Z
513.027099609375,513.027099609375,512.0,512.4299926757812,19896,2026-07-29T14:37:00Z
512.280029296875,512.8800048828125,511.80999755859375,512.6799926757812,14932,2026-07-29T14:38:00Z
512.3800048828125,512.6300048828125,510.6192932128906,510.9200134277344,108040,2026-07-29T14:39:00Z
510.8999938964844,510.9200134277344,509.6000061035156,510.1499938964844,54747,2026-07-29T14:40:00Z
510.2850036621094,511.30999755859375,509.760009765625,510.0,39463,2026-07-29T14:41:00Z
509.9106140136719,509.9106140136719,509.0299987792969,509.2900085449219,44700,2026-07-29T14:42:00Z
509.3900146484375,509.92999267578125,509.1700134277344,509.5,34741,2026-07-29T14:43:00Z
509.3800048828125,509.94000244140625,508.9700012207031,509.6600036621094,31533,2026-07-29T14:44:00Z
509.44000244140625,510.1789855957031,509.2300109863281,509.7850036621094,28490,2026-07-29T14:45:00Z
509.70001220703125,510.3030090332031,509.17999267578125,510.17999267578125,39080,2026-07-29T14:46:00Z
510.25,511.20001220703125,510.23040771484375,510.55999755859375,29930,2026-07-29T14:47:00Z
510.29998779296875,510.29998779296875,509.7099914550781,510.0150146484375,17448,2026-07-29T14:48:00Z
510.2099914550781,512.3900146484375,510.1000061035156,511.92999267578125,38221,2026-07-29T14:49:00Z
512.1699829101562,512.8400268554688,511.8599853515625,512.6699829101562,30214,2026-07-29T14:50:00Z
512.5800170898438,513.27001953125,511.739990234375,511.9599914550781,19330,2026-07-29T14:51:00Z
512.25,514.22998046875,512.25,513.6599731445312,40134,2026-07-29T14:52:00Z
513.3599853515625,513.8099975585938,512.9232177734375,513.4400024414062,21371,2026-07-29T14:53:00Z
513.3300170898438,513.6314086914062,512.489990234375,513.0599975585938,18224,2026-07-29T14:54:00Z
513.1599731445312,513.4299926757812,511.8500061035156,511.8599853515625,21774,2026-07-29T14:55:00Z
511.5299987792969,511.8999938964844,511.42999267578125,511.69000244140625,15912,2026-07-29T14:56:00Z
511.7300109863281,512.5499877929688,511.42999267578125,511.75,17754,2026-07-29T14:57:00Z
511.739990234375,513.4400024414062,511.6199951171875,513.4299926757812,35788,2026-07-29T14:58:00Z
513.4400024414062,514.654296875,513.4400024414062,513.8458862304688,29335,2026-07-29T14:59:00Z
513.719970703125,514.780029296875,513.1599731445312,513.6099853515625,19324,2026-07-29T15:00:00Z
513.3499755859375,514.5,513.280029296875,514.5,27630,2026-07-29T15:01:00Z
514.3900146484375,516.1500244140625,514.3900146484375,515.3599853515625,45385,2026-07-29T15:02:00Z
515.2999877929688,516.0599975585938,515.10498046875,515.760009765625,26854,2026-07-29T15:03:00Z
515.7100219726562,516.1099853515625,515.25,516.1099853515625,27913,2026-07-29T15:04:00Z
516.3200073242188,516.3200073242188,514.0599975585938,515.3099975585938,27955,2026-07-29T15:05:00Z
515.4099731445312,516.489990234375,514.6950073242188,514.7999877929688,36432,2026-07-29T15:06:00Z
514.5,515.719970703125,514.489990234375,515.3900146484375,20707,2026-07-29T15:07:00Z
515.2849731445312,516.4400024414062,514.6400146484375,514.6400146484375,36290,2026-07-29T15:08:00Z
514.5,515.1500244140625,514.1099853515625,515.1199951171875,25008,2026-07-29T15:09:00Z
515.1900024414062,515.510009765625,513.8499755859375,513.89501953125,48335,2026-07-29T15:10:00Z
513.75,513.7999877929688,511.9549865722656,512.5800170898438,47426,2026-07-29T15:11:00Z
512.5900268554688,513.47998046875,512.5800170898438,512.9099731445312,32542,2026-07-29T15:12:00Z
512.9949951171875,513.6799926757812,512.5549926757812,512.7899780273438,24815,2026-07-29T15:13:00Z
512.969970703125,513.1799926757812,511.8550109863281,512.3499755859375,44950,2026-07-29T15:14:00Z
512.4099731445312,513.344970703125,511.9200134277344,513.344970703125,24602,2026-07-29T15:15:00Z
513.1500244140625,514.0,512.7899780273438,513.6749877929688,18579,2026-07-29T15:16:00Z
513.5499877929688,513.8900146484375,512.6699829101562,513.7698974609375,25436,2026-07-29T15:17:00Z
513.8099975585938,514.3499755859375,513.5800170898438,513.75,26614,2026-07-29T15:18:00Z
513.8900146484375,514.0650024414062,512.1500244140625,512.1599731445312,107669,2026-07-29T15:19:00Z
511.8999938964844,512.5700073242188,511.55499267578125,512.114990234375,13316,2026-07-29T15:20:00Z
512.2899780273438,512.6900024414062,511.7300109863281,512.3599853515625,12622,2026-07-29T15:21:00Z
512.3900146484375,512.6400146484375,511.9800109863281,512.6300048828125,8033,2026-07-29T15:22:00Z
512.6749877929688,513.0700073242188,512.614990234375,513.0700073242188,7024,2026-07-29T15:23:00Z
513.2427978515625,513.489990234375,512.6099853515625,513.489990234375,7824,2026-07-29T15:24:00Z
513.3800048828125,513.5700073242188,512.625,513.080078125,8700,2026-07-29T15:25:00Z
513.1199951171875,513.8499755859375,512.2550048828125,512.5700073242188,7152,2026-07-29T15:26:00Z
512.75,512.9000244140625,512.0,512.0,6622,2026-07-29T15:27:00Z
512.219970703125,512.2999877929688,511.7984924316406,512.1594848632812,6324,2026-07-29T15:28:00Z
512.280029296875,512.3400268554688,511.3399963378906,511.43499755859375,9525,2026-07-29T15:29:00Z
511.3399963378906,511.75,510.80010986328125,511.6499938964844,13582,2026-07-29T15:30:00Z
511.79998779296875,511.82000732421875,510.73651123046875,511.42999267578125,17624,2026-07-29T15:31:00Z
511.2799987792969,511.5,510.9700012207031,511.2550048828125,8506,2026-07-29T15:32:00Z
511.2284851074219,511.92498779296875,510.7300109863281,511.92498779296875,6336,2026-07-29T15:33:00Z
511.6449890136719,511.95001220703125,510.8299865722656,511.29998779296875,5499,2026-07-29T15:34:00Z
511.4425048828125,511.9200134277344,511.1600036621094,511.7300109863281,5698,2026-07-29T15:35:00Z
511.7799987792969,511.8699951171875,511.3550109863281,511.7099914550781,9154,2026-07-29T15:36:00Z
511.79998779296875,512.135009765625,511.19000244140625,511.2950134277344,8910,2026-07-29T15:37:00Z
511.1200866699219,511.5299987792969,510.3500061035156,510.54998779296875,21299,2026-07-29T15:38:00Z
510.55499267578125,510.6400146484375,509.8800048828125,509.8800048828125,23913,2026-07-29T15:39:00Z
509.8800048828125,510.239990234375,509.75,510.1000061035156,17146,2026-07-29T15:40:00Z
510.0799865722656,510.8500061035156,510.0799865722656,510.3500061035156,28418,2026-07-29T15:41:00Z
510.489990234375,510.760009765625,510.0,510.0,5686,2026-07-29T15:42:00Z
509.95001220703125,510.0899963378906,509.6000061035156,509.7099914550781,10238,2026-07-29T15:43:00Z
509.7799987792969,510.3340148925781,509.70001220703125,510.1000061035156,18326,2026-07-29T15:44:00Z
510.05999755859375,510.26611328125,509.44000244140625,509.5350036621094,9405,2026-07-29T15:45:00Z
509.8500061035156,510.3500061035156,509.8500061035156,510.3500061035156,7894,2026-07-29T15:46:00Z
510.2178955078125,510.3900146484375,509.79998779296875,510.07501220703125,5159,2026-07-29T15:47:00Z
510.125,510.67999267578125,510.0799865722656,510.0899963378906,10001,2026-07-29T15:48:00Z
510.0,510.25,509.7149963378906,510.25,6636,2026-07-29T15:49:00Z
510.375,510.375,509.70001220703125,510.1969909667969,5459,2026-07-29T15:50:00Z
510.1400146484375,510.3399963378906,510.05010986328125,510.1199951171875,6347,2026-07-29T15:51:00Z
510.30999755859375,510.30999755859375,509.6199951171875,510.18499755859375,19544,2026-07-29T15:52:00Z
510.20001220703125,510.3399963378906,508.8999938964844,509.32501220703125,14042,2026-07-29T15:53:00Z
509.32501220703125,509.4200134277344,507.69000244140625,508.125,43002,2026-07-29T15:54:00Z
508.2099914550781,508.2099914550781,507.4700012207031,507.7300109863281,18979,2026-07-29T15:55:00Z
507.6000061035156,508.0199890136719,507.20001220703125,508.0199890136719,22568,2026-07-29T15:56:00Z
507.8599853515625,508.5299987792969,507.8599853515625,508.5295104980469,21705,2026-07-29T15:57:00Z
508.1700134277344,508.4595031738281,508.0,508.3349914550781,159716,2026-07-29T15:58:00Z
508.3999938964844,509.4599914550781,508.3999938964844,509.42999267578125,68105,2026-07-29T15:59:00Z
509.3399963378906,510.4200134277344,508.7200012207031,508.7200012207031,63608,2026-07-29T16:00:00Z
508.7250061035156,508.8599853515625,507.864990234375,508.44000244140625,21166,2026-07-29T16:01:00Z
508.2900085449219,508.2900085449219,507.5400085449219,508.0899963378906,19806,2026-07-29T16:02:00Z
508.0199890136719,508.0199890136719,507.510009765625,507.7300109863281,16757,2026-07-29T16:03:00Z
507.57000732421875,507.57000732421875,506.7099914550781,506.76361083984375,31375,2026-07-29T16:04:00Z
506.760009765625,506.760009765625,505.6300048828125,506.0107116699219,49886,2026-07-29T16:05:00Z
506.0899963378906,506.4800109863281,505.7049865722656,505.9800109863281,29115,2026-07-29T16:06:00Z
505.9949951171875,506.69000244140625,505.760009765625,506.64599609375,30850,2026-07-29T16:07:00Z
506.69000244140625,507.0,506.3500061035156,506.8699951171875,19119,2026-07-29T16:08:00Z
506.7799987792969,507.0899963378906,506.2409973144531,506.79998779296875,23174,2026-07-29T16:09:00Z
506.9599914550781,507.2799987792969,506.5799865722656,507.1099853515625,17810,2026-07-29T16:10:00Z
507.07000732421875,507.5299987792969,506.4700012207031,506.4700012207031,23851,2026-07-29T16:11:00Z
506.6600036621094,507.05999755859375,506.6000061035156,506.739013671875,20566,2026-07-29T16:12:00Z
506.6600036621094,507.0299987792969,505.8999938964844,505.9620056152344,34669,2026-07-29T16:13:00Z
506.07000732421875,506.32501220703125,505.29998779296875,505.4169006347656,30679,2026-07-29T16:14:00Z
505.4599914550781,506.239990234375,505.1300048828125,506.11279296875,33585,2026-07-29T16:15:00Z
506.1400146484375,506.1400146484375,505.4800109863281,505.6600036621094,16061,2026-07-29T16:16:00Z
505.6600036621094,506.3800048828125,505.2200012207031,506.260009765625,29949,2026-07-29T16:17:00Z
506.1300048828125,506.67999267578125,506.010009765625,506.6700134277344,13320,2026-07-29T16:18:00Z
506.739990234375,506.8399963378906,506.5,506.6499938964844,14766,2026-07-29T16:19:00Z
506.6600036621094,507.1400146484375,506.2300109863281,507.1000061035156,12246,2026-07-29T16:20:00Z
507.20001220703125,507.635009765625,506.7300109863281,506.7478942871094,11272,2026-07-29T16:21:00Z
507.0,507.70001220703125,506.989990234375,507.6400146484375,6192,2026-07-29T16:22:00Z
507.3699951171875,508.6000061035156,507.3699951171875,507.8999938964844,21951,2026-07-29T16:23:00Z
508.010009765625,508.6499938964844,507.635009765625,508.05499267578125,37466,2026-07-29T16:24:00Z
508.06500244140625,508.82000732421875,508.05499267578125,508.3999938964844,20339,2026-07-29T16:25:00Z
508.3900146484375,509.0,508.3599853515625,508.989990234375,28072,2026-07-29T16:26:00Z
508.8999938964844,509.05999755859375,508.3800048828125,508.42999267578125,16733,2026-07-29T16:27:00Z
508.42498779296875,509.54998779296875,508.260009765625,509.3599853515625,37734,2026-07-29T16:28:00Z
509.1600036621094,509.4150085449219,509.1000061035156,509.30999755859375,9048,2026-07-29T16:29:00Z
509.2120056152344,510.2300109863281,509.1449890136719,509.94000244140625,51169,2026-07-29T16:30:00Z
509.8949890136719,510.2799987792969,509.0,509.5899963378906,26753,2026-07-29T16:31:00Z
509.3900146484375,509.55999755859375,508.5799865722656,508.82000732421875,12660,2026-07-29T16:32:00Z
508.8399963378906,509.3500061035156,508.82000732421875,509.17999267578125,16627,2026-07-29T16:33:00Z
509.1700134277344,509.6000061035156,508.260009765625,508.44000244140625,19907,2026-07-29T16:34:00Z
508.260009765625,508.260009765625,507.260009765625,507.70001220703125,24855,2026-07-29T16:35:00Z
507.5848083496094,507.92999267578125,507.2200012207031,507.3999938964844,27837,2026-07-29T16:36:00Z
507.42999267578125,508.30999755859375,507.2355041503906,508.30999755859375,19601,2026-07-29T16:37:00Z
508.2900085449219,508.57000732421875,508.0199890136719,508.2799987792969,14741,2026-07-29T16:38:00Z
508.3699951171875,508.9200134277344,508.25,508.875,27419,2026-07-29T16:39:00Z
508.6600036621094,509.0,508.19000244140625,508.7200012207031,14905,2026-07-29T16:40:00Z
509.0899963378906,509.2900085449219,508.7250061035156,508.7250061035156,17398,2026-07-29T16:41:00Z
508.65350341796875,508.75,507.6099853515625,508.1400146484375,16505,2026-07-29T16:42:00Z
507.9800109863281,508.0299987792969,507.2799987792969,507.3402099609375,12354,2026-07-29T16:43:00Z
507.3550109863281,507.70001220703125,507.2200012207031,507.6700134277344,13451,2026-07-29T16:44:00Z
507.69000244140625,507.7300109863281,507.375,507.6199951171875,16407,2026-07-29T16:45:00Z
507.57000732421875,507.8800048828125,507.5299987792969,507.7099914550781,15537,2026-07-29T16:46:00Z
507.7699890136719,508.7799987792969,507.7149963378906,508.6300048828125,21922,2026-07-29T16:47:00Z
508.6499938964844,508.82000732421875,508.2304992675781,508.3900146484375,11320,2026-07-29T16:48:00Z
508.3800048828125,509.25,508.239990234375,508.9200134277344,14945,2026-07-29T16:49:00Z
509.05999755859375,509.3800048828125,508.32000732421875,508.7900085449219,14350,2026-07-29T16:50:00Z
509.0199890136719,509.1700134277344,508.69000244140625,508.7300109863281,11097,2026-07-29T16:51:00Z
508.739990234375,509.7900085449219,508.4700012207031,509.6199951171875,17091,2026-07-29T16:52:00Z
509.6300048828125,509.8345947265625,509.30999755859375,509.510009765625,16542,2026-07-29T16:53:00Z
509.510009765625,509.6400146484375,508.79998779296875,509.1499938964844,15941,2026-07-29T16:54:00Z
509.0899963378906,509.5799865722656,508.95001220703125,509.2650146484375,22273,2026-07-29T16:55:00Z
509.1951904296875,509.6400146484375,508.9949951171875,509.6400146484375,12155,2026-07-29T16:56:00Z
509.5849914550781,510.0899963378906,509.375,509.6600036621094,19936,2026-07-29T16:57:00Z
509.7250061035156,509.9100036621094,509.1632080078125,509.3999938964844,20929,2026-07-29T16:58:00Z
509.5899963378906,510.1499938964844,509.4700012207031,510.1499938964844,20318,2026-07-29T16:59:00Z
510.239990234375,510.6700134277344,509.8900146484375,510.57220458984375,17893,2026-07-29T17:00:00Z
510.5199890136719,511.1499938964844,510.5050048828125,510.739990234375,21988,2026-07-29T17:01:00Z
510.7950134277344,511.260009765625,510.7200012207031,510.9200134277344,36187,2026-07-29T17:02:00Z
510.7200012207031,511.760009765625,510.5799865722656,511.7200012207031,34697,2026-07-29T17:03:00Z
511.6099853515625,512.114990234375,511.42999267578125,511.95001220703125,46585,2026-07-29T17:04:00Z
511.95001220703125,512.0499877929688,511.0810852050781,511.2699890136719,20023,2026-07-29T17:05:00Z
511.25,512.22998046875,511.25,512.1300048828125,27462,2026-07-29T17:06:00Z
512.14501953125,512.375,511.739990234375,511.9649963378906,46219,2026-07-29T17:07:00Z
511.9649963378906,512.5900268554688,511.6600036621094,512.1300048828125,50822,2026-07-29T17:08:00Z
512.135009765625,512.4500122070312,511.8800048828125,512.219970703125,28245,2026-07-29T17:09:00Z
512.2000122070312,513.3721923828125,512.1900024414062,512.989990234375,24042,2026-07-29T17:10:00Z
513.0349731445312,513.5499877929688,513.02001953125,513.4299926757812,18037,2026-07-29T17:11:00Z
513.4000244140625,513.8699951171875,512.8200073242188,513.822509765625,22026,2026-07-29T17:12:00Z
513.9400024414062,514.6900024414062,513.8800048828125,514.2999877929688,73532,2026-07-29T17:13:00Z
514.3599853515625,515.0308837890625,514.02001953125,515.0,48270,2026-07-29T17:14:00Z
515.1300048828125,515.3200073242188,514.3599853515625,514.5050048828125,24916,2026-07-29T17:15:00Z
514.5,514.89501953125,514.080078125,514.2150268554688,28614,2026-07-29T17:16:00Z
514.1400146484375,514.7999877929688,513.7949829101562,514.364990234375,29352,2026-07-29T17:17:00Z
514.375,514.8400268554688,513.75048828125,513.9299926757812,16297,2026-07-29T17:18:00Z
513.7999877929688,514.030029296875,513.5900268554688,513.6099853515625,9222,2026-07-29T17:19:00Z
513.7100219726562,514.510009765625,513.7100219726562,514.3499755859375,26516,2026-07-29T17:20:00Z
514.219970703125,514.7100219726562,513.9000244140625,514.7100219726562,18744,2026-07-29T17:21:00Z
514.739990234375,514.9400024414062,514.1099853515625,514.2050170898438,18398,2026-07-29T17:22:00Z
514.2449951171875,514.739990234375,513.8200073242188,514.22998046875,33273,2026-07-29T17:23:00Z
514.2999877929688,514.2999877929688,513.030517578125,513.2000122070312,21784,2026-07-29T17:24:00Z
513.22998046875,513.3900146484375,512.57177734375,512.97998046875,25802,2026-07-29T17:25:00Z
512.77001953125,513.6599731445312,512.7471923828125,513.64501953125,18579,2026-07-29T17:26:00Z
513.77001953125,513.9400024414062,512.9500122070312,512.9500122070312,18716,2026-07-29T17:27:00Z
512.9249877929688,513.0700073242188,512.5700073242188,512.9099731445312,35137,2026-07-29T17:28:00Z
512.8300170898438,512.8599853515625,511.8299865722656,511.9599914550781,13661,2026-07-29T17:29:00Z
511.989990234375,512.2899780273438,511.5,511.6549987792969,31699,2026-07-29T17:30:00Z
511.54998779296875,512.5900268554688,511.5249938964844,512.5250244140625,29262,2026-07-29T17:31:00Z
512.7000122070312,513.0800170898438,512.469970703125,512.9600219726562,27867,2026-07-29T17:32:00Z
512.9600219726562,514.0,512.8900146484375,513.930419921875,20523,2026-07-29T17:33:00Z
513.9849853515625,514.0399780273438,513.0499877929688,513.4099731445312,39931,2026-07-29T17:34:00Z
513.22998046875,513.4400024414062,512.4400024414062,512.635009765625,18675,2026-07-29T17:35:00Z
512.7000122070312,512.8099975585938,512.2100219726562,512.25,27066,2026-07-29T17:36:00Z
511.989990234375,512.7999877929688,511.92999267578125,512.739990234375,17365,2026-07-29T17:37:00Z
512.5800170898438,513.0900268554688,512.52001953125,512.75,55001,2026-07-29T17:38:00Z
512.8200073242188,513.0599975585938,512.635009765625,512.7750244140625,21486,2026-07-29T17:39:00Z
512.75,513.0,512.6099853515625,512.6400146484375,31144,2026-07-29T17:40:00Z
512.760009765625,513.1500244140625,512.6300048828125,512.989990234375,22330,2026-07-29T17:41:00Z
513.0599975585938,513.3499755859375,512.4400024414062,512.52001953125,22219,2026-07-29T17:42:00Z
512.4000244140625,513.3200073242188,512.27001953125,513.25,22778,2026-07-29T17:43:00Z
513.3099975585938,513.4299926757812,512.89501953125,513.1099853515625,19497,2026-07-29T17:44:00Z
513.1199951171875,513.3400268554688,512.52001953125,512.52001953125,19222,2026-07-29T17:45:00Z
512.4600219726562,512.760009765625,512.22998046875,512.5800170898438,16553,2026-07-29T17:46:00Z
512.6300048828125,512.9099731445312,512.489990234375,512.780029296875,16668,2026-07-29T17:47:00Z
512.7999877929688,513.3200073242188,512.6799926757812,513.1400146484375,29827,2026-07-29T17:48:00Z
513.3699951171875,513.6599731445312,513.094970703125,513.6599731445312,19552,2026-07-29T17:49:00Z
513.7000122070312,514.0399780273438,513.5700073242188,513.9949951171875,15882,2026-07-29T17:50:00Z
514.030029296875,514.6099853515625,513.9749755859375,514.5,28833,2026-07-29T17:51:00Z
514.4400024414062,514.7999877929688,513.9099731445312,514.2000122070312,24825,2026-07-29T17:52:00Z
514.260009765625,514.75,514.1300048828125,514.6599731445312,29182,2026-07-29T17:53:00Z
514.6199951171875,514.6199951171875,513.8900146484375,513.9550170898438,20795,2026-07-29T17:54:00Z
513.9550170898438,514.3800048828125,513.239990234375,513.3800048828125,32024,2026-07-29T17:55:00Z
513.6500244140625,513.6500244140625,513.1400146484375,513.1799926757812,14298,2026-07-29T17:56:00Z
513.22998046875,513.3300170898438,512.969970703125,512.989990234375,16929,2026-07-29T17:57:00Z
512.9949951171875,513.22998046875,512.655029296875,513.0549926757812,20405,2026-07-29T17:58:00Z
513.1400146484375,514.1900024414062,512.87158203125,514.1900024414062,14434,2026-07-29T17:59:00Z
514.5399780273438,519.0,514.5,518.4849853515625,79462,2026-07-29T18:00:00Z
518.27001953125,519.5800170898438,516.3800048828125,519.3049926757812,224267,2026-07-29T18:01:00Z
519.2899780273438,520.4495239257812,518.2899780273438,518.2899780273438,77578,2026-07-29T18:02:00Z
518.3499755859375,518.9500122070312,517.5700073242188,517.6699829101562,48259,2026-07-29T18:03:00Z
517.6649780273438,517.6649780273438,515.6900024414062,517.0800170898438,40143,2026-07-29T18:04:00Z
516.8800048828125,518.280029296875,516.7249755859375,518.260009765625,52743,2026-07-29T18:05:00Z
518.469970703125,520.2100219726562,518.4400024414062,519.9400024414062,59265,2026-07-29T18:06:00Z
520.010009765625,520.6599731445312,519.7100219726562,520.0,57532,2026-07-29T18:07:00Z
520.010009765625,520.1900024414062,518.5499877929688,519.6099853515625,31727,2026-07-29T18:08:00Z
519.4299926757812,520.0800170898438,519.010009765625,519.969970703125,45121,2026-07-29T18:09:00Z
519.969970703125,520.5700073242188,519.2000122070312,519.9099731445312,43536,2026-07-29T18:10:00Z
519.9199829101562,519.9600219726562,518.64501953125,519.7000122070312,50658,2026-07-29T18:11:00Z
519.4400024414062,519.9199829101562,518.6599731445312,518.6599731445312,24161,2026-07-29T18:12:00Z
518.739990234375,518.97998046875,517.219970703125,517.77001953125,1526566,2026-07-29T18:13:00Z
517.8900146484375,518.5399780273438,517.25,517.8300170898438,86390,2026-07-29T18:14:00Z
517.9500122070312,519.3699951171875,517.8400268554688,518.27001953125,34825,2026-07-29T18:15:00Z
518.25,518.8599853515625,517.6599731445312,518.0250244140625,23426,2026-07-29T18:16:00Z
518.010009765625,518.510009765625,516.3934936523438,516.9000244140625,20422,2026-07-29T18:17:00Z
516.989990234375,516.989990234375,515.7999877929688,516.2000122070312,23786,2026-07-29T18:18:00Z
516.1099853515625,516.27001953125,515.4000244140625,515.989990234375,27886,2026-07-29T18:19:00Z
516.1699829101562,516.530029296875,515.1699829101562,515.6199951171875,24755,2026-07-29T18:20:00Z
515.510009765625,516.47998046875,515.1749877929688,515.260009765625,31478,2026-07-29T18:21:00Z
515.3599853515625,515.7100219726562,514.7100219726562,515.52001953125,15550,2026-07-29T18:22:00Z
515.6749877929688,516.0900268554688,515.17041015625,515.398193359375,1041158,2026-07-29T18:23:00Z
515.4949951171875,516.760009765625,515.4949951171875,516.0599975585938,20158,2026-07-29T18:24:00Z
516.0,516.219970703125,515.010009765625,515.3200073242188,21451,2026-07-29T18:25:00Z
515.2899780273438,516.2100219726562,515.22998046875,515.239990234375,16874,2026-07-29T18:26:00Z
515.3599853515625,515.5399780273438,514.8400268554688,514.8699951171875,61274,2026-07-29T18:27:00Z
515.010009765625,515.7899780273438,514.4400024414062,515.0349731445312,22188,2026-07-29T18:28:00Z
515.1400146484375,516.010009765625,514.9600219726562,515.9000244140625,22825,2026-07-29T18:29:00Z
516.0499877929688,516.8300170898438,515.9849853515625,516.510009765625,38437,2026-07-29T18:30:00Z
516.8699951171875,517.52001953125,515.489990234375,515.5,43357,2026-07-29T18:31:00Z
515.5025024414062,516.0,513.9100952148438,515.5999755859375,31237,2026-07-29T18:32:00Z
515.75,516.5,514.75,515.5700073242188,47287,2026-07-29T18:33:00Z
515.760009765625,515.969970703125,515.0999755859375,515.6500244140625,35321,2026-07-29T18:34:00Z
515.6649780273438,516.010009765625,514.8800048828125,515.4500122070312,28314,2026-07-29T18:35:00Z
515.6500244140625,517.1300048828125,515.1099853515625,517.0250244140625,31348,2026-07-29T18:36:00Z
517.0499877929688,518.5499877929688,516.9299926757812,518.1699829101562,83366,2026-07-29T18:37:00Z
518.2100219726562,520.2260131835938,518.2100219726562,519.60498046875,76030,2026-07-29T18:38:00Z
519.5750122070312,520.1599731445312,518.6199951171875,519.5823974609375,34402,2026-07-29T18:39:00Z
519.64501953125,521.77001953125,519.510009765625,521.1699829101562,57481,2026-07-29T18:40:00Z
521.2150268554688,523.0700073242188,521.2150268554688,522.375,106725,2026-07-29T18:41:00Z
522.489990234375,522.7498779296875,521.2100219726562,522.1699829101562,60048,2026-07-29T18:42:00Z
522.27001953125,523.219970703125,521.6599731445312,523.1400146484375,57152,2026-07-29T18:43:00Z
523.030029296875,524.3997192382812,522.780029296875,523.719970703125,51586,2026-07-29T18:44:00Z
523.5850219726562,524.260009765625,523.0250244140625,523.8400268554688,42158,2026-07-29T18:45:00Z
523.8900146484375,524.8699951171875,523.5999755859375,524.3800048828125,73498,2026-07-29T18:46:00Z
524.2899780273438,526.0798950195312,523.905029296875,525.4199829101562,97808,2026-07-29T18:47:00Z
525.3099975585938,525.9299926757812,524.2999877929688,524.5205078125,136991,2026-07-29T18:48:00Z
524.655029296875,526.1099853515625,524.3699951171875,525.7550048828125,83569,2026-07-29T18:49:00Z
525.8699951171875,526.0599975585938,524.7200927734375,525.52001953125,70410,2026-07-29T18:50:00Z
525.47998046875,525.5499877929688,524.219970703125,525.5399780273438,48774,2026-07-29T18:51:00Z
525.6799926757812,526.27001953125,525.52001953125,525.7999877929688,49806,2026-07-29T18:52:00Z
525.72998046875,527.1798706054688,525.72998046875,526.4600219726562,67802,2026-07-29T18:53:00Z
526.280029296875,527.1799926757812,526.280029296875,527.114990234375,131034,2026-07-29T18:54:00Z
527.0349731445312,527.2999877929688,526.2550048828125,526.719970703125,57105,2026-07-29T18:55:00Z
526.719970703125,526.8900146484375,525.594970703125,525.8300170898438,49743,2026-07-29T18:56:00Z
525.7698974609375,526.239990234375,524.6900024414062,526.239990234375,52744,2026-07-29T18:57:00Z
526.1849975585938,527.3200073242188,526.010009765625,526.4299926757812,61442,2026-07-29T18:58:00Z
526.5396118164062,527.0800170898438,526.0650024414062,527.0700073242188,56537,2026-07-29T18:59:00Z
526.8900146484375,527.5900268554688,525.8599853515625,526.344970703125,51747,2026-07-29T19:00:00Z
526.22998046875,528.47998046875,526.0499877929688,528.2999877929688,69796,2026-07-29T19:01:00Z
528.4949951171875,529.1699829101562,527.739990234375,527.8599853515625,53534,2026-07-29T19:02:00Z
527.8300170898438,527.8499755859375,526.280029296875,526.6599731445312,54868,2026-07-29T19:03:00Z
526.8300170898438,526.8300170898438,525.0,525.5800170898438,51126,2026-07-29T19:04:00Z
525.5999755859375,526.1699829101562,524.0,524.2000122070312,60165,2026-07-29T19:05:00Z
524.4199829101562,525.4099731445312,524.2000122070312,524.5999755859375,49201,2026-07-29T19:06:00Z
524.5,524.6599731445312,523.010009765625,523.010009765625,53374,2026-07-29T19:07:00Z
523.0700073242188,523.8499755859375,522.3699951171875,523.0900268554688,41970,2026-07-29T19:08:00Z
523.0700073242188,523.3599853515625,521.9600219726562,521.9600830078125,43513,2026-07-29T19:09:00Z
521.9600219726562,522.4099731445312,520.3499755859375,521.27001953125,66421,2026-07-29T19:10:00Z
521.27001953125,523.0800170898438,521.239990234375,522.7899780273438,152685,2026-07-29T19:11:00Z
522.8150024414062,523.489990234375,521.7100219726562,522.5050048828125,47236,2026-07-29T19:12:00Z
522.530029296875,523.5,522.530029296875,522.77001953125,39253,2026-07-29T19:13:00Z
522.8150024414062,523.3900146484375,522.3900146484375,522.6500244140625,93176,2026-07-29T19:14:00Z
522.6699829101562,523.3699951171875,521.9199829101562,523.1699829101562,55536,2026-07-29T19:15:00Z
523.4099731445312,523.5499877929688,521.239990234375,521.6500244140625,23976,2026-07-29T19:16:00Z
521.7100219726562,521.9199829101562,519.9505004882812,520.1500244140625,21221,2026-07-29T19:17:00Z
519.5,519.989990234375,518.9650268554688,519.9099731445312,36560,2026-07-29T19:18:00Z
519.9598999023438,520.1900024414062,518.936279296875,519.4400024414062,29978,2026-07-29T19:19:00Z
519.6400146484375,519.6400146484375,517.969970703125,517.969970703125,19510,2026-07-29T19:20:00Z
518.010009765625,518.2249755859375,516.239990234375,516.9849853515625,39600,2026-07-29T19:21:00Z
516.989990234375,517.219970703125,515.2000122070312,516.7999877929688,46848,2026-07-29T19:22:00Z
516.6199951171875,517.2598266601562,516.4600219726562,517.0499877929688,21126,2026-07-29T19:23:00Z
517.1900024414062,518.0700073242188,516.780029296875,517.1649780273438,15890,2026-07-29T19:24:00Z
516.7899780273438,517.47998046875,515.9650268554688,516.0900268554688,17801,2026-07-29T19:25:00Z
516.2100219726562,516.2100219726562,514.6900024414062,515.719970703125,33416,2026-07-29T19:26:00Z
515.5999755859375,516.3599853515625,514.7899780273438,516.1699829101562,16771,2026-07-29T19:27:00Z
516.25,517.010009765625,516.030029296875,516.7249755859375,51191,2026-07-29T19:28:00Z
516.6300048828125,518.0700073242188,516.5999755859375,517.85009765625,82895,2026-07-29T19:29:00Z
518.030029296875,519.47998046875,517.489990234375,519.1699829101562,39122,2026-07-29T19:30:00Z
519.2349853515625,519.5599975585938,517.4099731445312,517.89501953125,22300,2026-07-29T19:31:00Z
517.989990234375,517.989990234375,516.0599975585938,516.6500244140625,50031,2026-07-29T19:32:00Z
516.7000122070312,516.780029296875,514.0900268554688,514.1900024414062,34074,2026-07-29T19:33:00Z
514.3300170898438,514.47998046875,513.0,513.9400024414062,25230,2026-07-29T19:34:00Z
514.2000122070312,514.4199829101562,512.8599853515625,514.010009765625,27060,2026-07-29T19:35:00Z
514.0900268554688,514.9299926757812,513.469970703125,514.219970703125,33683,2026-07-29T19:36:00Z
514.1400146484375,514.5700073242188,512.780029296875,513.0850219726562,19682,2026-07-29T19:37:00Z
513.135009765625,513.135009765625,511.29998779296875,511.56500244140625,26269,2026-07-29T19:38:00Z
511.4100036621094,511.7200012207031,510.75,510.9599914550781,35685,2026-07-29T19:39:00Z
510.9750061035156,511.2799987792969,509.510009765625,511.239990234375,69933,2026-07-29T19:40:00Z
511.239990234375,512.0599975585938,510.9700012207031,511.375,59581,2026-07-29T19:41:00Z
511.3599853515625,511.8699951171875,511.0,511.239990234375,35222,2026-07-29T19:42:00Z
511.30999755859375,511.4100036621094,510.2900085449219,510.79998779296875,38675,2026-07-29T19:43:00Z
510.82501220703125,510.82501220703125,509.8699951171875,510.3399963378906,21890,2026-07-29T19:44:00Z
510.3299865722656,510.6099853515625,509.32000732421875,509.5199890136719,28727,2026-07-29T19:45:00Z
509.5400085449219,510.3800048828125,509.0899963378906,509.0899963378906,31968,2026-07-29T19:46:00Z
509.3299865722656,509.6600036621094,508.55999755859375,509.17999267578125,107321,2026-07-29T19:47:00Z
509.3299865722656,510.4599914550781,509.3299865722656,510.19000244140625,92289,2026-07-29T19:48:00Z
510.0,511.7200012207031,509.54998779296875,511.4599914550781,166844,2026-07-29T19:49:00Z
511.3800048828125,511.4150085449219,508.8500061035156,509.54998779296875,100741,2026-07-29T19:50:00Z
509.5799865722656,509.5799865722656,508.0199890136719,508.9599914550781,108381,2026-07-29T19:51:00Z
509.0,509.1000061035156,507.6499938964844,508.2200012207031,142076,2026-07-29T19:52:00Z
508.260009765625,508.6700134277344,507.80999755859375,508.3900146484375,179856,2026-07-29T19:53:00Z
508.44000244140625,509.2900085449219,507.8399963378906,508.3699951171875,181303,2026-07-29T19:54:00Z
508.2699890136719,508.2699890136719,505.44000244140625,505.81500244140625,215080,2026-07-29T19:55:00Z
505.8399963378906,506.6600036621094,505.5299987792969,505.7099914550781,162195,2026-07-29T19:56:00Z
505.6650085449219,505.6700134277344,504.6000061035156,504.69000244140625,251737,2026-07-29T19:57:00Z
504.635009765625,504.8399963378906,504.0,504.3399963378906,256873,2026-07-29T19:58:00Z
504.3299865722656,504.3299865722656,503.6499938964844,503.9750061035156,564180,2026-07-29T19:59:00Z
529.8579711914062,529.889892578125,527.2100219726562,528.5349731445312,637493,2026-07-30T13:30:00Z
528.5349731445312,529.1900024414062,527.5999755859375,529.1199951171875,107787,2026-07-30T13:31:00Z
528.8300170898438,529.0399780273438,526.5999755859375,527.2100219726562,47832,2026-07-30T13:32:00Z
527.1699829101562,527.3800048828125,525.3250122070312,526.7750244140625,48067,2026-07-30T13:33:00Z
526.7949829101562,528.0599975585938,526.030029296875,526.8150024414062,69341,2026-07-30T13:34:00Z
526.7949829101562,527.8099975585938,526.4400024414062,526.72998046875,49642,2026-07-30T13:35:00Z
527.2374877929688,527.64990234375,525.2000122070312,526.280029296875,159696,2026-07-30T13:36:00Z
526.3699951171875,526.5499877929688,524.6199951171875,525.25,73361,2026-07-30T13:37:00Z
525.239990234375,528.0499877929688,525.1099853515625,527.5,41403,2026-07-30T13:38:00Z
527.52001953125,528.14501953125,526.9099731445312,527.7050170898438,41971,2026-07-30T13:39:00Z
527.719970703125,528.719970703125,526.1199951171875,527.9299926757812,133733,2026-07-30T13:40:00Z
527.9299926757812,528.52001953125,527.2100830078125,528.0349731445312,71842,2026-07-30T13:41:00Z
527.760009765625,528.9500122070312,527.760009765625,528.5,235220,2026-07-30T13:42:00Z
528.4600219726562,529.5800170898438,527.8300170898438,529.5800170898438,82617,2026-07-30T13:43:00Z
529.5399780273438,530.6400146484375,529.4500122070312,530.02001953125,82193,2026-07-30T13:44:00Z
530.0250244140625,531.280029296875,529.580322265625,531.2449951171875,58085,2026-07-30T13:45:00Z
531.219970703125,531.7899780273438,530.4199829101562,531.4949951171875,39145,2026-07-30T13:46:00Z
531.4949951171875,533.0,531.2899780273438,532.989990234375,126955,2026-07-30T13:47:00Z
532.989990234375,533.39501953125,532.6900024414062,533.0050048828125,122247,2026-07-30T13:48:00Z
533.0999755859375,534.2642822265625,533.0,533.8900146484375,47555,2026-07-30T13:49:00Z
533.8800048828125,535.7999877929688,533.5,535.64501953125,125517,2026-07-30T13:50:00Z
535.635009765625,536.6467895507812,535.510009765625,536.4199829101562,104243,2026-07-30T13:51:00Z
536.4199829101562,536.4199829101562,533.9400024414062,534.7050170898438,78126,2026-07-30T13:52:00Z
534.6799926757812,536.114990234375,534.0900268554688,535.6099853515625,320264,2026-07-30T13:53:00Z
535.625,537.0700073242188,535.4299926757812,536.8524780273438,255493,2026-07-30T13:54:00Z
536.739990234375,537.6199951171875,536.0449829101562,537.3499755859375,49297,2026-07-30T13:55:00Z
537.22998046875,537.8400268554688,535.9600219726562,536.47998046875,105724,2026-07-30T13:56:00Z
536.2999877929688,537.0750122070312,535.5800170898438,536.5499877929688,68123,2026-07-30T13:57:00Z
536.6599731445312,536.9550170898438,536.0599975585938,536.77001953125,35076,2026-07-30T13:58:00Z
536.7100219726562,538.22998046875,536.3699951171875,537.9400024414062,74621,2026-07-30T13:59:00Z
537.9600219726562,538.1199951171875,537.260009765625,538.0250244140625,61206,2026-07-30T14:00:00Z
538.1900024414062,539.25,538.094970703125,539.14501953125,56744,2026-07-30T14:01:00Z
539.25,539.8900146484375,538.4650268554688,538.5999145507812,84993,2026-07-30T14:02:00Z
538.6500244140625,539.7899780273438,537.89501953125,539.469970703125,51147,2026-07-30T14:03:00Z
539.4099731445312,539.6099853515625,538.8499755859375,538.9749755859375,36908,2026-07-30T14:04:00Z
538.8699951171875,539.5399780273438,538.489990234375,538.5700073242188,48549,2026-07-30T14:05:00Z
538.6199951171875,538.6199951171875,537.0,537.25,70192,2026-07-30T14:06:00Z
537.1649780273438,537.6824951171875,535.7100219726562,535.7100219726562,42668,2026-07-30T14:07:00Z
535.5999755859375,535.8599853515625,534.77001953125,534.9149780273438,36759,2026-07-30T14:08:00Z
534.830078125,535.489990234375,534.0700073242188,534.9949951171875,56598,2026-07-30T14:09:00Z
534.77001953125,536.0490112304688,534.5599975585938,535.2150268554688,50173,2026-07-30T14:10:00Z
535.219970703125,536.0399780273438,534.5800170898438,535.9600219726562,42744,2026-07-30T14:11:00Z
535.8826293945312,536.9500122070312,535.0800170898438,536.9299926757812,41501,2026-07-30T14:12:00Z
537.0800170898438,537.0999755859375,535.8599853515625,535.989990234375,44762,2026-07-30T14:13:00Z
535.947509765625,536.6799926757812,535.625,536.35498046875,52586,2026-07-30T14:14:00Z
536.4550170898438,537.739990234375,536.3499755859375,536.8499755859375,45211,2026-07-30T14:15:00Z
536.7698974609375,537.3400268554688,535.9299926757812,537.2100219726562,27679,2026-07-30T14:16:00Z
537.3499755859375,537.8900146484375,537.1260986328125,537.3400268554688,18945,2026-07-30T14:17:00Z
537.114990234375,537.5499877929688,536.0999755859375,536.97998046875,41158,2026-07-30T14:18:00Z
537.2100219726562,538.0,537.010009765625,537.6749877929688,33078,2026-07-30T14:19:00Z
537.8200073242188,538.5599975585938,537.25,538.5599975585938,94591,2026-07-30T14:20:00Z
538.639892578125,540.1099853515625,538.639892578125,539.7750244140625,47348,2026-07-30T14:21:00Z
539.7725219726562,539.7725219726562,538.969970703125,539.7000122070312,30381,2026-07-30T14:22:00Z
539.5750122070312,540.3200073242188,539.5750122070312,539.9849853515625,32863,2026-07-30T14:23:00Z
539.8800048828125,540.489990234375,539.6400146484375,540.1199951171875,45268,2026-07-30T14:24:00Z
540.1199951171875,540.7100219726562,540.02001953125,540.469970703125,58946,2026-07-30T14:25:00Z
540.469970703125,540.8599853515625,539.6400146484375,540.4600219726562,81870,2026-07-30T14:26:00Z
540.4730224609375,542.0800170898438,540.2966918945312,542.0800170898438,83015,2026-07-30T14:27:00Z
542.010009765625,543.219970703125,541.9406127929688,542.52001953125,41926,2026-07-30T14:28:00Z
542.5250244140625,543.3300170898438,542.3599853515625,543.1749877929688,34585,2026-07-30T14:29:00Z
543.177490234375,543.260009765625,541.530029296875,542.5,59654,2026-07-30T14:30:00Z
542.5,543.2899780273438,542.1199951171875,543.0150146484375,0,2026-07-30T14:31:00Z
543.1500244140625,543.8200073242188,542.6799926757812,543.760009765625,70426,2026-07-30T14:32:00Z
543.760009765625,544.6099853515625,543.510009765625,544.1099853515625,72268,2026-07-30T14:33:00Z
544.0050048828125,544.4099731445312,543.4500122070312,543.989990234375,165267,2026-07-30T14:34:00Z
543.8499755859375,544.1500244140625,542.6199951171875,543.1500244140625,46064,2026-07-30T14:35:00Z
543.0908813476562,543.969970703125,542.6699829101562,543.72998046875,44771,2026-07-30T14:36:00Z
543.8499755859375,543.8900146484375,542.8350219726562,543.114990234375,17028,2026-07-30T14:37:00Z
543.0700073242188,543.2000122070312,541.9000244140625,541.989990234375,70730,2026-07-30T14:38:00Z
541.9199829101562,542.5800170898438,541.7999877929688,542.5800170898438,27993,2026-07-30T14:39:00Z
542.5499877929688,543.1199951171875,542.1900024414062,542.1900024414062,22341,2026-07-30T14:40:00Z
542.3052978515625,542.9500122070312,542.219970703125,542.5745239257812,41672,2026-07-30T14:41:00Z
542.47998046875,543.1400146484375,541.9000244140625,541.97998046875,22975,2026-07-30T14:42:00Z
541.9450073242188,542.0499877929688,540.7000122070312,540.97998046875,33591,2026-07-30T14:43:00Z
540.9450073242188,541.0800170898438,539.9149780273438,540.3900146484375,31947,2026-07-30T14:44:00Z
540.2899780273438,540.7349853515625,539.5150146484375,540.1900024414062,36462,2026-07-30T14:45:00Z
540.2000122070312,540.6599731445312,538.7899780273438,539.1199951171875,19393,2026-07-30T14:46:00Z
539.1300048828125,539.5650024414062,538.8800048828125,539.1500244140625,29042,2026-07-30T14:47:00Z
539.0599975585938,539.3800048828125,538.530029296875,539.3599853515625,36632,2026-07-30T14:48:00Z
539.83251953125,540.7000122070312,539.1799926757812,540.2550048828125,22526,2026-07-30T14:49:00Z
540.5900268554688,541.010009765625,539.2999877929688,539.2999877929688,36000,2026-07-30T14:50:00Z
539.1699829101562,539.7050170898438,537.5700073242188,537.9199829101562,32703,2026-07-30T14:51:00Z
537.8400268554688,538.52001953125,537.3300170898438,537.3300170898438,30370,2026-07-30T14:52:00Z
537.2050170898438,537.47998046875,536.5009765625,536.6875,18938,2026-07-30T14:53:00Z
536.8099975585938,536.8599853515625,535.4000244140625,535.6298828125,29497,2026-07-30T14:54:00Z
535.52001953125,535.739990234375,534.739990234375,535.4500122070312,37279,2026-07-30T14:55:00Z
535.239990234375,535.6400146484375,534.3499755859375,534.4600219726562,32123,2026-07-30T14:56:00Z
534.4949951171875,536.0399780273438,534.2849731445312,535.8400268554688,47480,2026-07-30T14:57:00Z
535.9124755859375,536.4500122070312,535.47998046875,536.3699951171875,27997,2026-07-30T14:58:00Z
536.5,536.969970703125,536.1392211914062,536.3200073242188,72457,2026-07-30T14:59:00Z
536.4000244140625,536.5999755859375,534.5800170898438,535.1699829101562,41507,2026-07-30T15:00:00Z
535.2000122070312,535.9400024414062,534.8900146484375,535.780029296875,43423,2026-07-30T15:01:00Z
535.635009765625,537.47998046875,535.5399780273438,537.4600219726562,48107,2026-07-30T15:02:00Z
537.6433715820312,538.77001953125,537.5650024414062,538.52001953125,51157,2026-07-30T15:03:00Z
538.7100219726562,538.8900146484375,537.5,538.5999755859375,40217,2026-07-30T15:04:00Z
538.5999755859375,539.165283203125,538.22998046875,539.0399780273438,41095,2026-07-30T15:05:00Z
539.1300048828125,539.6699829101562,538.1500244140625,538.3300170898438,33941,2026-07-30T15:06:00Z
538.2000122070312,538.27001953125,536.780029296875,537.1199951171875,32146,2026-07-30T15:07:00Z
537.010009765625,538.3499755859375,536.969970703125,538.2899780273438,47338,2026-07-30T15:08:00Z
538.4099731445312,539.75,538.3900146484375,539.7050170898438,42614,2026-07-30T15:09:00Z
539.5900268554688,539.7000122070312,537.3900146484375,537.72998046875,34708,2026-07-30T15:10:00Z
537.760009765625,537.9600219726562,536.1300048828125,536.260009765625,36480,2026-07-30T15:11:00Z
536.0900268554688,537.3994750976562,536.02001953125,537.3994750976562,58974,2026-07-30T15:12:00Z
537.22998046875,537.22998046875,535.75,536.5700073242188,62858,2026-07-30T15:13:00Z
536.5900268554688,536.969970703125,535.9801025390625,536.47998046875,42844,2026-07-30T15:14:00Z
536.3200073242188,537.7100219726562,536.0399780273438,537.7100219726562,43573,2026-07-30T15:15:00Z
537.7999877929688,538.260009765625,537.2501220703125,537.2501220703125,20530,2026-07-30T15:16:00Z
537.4400024414062,537.6500244140625,536.1699829101562,536.1900024414062,11744,2026-07-30T15:17:00Z
536.0899047851562,536.9000244140625,535.8300170898438,536.7899780273438,22310,2026-07-30T15:18:00Z
536.75,537.0999755859375,536.0001220703125,536.3499755859375,36336,2026-07-30T15:19:00Z
536.4400024414062,537.0900268554688,536.2100219726562,536.719970703125,36561,2026-07-30T15:20:00Z
536.8300170898438,538.1599731445312,536.77001953125,537.1300048828125,20217,2026-07-30T15:21:00Z
537.1199951171875,537.4199829101562,536.7999877929688,537.0650024414062,12235,2026-07-30T15:22:00Z
537.010009765625,537.010009765625,535.7700805664062,536.8599853515625,12440,2026-07-30T15:23:00Z
536.7899780273438,537.14501953125,536.2150268554688,536.6500244140625,18388,2026-07-30T15:24:00Z
536.7000122070312,537.6099853515625,536.030029296875,536.4099731445312,14685,2026-07-30T15:25:00Z
536.219970703125,536.3699951171875,534.530029296875,536.3699951171875,40934,2026-07-30T15:26:00Z
536.2849731445312,536.7899780273438,535.6099853515625,535.6099853515625,104391,2026-07-30T15:27:00Z
535.60498046875,535.7899780273438,535.0562744140625,535.7899780273438,17075,2026-07-30T15:28:00Z
535.7899780273438,535.97998046875,535.4251098632812,535.5516967773438,15322,2026-07-30T15:29:00Z
535.469970703125,535.7999877929688,534.8900146484375,534.969970703125,18876,2026-07-30T15:30:00Z
534.7849731445312,535.8900146484375,534.7849731445312,535.52001953125,16932,2026-07-30T15:31:00Z
535.5800170898438,536.1300048828125,535.4000244140625,535.6699829101562,24896,2026-07-30T15:32:00Z
535.655029296875,536.1300048828125,535.280029296875,536.1300048828125,18938,2026-07-30T15:33:00Z
536.2100219726562,536.3800048828125,535.260009765625,536.1950073242188,15100,2026-07-30T15:34:00Z
536.1849975585938,536.6799926757812,535.8300170898438,535.875,35741,2026-07-30T15:35:00Z
535.9099731445312,536.655029296875,535.9099731445312,536.4763793945312,9907,2026-07-30T15:36:00Z
536.4299926757812,536.4998779296875,535.155029296875,535.1699829101562,18056,2026-07-30T15:37:00Z
535.1699829101562,535.4600219726562,534.9199829101562,535.25,26858,2026-07-30T15:38:00Z
535.4498901367188,536.030029296875,534.8599853515625,535.97998046875,20491,2026-07-30T15:39:00Z
536.1099853515625,536.3200073242188,535.4299926757812,535.77001953125,22305,2026-07-30T15:40:00Z
535.8599853515625,535.9600219726562,535.344970703125,535.6749877929688,16950,2026-07-30T15:41:00Z
535.7550048828125,535.7550048828125,534.75,535.219970703125,9571,2026-07-30T15:42:00Z
535.0900268554688,535.510009765625,534.8900146484375,535.469970703125,12322,2026-07-30T15:43:00Z
535.5499877929688,536.3499755859375,535.5499877929688,535.6300048828125,26527,2026-07-30T15:44:00Z
535.719970703125,536.530029296875,535.719970703125,536.3800048828125,27324,2026-07-30T15:45:00Z
536.3099975585938,537.1749877929688,536.280029296875,537.0,15965,2026-07-30T15:46:00Z
537.094970703125,537.3800048828125,537.0,537.0850219726562,27189,2026-07-30T15:47:00Z
537.1900024414062,537.1900024414062,536.468994140625,536.6799926757812,41718,2026-07-30T15:48:00Z
536.719970703125,537.010009765625,536.1400146484375,536.905029296875,24969,2026-07-30T15:49:00Z
537.0,537.1599731445312,535.8200073242188,535.8200073242188,17684,2026-07-30T15:50:00Z
535.9500122070312,536.8400268554688,535.5449829101562,536.8400268554688,26458,2026-07-30T15:51:00Z
536.8699951171875,536.8699951171875,534.989990234375,535.530029296875,24037,2026-07-30T15:52:00Z
535.469970703125,536.1400146484375,535.344970703125,536.010009765625,25560,2026-07-30T15:53:00Z
536.0700073242188,536.6400146484375,535.5499877929688,536.5349731445312,23068,2026-07-30T15:54:00Z
536.6400146484375,537.2550048828125,536.594970703125,536.9299926757812,28771,2026-07-30T15:55:00Z
536.9500122070312,537.25,536.7249755859375,536.97998046875,16131,2026-07-30T15:56:00Z
537.010009765625,537.010009765625,536.2849731445312,536.5700073242188,16655,2026-07-30T15:57:00Z
536.5700073242188,536.6300048828125,535.8800048828125,536.0499877929688,84103,2026-07-30T15:58:00Z
535.97998046875,536.010009765625,535.1599731445312,535.6900024414062,20298,2026-07-30T15:59:00Z
535.72998046875,535.9199829101562,535.239990234375,535.5250244140625,20675,2026-07-30T16:00:00Z
535.5900268554688,536.239990234375,535.1199951171875,536.219970703125,22860,2026-07-30T16:01:00Z
536.2100219726562,536.7100219726562,535.9450073242188,536.6649780273438,21793,2026-07-30T16:02:00Z
536.6749877929688,537.4199829101562,536.6749877929688,537.2550048828125,23392,2026-07-30T16:03:00Z
537.260009765625,538.6500244140625,537.260009765625,538.3400268554688,28771,2026-07-30T16:04:00Z
538.405029296875,538.9600219726562,538.1500244140625,538.4500122070312,27539,2026-07-30T16:05:00Z
538.4500122070312,538.72998046875,537.97998046875,538.030029296875,25071,2026-07-30T16:06:00Z
538.0900268554688,538.2899780273438,537.780029296875,538.2650146484375,19463,2026-07-30T16:07:00Z
538.3599853515625,538.6199951171875,538.0599975585938,538.6199951171875,21696,2026-07-30T16:08:00Z
538.5,538.8800048828125,538.14501953125,538.4299926757812,18031,2026-07-30T16:09:00Z
538.469970703125,538.9199829101562,538.3300170898438,538.5800170898438,22051,2026-07-30T16:10:00Z
538.5900268554688,539.1300048828125,538.489990234375,539.125,14820,2026-07-30T16:11:00Z
539.0,539.6300048828125,539.0,539.489990234375,18803,2026-07-30T16:12:00Z
539.5900268554688,540.0,539.5100708007812,539.9099731445312,50892,2026-07-30T16:13:00Z
539.9099731445312,540.0599975585938,539.3699951171875,539.8699951171875,18386,2026-07-30T16:14:00Z
539.8800048828125,540.2100219726562,539.5001220703125,539.5001220703125,18516,2026-07-30T16:15:00Z
539.5352172851562,539.989990234375,539.5150146484375,539.8900146484375,28128,2026-07-30T16:16:00Z
539.9400024414062,540.0,539.47998046875,539.77001953125,33409,2026-07-30T16:17:00Z
539.8200073242188,539.8800048828125,539.0900268554688,539.7899780273438,173679,2026-07-30T16:18:00Z
539.8099975585938,539.8499755859375,539.0750122070312,539.0750122070312,14259,2026-07-30T16:19:00Z
539.1400146484375,539.5490112304688,538.7249755859375,539.2100219726562,67409,2026-07-30T16:20:00Z
539.239990234375,539.5,538.8850708007812,539.4299926757812,20207,2026-07-30T16:21:00Z
539.5,539.6699829101562,538.9299926757812,539.0,19851,2026-07-30T16:22:00Z
538.989990234375,538.989990234375,538.219970703125,538.739990234375,21803,2026-07-30T16:23:00Z
538.7999877929688,539.030029296875,538.260009765625,538.3699951171875,25131,2026-07-30T16:24:00Z
538.3599853515625,538.4003295898438,537.969970703125,538.0800170898438,16547,2026-07-30T16:25:00Z
538.1900024414062,538.3400268554688,537.8800048828125,537.989990234375,11761,2026-07-30T16:26:00Z
537.9299926757812,538.5700073242188,537.9299926757812,538.489990234375,14817,2026-07-30T16:27:00Z
538.4849853515625,538.4849853515625,537.9299926757812,538.0599975585938,9299,2026-07-30T16:28:00Z
538.0399780273438,538.2000122070312,537.7999877929688,537.97998046875,15659,2026-07-30T16:29:00Z
537.8499755859375,538.0,537.1500244140625,537.1500244140625,23803,2026-07-30T16:30:00Z
537.1900024414062,537.280029296875,536.760009765625,537.1950073242188,14471,2026-07-30T16:31:00Z
537.1950073242188,537.22998046875,536.5499877929688,536.9500122070312,20140,2026-07-30T16:32:00Z
536.9650268554688,537.0399780273438,536.510009765625,536.6400146484375,11460,2026-07-30T16:33:00Z
536.719970703125,536.8300170898438,536.25,536.4500122070312,14907,2026-07-30T16:34:00Z
536.614990234375,537.25,536.4299926757812,536.4299926757812,11512,2026-07-30T16:35:00Z
536.6749877929688,537.1799926757812,536.530029296875,536.9299926757812,18152,2026-07-30T16:36:00Z
536.989990234375,536.989990234375,536.5549926757812,536.5999755859375,12313,2026-07-30T16:37:00Z
536.530029296875,536.739990234375,536.3699951171875,536.6500244140625,10160,2026-07-30T16:38:00Z
536.614990234375,537.0999755859375,536.614990234375,536.6900024414062,9951,2026-07-30T16:39:00Z
536.6900024414062,536.6900024414062,535.3900146484375,535.5700073242188,16330,2026-07-30T16:40:00Z
535.4249877929688,535.4600219726562,534.8049926757812,535.02001953125,22573,2026-07-30T16:41:00Z
535.260009765625,535.260009765625,534.594970703125,534.8300170898438,8847,2026-07-30T16:42:00Z
534.75,535.0499877929688,534.2999877929688,534.4299926757812,14814,2026-07-30T16:43:00Z
534.3800048828125,534.6400146484375,534.2050170898438,534.47998046875,14927,2026-07-30T16:44:00Z
534.5499877929688,535.739501953125,534.4600219726562,535.4849853515625,12723,2026-07-30T16:45:00Z
535.635009765625,536.0753784179688,535.4400024414062,536.0098876953125,14686,2026-07-30T16:46:00Z
535.8900146484375,536.25,535.719970703125,535.780029296875,9588,2026-07-30T16:47:00Z
535.989990234375,535.989990234375,535.4199829101562,535.7849731445312,6629,2026-07-30T16:48:00Z
535.7249755859375,536.3499755859375,535.7249755859375,536.2349853515625,6633,2026-07-30T16:49:00Z
536.260009765625,536.5599975585938,535.385009765625,535.385009765625,8251,2026-07-30T16:50:00Z
535.375,536.8200073242188,535.375,536.8200073242188,15389,2026-07-30T16:51:00Z
536.7999877929688,537.2000122070312,536.7637939453125,537.010009765625,4966,2026-07-30T16:52:00Z
537.2100219726562,537.22998046875,536.27001953125,536.4000244140625,25044,2026-07-30T16:53:00Z
536.510009765625,536.5499877929688,536.1900024414062,536.3599853515625,8326,2026-07-30T16:54:00Z
536.3200073242188,536.8800048828125,536.280029296875,536.8150024414062,24642,2026-07-30T16:55:00Z
536.7849731445312,537.1400146484375,536.610107421875,536.760009765625,13479,2026-07-30T16:56:00Z
536.77001953125,537.219970703125,536.77001953125,537.0999755859375,10755,2026-07-30T16:57:00Z
537.125,537.2000122070312,536.8099975585938,537.010009765625,9719,2026-07-30T16:58:00Z
536.8699951171875,537.3300170898438,536.8499755859375,537.219970703125,10787,2026-07-30T16:59:00Z
537.1599731445312,538.4893798828125,537.1599731445312,538.0,19769,2026-07-30T17:00:00Z
537.97998046875,538.719970703125,537.8699951171875,538.6500244140625,8254,2026-07-30T17:01:00Z
538.77001953125,538.77001953125,537.6300048828125,537.8098754882812,13777,2026-07-30T17:02:00Z
537.8200073242188,538.1500244140625,537.719970703125,537.77001953125,17386,2026-07-30T17:03:00Z
537.8400268554688,538.3599853515625,537.8099975585938,538.2550048828125,8834,2026-07-30T17:04:00Z
538.2999877929688,538.47998046875,538.094970703125,538.405029296875,6324,2026-07-30T17:05:00Z
538.4249877929688,538.7999877929688,538.3300170898438,538.6099853515625,9125,2026-07-30T17:06:00Z
538.6900024414062,538.7000122070312,538.0900268554688,538.3900146484375,6587,2026-07-30T17:07:00Z
538.3300170898438,538.5999755859375,538.3300170898438,538.5399780273438,8539,2026-07-30T17:08:00Z
538.4199829101562,538.4199829101562,537.8200073242188,537.9400024414062,9720,2026-07-30T17:09:00Z
538.0800170898438,538.4000244140625,537.6699829101562,537.7449951171875,5897,2026-07-30T17:10:00Z
537.760009765625,538.1500244140625,537.6599731445312,538.1500244140625,15121,2026-07-30T17:11:00Z
538.139892578125,538.1699829101562,537.6099853515625,537.739990234375,12096,2026-07-30T17:12:00Z
537.77001953125,537.8099975585938,537.5,537.6799926757812,12978,2026-07-30T17:13:00Z
537.5700073242188,537.6300048828125,537.1900024414062,537.5908203125,9709,2026-07-30T17:14:00Z
537.5599975585938,538.02001953125,537.5599975585938,537.7374877929688,11239,2026-07-30T17:15:00Z
537.7349853515625,538.4600219726562,537.6849975585938,538.3150024414062,11182,2026-07-30T17:16:00Z
538.3800048828125,538.7949829101562,538.3200073242188,538.4906005859375,15654,2026-07-30T17:17:00Z
538.719970703125,539.0599975585938,538.4500122070312,538.5999755859375,51479,2026-07-30T17:18:00Z
538.5311279296875,539.5250244140625,538.530029296875,539.3699951171875,12153,2026-07-30T17:19:00Z
539.3599853515625,539.5399780273438,539.2100219726562,539.35498046875,18078,2026-07-30T17:20:00Z
539.4390869140625,539.5700073242188,539.1599731445312,539.2100219726562,11235,2026-07-30T17:21:00Z
539.19140625,539.19140625,538.5399780273438,538.60498046875,9771,2026-07-30T17:22:00Z
538.60498046875,539.2100219726562,538.60498046875,539.1900024414062,10279,2026-07-30T17:23:00Z
539.0750122070312,539.239990234375,538.8499755859375,539.0700073242188,20212,2026-07-30T17:24:00Z
539.0800170898438,539.1900024414062,538.5599975585938,538.6599731445312,9041,2026-07-30T17:25:00Z
538.7000122070312,538.8800048828125,538.5001220703125,538.780029296875,9606,2026-07-30T17:26:00Z
538.9400024414062,539.0599975585938,538.6099853515625,538.6099853515625,9206,2026-07-30T17:27:00Z
538.6799926757812,538.6799926757812,538.0399780273438,538.280029296875,17663,2026-07-30T17:28:00Z
538.2999877929688,538.369873046875,537.8699951171875,537.969970703125,12438,2026-07-30T17:29:00Z
537.97998046875,538.3099975585938,537.9500122070312,538.0050048828125,22988,2026-07-30T17:30:00Z
538.135009765625,538.135009765625,537.7899780273438,537.790283203125,19500,2026-07-30T17:31:00Z
537.8250122070312,538.3099975585938,537.75,538.1400146484375,8722,2026-07-30T17:32:00Z
538.25,538.3300170898438,537.530029296875,537.77001953125,20032,2026-07-30T17:33:00Z
537.8300170898438,537.8599853515625,537.3200073242188,537.5700073242188,10375,2026-07-30T17:34:00Z
537.5,538.1599731445312,537.5,537.9299926757812,12174,2026-07-30T17:35:00Z
537.8300170898438,537.8300170898438,537.47119140625,537.5,9238,2026-07-30T17:36:00Z
537.530029296875,537.6500244140625,537.02001953125,537.1199951171875,10129,2026-07-30T17:37:00Z
537.0,537.030029296875,536.6500244140625,536.9299926757812,13057,2026-07-30T17:38:00Z
536.9500122070312,537.021484375,536.6414794921875,536.6414794921875,8912,2026-07-30T17:39:00Z
536.77001953125,537.3400268554688,536.77001953125,537.2249755859375,11976,2026-07-30T17:40:00Z
537.1900024414062,537.4199829101562,537.1898803710938,537.3494873046875,7508,2026-07-30T17:41:00Z
537.4299926757812,537.6300048828125,537.2050170898438,537.2899780273438,7532,2026-07-30T17:42:00Z
537.389892578125,538.3200073242188,537.3300170898438,537.864990234375,15710,2026-07-30T17:43:00Z
537.7999877929688,538.0399780273438,537.7000122070312,537.9199829101562,14037,2026-07-30T17:44:00Z
537.7899780273438,538.27001953125,537.7899780273438,538.0499877929688,9479,2026-07-30T17:45:00Z
538.0399780273438,538.4299926757812,538.0399780273438,538.2899780273438,92670,2026-07-30T17:46:00Z
538.3049926757812,538.52001953125,538.1900024414062,538.39501953125,12791,2026-07-30T17:47:00Z
538.39501953125,538.405029296875,538.1799926757812,538.2100219726562,6232,2026-07-30T17:48:00Z
538.0700073242188,538.1099853515625,537.530029296875,537.530029296875,4538,2026-07-30T17:49:00Z
537.5599975585938,537.6400146484375,537.3099975585938,537.5599975585938,20545,2026-07-30T17:50:00Z
537.619384765625,538.344970703125,537.5599975585938,538.1500244140625,8595,2026-07-30T17:51:00Z
538.135009765625,538.135009765625,537.35498046875,537.625,11565,2026-07-30T17:52:00Z
537.6900024414062,537.6900024414062,537.1699829101562,537.344970703125,12469,2026-07-30T17:53:00Z
537.2949829101562,537.6500244140625,537.280029296875,537.5399780273438,5755,2026-07-30T17:54:00Z
537.4600219726562,537.4600219726562,536.8099975585938,537.22998046875,8793,2026-07-30T17:55:00Z
537.25,537.3800048828125,537.0499877929688,537.2000122070312,8669,2026-07-30T17:56:00Z
537.1599731445312,537.5369873046875,537.0,537.3400268554688,8024,2026-07-30T17:57:00Z
537.2999877929688,537.5,537.1900024414062,537.3400268554688,15995,2026-07-30T17:58:00Z
537.3400268554688,537.5800170898438,537.219970703125,537.344970703125,11482,2026-07-30T17:59:00Z
537.3400268554688,538.0599975585938,537.3150024414062,537.7650146484375,12013,2026-07-30T18:00:00Z
537.8200073242188,538.0449829101562,537.8200073242188,538.0150146484375,7979,2026-07-30T18:01:00Z
537.969970703125,537.989990234375,537.7449951171875,537.9000244140625,4430,2026-07-30T18:02:00Z
537.9500122070312,538.0050048828125,537.4400024414062,537.47998046875,4921,2026-07-30T18:03:00Z
537.469970703125,537.5599975585938,537.0900268554688,537.0900268554688,5603,2026-07-30T18:04:00Z
537.0900268554688,537.75,537.02001953125,537.3900146484375,6645,2026-07-30T18:05:00Z
537.5050048828125,537.7999877929688,537.3699951171875,537.7999877929688,4021,2026-07-30T18:06:00Z
537.864990234375,538.0598754882812,537.6099853515625,537.8900146484375,11700,2026-07-30T18:07:00Z
537.4901123046875,537.739990234375,537.4400024414062,537.739990234375,4908,2026-07-30T18:08:00Z
537.780029296875,537.9199829101562,537.6300048828125,537.75,3335,2026-07-30T18:09:00Z
537.8499755859375,537.8900146484375,537.5,537.5,12752,2026-07-30T18:10:00Z
537.75,537.8099975585938,537.5700073242188,537.77001953125,3536,2026-07-30T18:11:00Z
537.7000122070312,537.7349853515625,537.1500244140625,537.3800048828125,8523,2026-07-30T18:12:00Z
537.375,537.375,537.0850219726562,537.1799926757812,10195,2026-07-30T18:13:00Z
537.3300170898438,537.5999755859375,537.2100219726562,537.5999755859375,6177,2026-07-30T18:14:00Z
537.6900024414062,537.719970703125,536.8900146484375,536.989990234375,5021,2026-07-30T18:15:00Z
537.010009765625,537.0250244140625,536.6199951171875,536.7100219726562,11788,2026-07-30T18:16:00Z
536.5751953125,536.6699829101562,536.22998046875,536.4199829101562,9050,2026-07-30T18:17:00Z
536.5499877929688,536.5499877929688,536.2999877929688,536.405029296875,8437,2026-07-30T18:18:00Z
536.280029296875,536.280029296875,535.739990234375,535.780029296875,8121,2026-07-30T18:19:00Z
535.9199829101562,536.39990234375,535.780029296875,536.3499755859375,10526,2026-07-30T18:20:00Z
536.260009765625,536.72998046875,536.239990234375,536.6798706054688,7491,2026-07-30T18:21:00Z
536.594970703125,536.8200073242188,536.4569091796875,536.8200073242188,44596,2026-07-30T18:22:00Z
536.89501953125,537.030029296875,536.6500244140625,536.6500244140625,5766,2026-07-30T18:23:00Z
536.8300170898438,536.8900146484375,536.6300048828125,536.7000122070312,10821,2026-07-30T18:24:00Z
536.780029296875,537.0,536.72998046875,536.780029296875,11800,2026-07-30T18:25:00Z
536.7750244140625,536.97998046875,536.6699829101562,536.97998046875,7471,2026-07-30T18:26:00Z
536.8599853515625,537.1900024414062,536.6099853515625,536.7100219726562,8324,2026-07-30T18:27:00Z
536.6099853515625,536.8300170898438,536.5999755859375,536.6500244140625,7303,2026-07-30T18:28:00Z
536.7664794921875,536.9249877929688,536.4400024414062,536.6599731445312,6875,2026-07-30T18:29:00Z
536.8200073242188,537.1749877929688,536.6400146484375,537.1749877929688,9204,2026-07-30T18:30:00Z
537.2000122070312,537.2000122070312,536.6799926757812,536.75,21767,2026-07-30T18:31:00Z
536.8300170898438,536.84619140625,536.5,536.5499877929688,15332,2026-07-30T18:32:00Z
536.5999755859375,536.760009765625,536.469970703125,536.469970703125,11146,2026-07-30T18:33:00Z
536.5050048828125,536.5050048828125,536.1199951171875,536.25,15732,2026-07-30T18:34:00Z
536.1500244140625,536.1599731445312,535.75,535.9099731445312,9866,2026-07-30T18:35:00Z
535.9600219726562,536.1199951171875,535.6500244140625,535.9500122070312,8339,2026-07-30T18:36:00Z
535.8900146484375,535.9500122070312,535.6981201171875,535.8900146484375,7933,2026-07-30T18:37:00Z
535.9500122070312,536.2750244140625,535.8900146484375,535.8900146484375,8095,2026-07-30T18:38:00Z
535.8300170898438,535.8300170898438,535.239990234375,535.5599975585938,12007,2026-07-30T18:39:00Z
535.489990234375,535.9199829101562,535.4450073242188,535.8400268554688,10568,2026-07-30T18:40:00Z
535.844970703125,535.844970703125,535.3699951171875,535.3701171875,55758,2026-07-30T18:41:00Z
535.4199829101562,535.7249755859375,535.4149780273438,535.4199829101562,7709,2026-07-30T18:42:00Z
535.47998046875,535.72998046875,535.4600219726562,535.6699829101562,14414,2026-07-30T18:43:00Z
535.6799926757812,535.97998046875,535.4500122070312,535.8699951171875,10041,2026-07-30T18:44:00Z
535.9398803710938,536.1199951171875,535.85498046875,535.8599853515625,16362,2026-07-30T18:45:00Z
535.8599853515625,536.3499145507812,535.75048828125,536.260009765625,8151,2026-07-30T18:46:00Z
536.3400268554688,536.4000244140625,536.1699829101562,536.1699829101562,8580,2026-07-30T18:47:00Z
536.219970703125,536.3800048828125,536.1699829101562,536.1900024414062,9080,2026-07-30T18:48:00Z
536.1849975585938,536.2498779296875,536.0,536.1099853515625,8760,2026-07-30T18:49:00Z
536.1099853515625,536.3099975585938,535.79150390625,535.79150390625,16199,2026-07-30T18:50:00Z
535.8300170898438,535.8300170898438,535.1900024414062,535.2899780273438,8416,2026-07-30T18:51:00Z
535.2899780273438,535.5900268554688,535.1400146484375,535.5650024414062,16688,2026-07-30T18:52:00Z
535.52001953125,535.5800170898438,535.260009765625,535.530029296875,10462,2026-07-30T18:53:00Z
535.6300048828125,535.6950073242188,535.27001953125,535.2849731445312,7294,2026-07-30T18:54:00Z
535.2625122070312,535.3699951171875,535.1400146484375,535.347412109375,11754,2026-07-30T18:55:00Z
535.1799926757812,535.2650146484375,534.8099975585938,535.135009765625,19270,2026-07-30T18:56:00Z
535.2000122070312,535.280029296875,534.9080810546875,535.2100219726562,8447,2026-07-30T18:57:00Z
535.2000122070312,535.4249877929688,534.969970703125,535.219970703125,10204,2026-07-30T18:58:00Z
535.3400268554688,535.8499755859375,535.2899780273438,535.8300170898438,15775,2026-07-30T18:59:00Z
535.8099975585938,536.4099731445312,535.8099975585938,536.4099731445312,20575,2026-07-30T19:00:00Z
536.4400024414062,536.7449951171875,536.0999755859375,536.29248046875,36723,2026-07-30T19:01:00Z
536.2899780273438,536.6950073242188,536.1300048828125,536.5999755859375,27920,2026-07-30T19:02:00Z
536.5349731445312,536.5700073242188,536.3099975585938,536.3099975585938,24160,2026-07-30T19:03:00Z
536.2999877929688,536.5549926757812,536.22998046875,536.47998046875,49779,2026-07-30T19:04:00Z
536.489990234375,537.030029296875,536.4600219726562,536.9500122070312,20739,2026-07-30T19:05:00Z
536.9500122070312,537.8099975585938,536.8400268554688,537.6701049804688,41056,2026-07-30T19:06:00Z
537.8300170898438,538.6500244140625,537.8300170898438,538.489990234375,44397,2026-07-30T19:07:00Z
538.4199829101562,538.9099731445312,538.3599853515625,538.9099731445312,32415,2026-07-30T19:08:00Z
538.8800048828125,539.2000122070312,538.8800048828125,539.1900024414062,28704,2026-07-30T19:09:00Z
539.0800170898438,540.0,539.0800170898438,539.85498046875,27683,2026-07-30T19:10:00Z
539.864990234375,540.1900024414062,539.77001953125,539.77001953125,38571,2026-07-30T19:11:00Z
539.760009765625,540.5928955078125,539.760009765625,540.510009765625,29696,2026-07-30T19:12:00Z
540.5800170898438,540.5800170898438,539.9201049804688,539.9201049804688,23583,2026-07-30T19:13:00Z
539.9000244140625,540.0900268554688,539.6400146484375,539.739990234375,25372,2026-07-30T19:14:00Z
539.7000122070312,539.8300170898438,539.1199951171875,539.25,32317,2026-07-30T19:15:00Z
539.22998046875,540.2999877929688,539.2000122070312,540.0800170898438,25538,2026-07-30T19:16:00Z
540.2999877929688,540.3900146484375,540.1199951171875,540.3699951171875,14974,2026-07-30T19:17:00Z
540.3900146484375,540.7553100585938,540.3699951171875,540.5750122070312,11438,2026-07-30T19:18:00Z
540.5700073242188,540.5700073242188,539.989990234375,540.1400146484375,14293,2026-07-30T19:19:00Z
540.1300048828125,540.1300048828125,539.7000122070312,539.7000122070312,9920,2026-07-30T19:20:00Z
539.5800170898438,539.594970703125,539.219970703125,539.219970703125,9767,2026-07-30T19:21:00Z
539.1199951171875,539.3499145507812,538.8300170898438,539.2349853515625,51035,2026-07-30T19:22:00Z
539.2150268554688,539.489990234375,539.1199951171875,539.2999877929688,14654,2026-07-30T19:23:00Z
539.280029296875,539.3800048828125,538.8900146484375,538.89599609375,8965,2026-07-30T19:24:00Z
538.7899780273438,539.0598754882812,538.3699951171875,538.489990234375,11343,2026-07-30T19:25:00Z
538.3800048828125,538.8499755859375,538.2899780273438,538.7750244140625,10468,2026-07-30T19:26:00Z
538.9000244140625,538.9249877929688,538.3099975585938,538.5150146484375,16722,2026-07-30T19:27:00Z
538.4600219726562,538.5399780273438,538.2000122070312,538.2999877929688,14954,2026-07-30T19:28:00Z
538.2999877929688,538.2999877929688,537.760009765625,537.8599853515625,13645,2026-07-30T19:29:00Z
537.7899780273438,538.2899780273438,537.5599975585938,538.280029296875,19717,2026-07-30T19:30:00Z
538.2100219726562,538.22998046875,537.5919189453125,537.989990234375,18462,2026-07-30T19:31:00Z
538.0399780273438,538.5225219726562,537.8800048828125,537.9500122070312,18728,2026-07-30T19:32:00Z
538.02001953125,538.4000244140625,538.02001953125,538.1950073242188,15593,2026-07-30T19:33:00Z
538.3099975585938,538.5499877929688,538.010009765625,538.2650146484375,25540,2026-07-30T19:34:00Z
538.27001953125,538.5999755859375,538.10498046875,538.3200073242188,22826,2026-07-30T19:35:00Z
538.3250122070312,538.3300170898438,537.7100219726562,537.8150024414062,15097,2026-07-30T19:36:00Z
537.8499755859375,538.5449829101562,537.8499755859375,538.0800170898438,16108,2026-07-30T19:37:00Z
538.1599731445312,538.760009765625,538.1300048828125,538.4199829101562,11722,2026-07-30T19:38:00Z
538.4349975585938,538.6699829101562,538.2899780273438,538.6699829101562,13135,2026-07-30T19:39:00Z
538.5999755859375,538.8699951171875,538.3400268554688,538.6500244140625,37373,2026-07-30T19:40:00Z
538.5999755859375,538.9400024414062,538.4500122070312,538.7650146484375,38990,2026-07-30T19:41:00Z
538.75,538.8400268554688,538.5499877929688,538.822998046875,33899,2026-07-30T19:42:00Z
538.7899780273438,539.3599853515625,538.6300048828125,539.1950073242188,26695,2026-07-30T19:43:00Z
539.1500244140625,539.4199829101562,539.0599975585938,539.1400146484375,25870,2026-07-30T19:44:00Z
539.1400146484375,539.6300048828125,539.0399780273438,539.5485229492188,36563,2026-07-30T19:45:00Z
539.489013671875,539.75,539.2100219726562,539.22998046875,59058,2026-07-30T19:46:00Z
539.22998046875,539.5700073242188,539.030029296875,539.280029296875,37736,2026-07-30T19:47:00Z
539.2100219726562,539.219970703125,538.77001953125,538.7999877929688,24495,2026-07-30T19:48:00Z
538.77001953125,538.9600219726562,538.6799926757812,538.9450073242188,39263,2026-07-30T19:49:00Z
538.9099731445312,539.1900024414062,538.0399780273438,538.6500244140625,106589,2026-07-30T19:50:00Z
538.5700073242188,538.8900146484375,538.2000122070312,538.4349975585938,82548,2026-07-30T19:51:00Z
538.47998046875,538.760009765625,538.2349853515625,538.447021484375,61027,2026-07-30T19:52:00Z
538.47998046875,538.72998046875,537.7899780273438,537.8499755859375,69969,2026-07-30T19:53:00Z
537.7899780273438,539.3499755859375,537.5499877929688,538.7100219726562,87189,2026-07-30T19:54:00Z
538.7100219726562,538.8400268554688,537.8200073242188,538.39501953125,116973,2026-07-30T19:55:00Z
538.4500122070312,538.77001953125,538.239990234375,538.4500122070312,120235,2026-07-30T19:56:00Z
538.4149780273438,538.6900024414062,538.0850219726562,538.5599975585938,87256,2026-07-30T19:57:00Z
538.5800170898438,538.989990234375,538.4400024414062,538.780029296875,114504,2026-07-30T19:58:00Z
538.780029296875,539.405029296875,538.52001953125,538.7100219726562,146593,2026-07-30T19:59:00Z
558.22998046875,558.469970703125,555.4500122070312,558.3150024414062,467963,2026-07-31T13:30:00Z
558.1500244140625,558.8399047851562,556.97998046875,557.780029296875,86760,2026-07-31T13:31:00Z
557.8599853515625,558.8695068359375,557.1599731445312,558.8099975585938,142359,2026-07-31T13:32:00Z
558.5599975585938,560.8699951171875,558.5599975585938,560.6900024414062,172714,2026-07-31T13:33:00Z
560.72998046875,561.4400024414062,559.9400024414062,560.030029296875,108218,2026-07-31T13:34:00Z
559.9500122070312,561.2750244140625,559.9500122070312,560.530029296875,104170,2026-07-31T13:35:00Z
560.4000244140625,560.864990234375,558.47998046875,558.72998046875,141375,2026-07-31T13:36:00Z
558.6500244140625,558.6500244140625,556.6300048828125,556.739990234375,142219,2026-07-31T13:37:00Z
556.6749877929688,556.9000244140625,553.9400024414062,554.5499877929688,68477,2026-07-31T13:38:00Z
554.5499877929688,554.9299926757812,553.27001953125,553.4299926757812,42688,2026-07-31T13:39:00Z
553.5499877929688,554.3200073242188,551.719970703125,553.14501953125,140697,2026-07-31T13:40:00Z
553.0549926757812,554.3699951171875,552.02001953125,552.1900024414062,121958,2026-07-31T13:41:00Z
552.1405029296875,552.8099975585938,549.6400146484375,549.6400146484375,136333,2026-07-31T13:42:00Z
549.87890625,550.6099243164062,547.239990234375,548.47998046875,171775,2026-07-31T13:43:00Z
548.5,548.8499755859375,545.5999755859375,545.712890625,130916,2026-07-31T13:44:00Z
545.739990234375,548.805908203125,545.739990234375,547.6300048828125,154630,2026-07-31T13:45:00Z
547.6400146484375,547.8800048828125,544.52001953125,544.9949951171875,107116,2026-07-31T13:46:00Z
545.010009765625,545.7999877929688,543.5499877929688,544.375,92255,2026-07-31T13:47:00Z
544.2249755859375,544.5599975585938,542.2100219726562,543.0,97872,2026-07-31T13:48:00Z
542.8200073242188,544.5399780273438,542.0800170898438,544.3400268554688,83900,2026-07-31T13:49:00Z
544.2750244140625,546.5700073242188,542.6599731445312,544.5999755859375,178069,2026-07-31T13:50:00Z
544.5599975585938,546.7899780273438,544.5499877929688,546.6699829101562,33425,2026-07-31T13:51:00Z
546.739990234375,547.2064819335938,544.4000244140625,544.7000122070312,72337,2026-07-31T13:52:00Z
544.4600219726562,544.4600219726562,542.75,543.6699829101562,62234,2026-07-31T13:53:00Z
543.4500122070312,543.5999755859375,541.8300170898438,543.3499755859375,70024,2026-07-31T13:54:00Z
543.5700073242188,544.919921875,542.530029296875,544.7680053710938,101716,2026-07-31T13:55:00Z
544.5800170898438,546.4650268554688,544.469970703125,546.4650268554688,43463,2026-07-31T13:56:00Z
546.3200073242188,547.030029296875,545.219970703125,545.3699951171875,74569,2026-07-31T13:57:00Z
545.27001953125,546.010009765625,544.239990234375,544.739990234375,54121,2026-07-31T13:58:00Z
545.2249755859375,546.510009765625,545.1099853515625,545.989990234375,42745,2026-07-31T13:59:00Z
546.219970703125,546.8800048828125,544.280029296875,544.280029296875,59568,2026-07-31T14:00:00Z
544.5499877929688,544.760009765625,543.0,543.969970703125,51576,2026-07-31T14:01:00Z
544.5900268554688,545.385009765625,542.2899780273438,542.7899780273438,32008,2026-07-31T14:02:00Z
543.010009765625,544.4600219726562,542.6199951171875,543.0999755859375,29014,2026-07-31T14:03:00Z
543.25,543.4949951171875,540.8900146484375,540.8900146484375,120805,2026-07-31T14:04:00Z
540.8900146484375,542.1199951171875,540.4199829101562,541.8400268554688,95332,2026-07-31T14:05:00Z
541.8800048828125,542.9199829101562,540.5,540.5,30800,2026-07-31T14:06:00Z
540.7000122070312,540.7899780273438,538.530029296875,539.4249877929688,87348,2026-07-31T14:07:00Z
539.4099731445312,539.989990234375,537.2100830078125,537.93701171875,62376,2026-07-31T14:08:00Z
538.1400146484375,538.3150024414062,536.8800048828125,537.25,56545,2026-07-31T14:09:00Z
537.39501953125,537.97998046875,535.260009765625,536.505615234375,91680,2026-07-31T14:10:00Z
536.5349731445312,539.1599731445312,536.1099853515625,538.989990234375,98031,2026-07-31T14:11:00Z
539.2100219726562,540.0,538.1099853515625,538.8499755859375,90439,2026-07-31T14:12:00Z
538.8099975585938,539.1599731445312,536.9099731445312,537.5574951171875,72797,2026-07-31T14:13:00Z
537.6300048828125,539.0,536.6400146484375,538.35498046875,65494,2026-07-31T14:14:00Z
538.4299926757812,539.2899780273438,537.2000122070312,537.489990234375,138507,2026-07-31T14:15:00Z
537.719970703125,537.7550048828125,535.9099731445312,537.0650024414062,171552,2026-07-31T14:16:00Z
537.3099975585938,539.239990234375,537.1500244140625,537.8699951171875,197028,2026-07-31T14:17:00Z
538.1550903320312,541.2650146484375,537.8400268554688,541.2249755859375,88834,2026-07-31T14:18:00Z
541.3699951171875,542.739990234375,541.3099975585938,541.4199829101562,131186,2026-07-31T14:19:00Z
541.469970703125,544.0999755859375,540.6500244140625,543.9099731445312,126347,2026-07-31T14:20:00Z
543.760009765625,544.3599853515625,541.3200073242188,542.1199951171875,103395,2026-07-31T14:21:00Z
541.9099731445312,544.0399780273438,541.9000244140625,543.3099975585938,32395,2026-07-31T14:22:00Z
543.0900268554688,543.7000122070312,542.2100219726562,542.9249877929688,84068,2026-07-31T14:23:00Z
542.9199829101562,542.9949951171875,540.3699951171875,541.9000244140625,56105,2026-07-31T14:24:00Z
541.780029296875,543.1649780273438,541.5499877929688,541.8599853515625,37320,2026-07-31T14:25:00Z
541.7999877929688,542.0399780273438,540.52001953125,541.3250122070312,47574,2026-07-31T14:26:00Z
541.4099731445312,543.0499877929688,540.0800170898438,542.8699951171875,40595,2026-07-31T14:27:00Z
543.0549926757812,544.0999755859375,542.4400024414062,544.0999755859375,19162,2026-07-31T14:28:00Z
544.106201171875,544.375,543.2000122070312,544.2150268554688,25141,2026-07-31T14:29:00Z
544.0549926757812,545.1500244140625,543.5103149414062,544.8200073242188,87172,2026-07-31T14:30:00Z
544.72998046875,545.7098999023438,544.010009765625,544.3800048828125,75334,2026-07-31T14:31:00Z
544.030029296875,544.2150268554688,542.7305297851562,543.781005859375,72901,2026-07-31T14:32:00Z
544.219970703125,545.030029296875,543.280029296875,543.280029296875,20358,2026-07-31T14:33:00Z
543.280029296875,544.739990234375,542.85498046875,544.489990234375,42790,2026-07-31T14:34:00Z
544.52001953125,546.510009765625,544.280029296875,546.3300170898438,40713,2026-07-31T14:35:00Z
546.25,546.6300048828125,545.030029296875,545.7999877929688,73319,2026-07-31T14:36:00Z
545.969970703125,546.6799926757812,545.7999877929688,546.1699829101562,36352,2026-07-31T14:37:00Z
545.9199829101562,546.780029296875,545.0599975585938,545.14501953125,45628,2026-07-31T14:38:00Z
544.760009765625,546.0,544.6699829101562,545.4400024414062,156565,2026-07-31T14:39:00Z
545.5900268554688,546.4400024414062,545.1300048828125,545.7899780273438,44194,2026-07-31T14:40:00Z
545.655029296875,545.8298950195312,543.5399780273438,543.6500244140625,97148,2026-07-31T14:41:00Z
543.7598266601562,543.9600219726562,542.5599975585938,543.2999877929688,56658,2026-07-31T14:42:00Z
543.469970703125,543.8900146484375,542.7899780273438,543.8900146484375,26218,2026-07-31T14:43:00Z
544.0,544.5399169921875,543.530029296875,543.7100219726562,13219,2026-07-31T14:44:00Z
544.0,544.0900268554688,542.3900146484375,542.72998046875,36432,2026-07-31T14:45:00Z
542.5800170898438,544.7000122070312,541.8099975585938,543.780029296875,73149,2026-07-31T14:46:00Z
543.8699951171875,544.39501953125,543.22998046875,544.1699829101562,36661,2026-07-31T14:47:00Z
544.217529296875,545.60498046875,543.6900024414062,545.60498046875,53188,2026-07-31T14:48:00Z
545.5599975585938,546.3800048828125,544.989990234375,546.2000122070312,35781,2026-07-31T14:49:00Z
546.25,546.6199951171875,545.8699951171875,546.3099975585938,38529,2026-07-31T14:50:00Z
546.5499877929688,546.9400024414062,546.02001953125,546.5349731445312,19294,2026-07-31T14:51:00Z
546.3300170898438,546.75,545.9500122070312,546.4249877929688,31908,2026-07-31T14:52:00Z
546.47998046875,546.6900024414062,546.030029296875,546.3281860351562,28734,2026-07-31T14:53:00Z
546.3699951171875,546.5700073242188,544.5700073242188,544.9000244140625,52236,2026-07-31T14:54:00Z
544.9199829101562,545.3499755859375,543.9199829101562,544.3599853515625,20187,2026-07-31T14:55:00Z
544.2899780273438,545.8599853515625,543.47998046875,545.77001953125,19450,2026-07-31T14:56:00Z
545.4400024414062,546.4000244140625,545.2000122070312,545.3900146484375,15593,2026-07-31T14:57:00Z
545.239990234375,545.5499877929688,544.2999877929688,545.469970703125,28912,2026-07-31T14:58:00Z
545.4500122070312,545.5700073242188,544.5700073242188,544.8900146484375,10521,2026-07-31T14:59:00Z
544.864990234375,545.922119140625,544.04248046875,544.0499877929688,19166,2026-07-31T15:00:00Z
544.1199951171875,545.155029296875,544.0599975585938,544.6300048828125,17167,2026-07-31T15:01:00Z
544.5800170898438,545.5,544.469970703125,545.094970703125,8064,2026-07-31T15:02:00Z
544.8099975585938,545.280029296875,544.0,544.530029296875,12752,2026-07-31T15:03:00Z
544.3300170898438,545.97998046875,544.3101196289062,545.8900146484375,13980,2026-07-31T15:04:00Z
545.7550048828125,546.6099853515625,544.8099975585938,544.8099975585938,7127,2026-07-31T15:05:00Z
544.9000244140625,545.9000244140625,544.9000244140625,545.3499755859375,9725,2026-07-31T15:06:00Z
545.219970703125,545.7100219726562,544.6900024414062,545.3300170898438,14090,2026-07-31T15:07:00Z
545.0499877929688,545.4749755859375,544.469970703125,544.8400268554688,30662,2026-07-31T15:08:00Z
544.7000122070312,545.010009765625,543.4099731445312,543.9500122070312,37204,2026-07-31T15:09:00Z
543.8099975585938,544.0,542.8800048828125,542.8800048828125,25441,2026-07-31T15:10:00Z
542.6599731445312,543.125,541.3128051757812,541.6099853515625,33928,2026-07-31T15:11:00Z
541.864990234375,542.8400268554688,541.030029296875,542.8400268554688,14531,2026-07-31T15:12:00Z
542.9550170898438,543.1300048828125,542.1699829101562,543.0399780273438,11053,2026-07-31T15:13:00Z
543.27001953125,544.1099243164062,542.7000122070312,542.8200073242188,12026,2026-07-31T15:14:00Z
542.85498046875,545.5599975585938,542.85498046875,544.7899780273438,33379,2026-07-31T15:15:00Z
544.5700073242188,544.8800048828125,542.1799926757812,542.6099853515625,34065,2026-07-31T15:16:00Z
542.8300170898438,543.0899047851562,542.27001953125,542.6400146484375,9326,2026-07-31T15:17:00Z
542.6649780273438,542.875,541.8900146484375,542.75,20670,2026-07-31T15:18:00Z
542.5700073242188,543.2100219726562,542.5599975585938,542.8900146484375,7653,2026-07-31T15:19:00Z
542.6500244140625,542.9600219726562,541.5800170898438,541.9849853515625,26066,2026-07-31T15:20:00Z
541.9199829101562,542.5549926757812,540.8800048828125,540.9199829101562,44702,2026-07-31T15:21:00Z
540.760009765625,541.4000244140625,540.2899780273438,540.60498046875,23051,2026-07-31T15:22:00Z
540.27001953125,540.9849853515625,539.9099731445312,540.9849853515625,15913,2026-07-31T15:23:00Z
540.989990234375,541.0150146484375,539.9199829101562,540.2100219726562,10050,2026-07-31T15:24:00Z
539.9400024414062,540.3800048828125,538.7899780273438,539.1199951171875,32617,2026-07-31T15:25:00Z
539.0399780273438,539.4849853515625,536.9400024414062,537.489990234375,50615,2026-07-31T15:26:00Z
537.52001953125,538.3599853515625,537.1599731445312,537.6500244140625,53963,2026-07-31T15:27:00Z
537.6400146484375,538.8250122070312,537.1099853515625,538.6300048828125,42792,2026-07-31T15:28:00Z
538.8099975585938,539.2050170898438,538.5,539.2050170898438,52624,2026-07-31T15:29:00Z
539.25,540.1199951171875,538.9500122070312,539.8599853515625,29274,2026-07-31T15:30:00Z
539.8200073242188,540.8200073242188,539.4000244140625,539.4299926757812,26120,2026-07-31T15:31:00Z
539.3499755859375,539.5,538.8200073242188,539.5,21427,2026-07-31T15:32:00Z
539.3900146484375,539.489990234375,538.52001953125,538.6699829101562,34315,2026-07-31T15:33:00Z
538.47998046875,540.219970703125,537.6400146484375,540.219970703125,28308,2026-07-31T15:34:00Z
540.1900024414062,541.5,540.1110229492188,540.9400024414062,35898,2026-07-31T15:35:00Z
540.8499755859375,541.6199951171875,540.8400268554688,540.8800048828125,20559,2026-07-31T15:36:00Z
540.989990234375,541.989990234375,540.989990234375,541.5900268554688,22430,2026-07-31T15:37:00Z
541.6500244140625,542.9500122070312,541.6500244140625,542.52001953125,17439,2026-07-31T15:38:00Z
542.3300170898438,542.530029296875,541.719970703125,541.9749755859375,20293,2026-07-31T15:39:00Z
541.969970703125,542.155029296875,541.219970703125,541.3380126953125,39181,2026-07-31T15:40:00Z
541.4349975585938,541.5700073242188,539.3300170898438,539.655029296875,38278,2026-07-31T15:41:00Z
539.6400146484375,539.969970703125,539.3300170898438,539.6900024414062,18606,2026-07-31T15:42:00Z
539.655029296875,540.3599853515625,539.0,540.3499755859375,18690,2026-07-31T15:43:00Z
540.4199829101562,540.75,540.1900024414062,540.510009765625,22631,2026-07-31T15:44:00Z
540.6041259765625,541.1699829101562,539.9099731445312,540.2501220703125,18472,2026-07-31T15:45:00Z
540.3400268554688,540.5,539.4199829101562,539.4199829101562,29679,2026-07-31T15:46:00Z
539.22998046875,539.718994140625,538.5750122070312,539.0900268554688,37117,2026-07-31T15:47:00Z
539.017578125,539.8200073242188,539.017578125,539.8200073242188,10916,2026-07-31T15:48:00Z
540.0999755859375,540.2100219726562,539.5999755859375,540.1099853515625,7338,2026-07-31T15:49:00Z
540.1599731445312,541.4600219726562,539.9099731445312,541.1300048828125,18301,2026-07-31T15:50:00Z
541.0999755859375,541.2100219726562,540.5,541.2100219726562,15118,2026-07-31T15:51:00Z
541.2625122070312,541.9199829101562,540.4400024414062,541.844970703125,18546,2026-07-31T15:52:00Z
541.6300048828125,541.780029296875,540.7899780273438,541.0399780273438,17695,2026-07-31T15:53:00Z
541.0399780273438,542.5299072265625,541.0399780273438,542.22998046875,59119,2026-07-31T15:54:00Z
542.2249755859375,542.9149780273438,541.75,542.1099853515625,51263,2026-07-31T15:55:00Z
542.0700073242188,542.2550048828125,541.6199951171875,542.0349731445312,30135,2026-07-31T15:56:00Z
542.1199951171875,542.3900146484375,541.780029296875,541.8900146484375,9799,2026-07-31T15:57:00Z
542.030029296875,542.1799926757812,541.0800170898438,541.1099853515625,15826,2026-07-31T15:58:00Z
541.22998046875,541.405029296875,540.4526977539062,541.405029296875,17732,2026-07-31T15:59:00Z
541.4000244140625,542.27001953125,540.8499755859375,542.27001953125,64874,2026-07-31T16:00:00Z
542.3499755859375,542.719970703125,542.02001953125,542.030029296875,66701,2026-07-31T16:01:00Z
541.9099731445312,542.3200073242188,541.0900268554688,541.280029296875,18356,2026-07-31T16:02:00Z
541.4149780273438,542.030029296875,541.3150024414062,541.898193359375,9539,2026-07-31T16:03:00Z
542.1300048828125,542.6799926757812,541.64501953125,541.7949829101562,15042,2026-07-31T16:04:00Z
541.9099731445312,541.9099731445312,541.1900024414062,541.3400268554688,18919,2026-07-31T16:05:00Z
541.219970703125,541.530029296875,540.6099853515625,541.1900024414062,18542,2026-07-31T16:06:00Z
541.030029296875,541.2000122070312,540.3150024414062,540.7050170898438,23386,2026-07-31T16:07:00Z
540.8900146484375,541.25,540.5499877929688,541.25,15660,2026-07-31T16:08:00Z
541.280029296875,541.6599731445312,541.2550048828125,541.5499877929688,5875,2026-07-31T16:09:00Z
541.5,541.97998046875,541.0800170898438,541.1099853515625,13349,2026-07-31T16:10:00Z
541.219970703125,541.8400268554688,540.77001953125,541.8400268554688,15793,2026-07-31T16:11:00Z
541.9099731445312,542.4099731445312,541.5399780273438,541.5399780273438,10554,2026-07-31T16:12:00Z
541.5,541.6859741210938,540.989990234375,541.6859741210938,12736,2026-07-31T16:13:00Z
541.7899780273438,541.7899780273438,540.9000244140625,541.655029296875,9291,2026-07-31T16:14:00Z
541.6900024414062,541.8599853515625,540.22998046875,540.3400268554688,15481,2026-07-31T16:15:00Z
540.3599853515625,540.719970703125,540.010009765625,540.7194213867188,18050,2026-07-31T16:16:00Z
540.7150268554688,541.4199829101562,540.7100219726562,541.2650146484375,5122,2026-07-31T16:17:00Z
541.3099975585938,541.5900268554688,541.0499877929688,541.3900146484375,6179,2026-07-31T16:18:00Z
541.5499877929688,541.5800170898438,541.0700073242188,541.3400268554688,4865,2026-07-31T16:19:00Z
541.260009765625,541.5499877929688,541.1500244140625,541.530029296875,6192,2026-07-31T16:20:00Z
541.7550048828125,541.85498046875,541.2000122070312,541.5,9500,2026-07-31T16:21:00Z
541.3099975585938,542.0399780273438,541.3099975585938,541.8400268554688,6511,2026-07-31T16:22:00Z
541.9199829101562,542.1199951171875,541.7899780273438,541.969970703125,49903,2026-07-31T16:23:00Z
542.0499877929688,542.8900146484375,541.989990234375,542.47998046875,10013,2026-07-31T16:24:00Z
542.515625,542.515625,541.489990234375,541.9849853515625,13796,2026-07-31T16:25:00Z
541.9650268554688,542.5599975585938,541.7005004882812,542.5599975585938,5325,2026-07-31T16:26:00Z
542.5999755859375,543.2150268554688,542.594970703125,542.75,21854,2026-07-31T16:27:00Z
542.6400146484375,543.4000244140625,542.5399780273438,543.2999877929688,9930,2026-07-31T16:28:00Z
543.3410034179688,544.2899780273438,543.3099975585938,544.2449951171875,13567,2026-07-31T16:29:00Z
544.5900268554688,544.969970703125,543.8200073242188,543.89990234375,16100,2026-07-31T16:30:00Z
543.9000244140625,544.5999755859375,543.8049926757812,544.5599975585938,25472,2026-07-31T16:31:00Z
544.6300048828125,545.1799926757812,544.5800170898438,545.0,12963,2026-07-31T16:32:00Z
545.25,545.25,544.47998046875,545.0850219726562,18900,2026-07-31T16:33:00Z
545.1199951171875,545.3099975585938,544.4000244140625,544.5549926757812,28587,2026-07-31T16:34:00Z
544.6649780273438,545.3699951171875,544.5999755859375,545.114990234375,14232,2026-07-31T16:35:00Z
545.0,545.3400268554688,544.4000244140625,544.5050048828125,14064,2026-07-31T16:36:00Z
544.47998046875,544.89501953125,544.47998046875,544.7100219726562,12261,2026-07-31T16:37:00Z
544.8699951171875,544.9249877929688,544.1500244140625,544.3200073242188,17115,2026-07-31T16:38:00Z
544.3099975585938,544.8400268554688,544.2100219726562,544.64501953125,14048,2026-07-31T16:39:00Z
544.5650024414062,544.5999755859375,543.77001953125,543.9400024414062,11896,2026-07-31T16:40:00Z
544.0625,544.1500244140625,542.7000122070312,542.780029296875,25439,2026-07-31T16:41:00Z
542.6099853515625,543.1500244140625,542.1599731445312,542.8800048828125,17520,2026-07-31T16:42:00Z
543.0499877929688,543.3499755859375,542.530029296875,542.530029296875,8739,2026-07-31T16:43:00Z
542.75,542.760009765625,541.8699951171875,542.2449951171875,19414,2026-07-31T16:44:00Z
542.1400146484375,542.8079833984375,541.9000244140625,542.22998046875,23828,2026-07-31T16:45:00Z
542.35498046875,542.89501953125,541.7000122070312,542.7000122070312,40477,2026-07-31T16:46:00Z
542.6799926757812,542.905029296875,542.47998046875,542.760009765625,20708,2026-07-31T16:47:00Z
542.52001953125,542.5850219726562,542.1300048828125,542.3300170898438,13951,2026-07-31T16:48:00Z
542.385009765625,542.9000244140625,541.9299926757812,542.9000244140625,12776,2026-07-31T16:49:00Z
542.885009765625,543.9000244140625,542.885009765625,543.6300048828125,11847,2026-07-31T16:50:00Z
543.5999755859375,544.6900024414062,543.3800048828125,544.2249755859375,14665,2026-07-31T16:51:00Z
544.1599731445312,544.4498901367188,543.5,543.5999755859375,9375,2026-07-31T16:52:00Z
543.5599975585938,543.7454833984375,543.3400268554688,543.7454833984375,10969,2026-07-31T16:53:00Z
543.7349853515625,544.155029296875,543.2899780273438,543.375,16372,2026-07-31T16:54:00Z
543.35498046875,544.1500244140625,543.35498046875,543.9000244140625,8738,2026-07-31T16:55:00Z
544.0599975585938,544.6649780273438,543.9749755859375,544.2249755859375,6535,2026-07-31T16:56:00Z
544.4249877929688,545.0800170898438,544.280029296875,544.9400024414062,9646,2026-07-31T16:57:00Z
544.9199829101562,545.125,544.4548950195312,544.4548950195312,7320,2026-07-31T16:58:00Z
544.3599853515625,544.4149780273438,543.875,544.0150146484375,4679,2026-07-31T16:59:00Z
543.9849853515625,544.5800170898438,543.7999877929688,544.5800170898438,6146,2026-07-31T17:00:00Z
544.5700073242188,545.3099975585938,544.4949951171875,545.2050170898438,11872,2026-07-31T17:01:00Z
545.3099975585938,545.3699951171875,544.9000244140625,544.9000244140625,7394,2026-07-31T17:02:00Z
544.969970703125,545.14501953125,544.7750244140625,545.0800170898438,20490,2026-07-31T17:03:00Z
545.1699829101562,545.22998046875,544.9749755859375,544.9749755859375,5831,2026-07-31T17:04:00Z
544.8300170898438,544.969970703125,544.489990234375,544.8599853515625,10020,2026-07-31T17:05:00Z
544.7100219726562,544.7249755859375,544.0900268554688,544.2449951171875,8600,2026-07-31T17:06:00Z
544.1749877929688,544.22998046875,543.7999877929688,543.7999877929688,15695,2026-07-31T17:07:00Z
543.760009765625,544.0750122070312,543.5599975585938,543.9500122070312,13113,2026-07-31T17:08:00Z
543.9199829101562,544.1199951171875,543.77001953125,544.1099853515625,10772,2026-07-31T17:09:00Z
544.0499877929688,544.4849853515625,543.7899780273438,544.2849731445312,7528,2026-07-31T17:10:00Z
544.2100219726562,545.0,544.2100219726562,544.8099975585938,6020,2026-07-31T17:11:00Z
544.9249877929688,545.4299926757812,544.9249877929688,545.147216796875,15800,2026-07-31T17:12:00Z
545.1400146484375,545.202880859375,544.9400024414062,545.1950073242188,56835,2026-07-31T17:13:00Z
545.2100219726562,545.27001953125,545.032470703125,545.10498046875,7942,2026-07-31T17:14:00Z
545.010009765625,545.760009765625,545.010009765625,545.5399780273438,9344,2026-07-31T17:15:00Z
545.4000244140625,545.5800170898438,545.239990234375,545.239990234375,3881,2026-07-31T17:16:00Z
545.3800048828125,545.5999755859375,545.3699951171875,545.5,7557,2026-07-31T17:17:00Z
545.3499755859375,545.530029296875,545.1900024414062,545.3798828125,4338,2026-07-31T17:18:00Z
545.2550048828125,545.739990234375,545.2550048828125,545.739990234375,3989,2026-07-31T17:19:00Z
545.625,545.6849975585938,545.4000244140625,545.4000244140625,17795,2026-07-31T17:20:00Z
545.4000244140625,545.489990234375,544.9600219726562,544.9600219726562,8219,2026-07-31T17:21:00Z
544.9000244140625,544.9000244140625,544.3795166015625,544.780029296875,13156,2026-07-31T17:22:00Z
545.3125,545.47998046875,545.2550048828125,545.469970703125,3868,2026-07-31T17:23:00Z
545.510009765625,546.1900024414062,545.510009765625,546.1199951171875,11013,2026-07-31T17:24:00Z
546.155029296875,546.8049926757812,546.155029296875,546.6425170898438,15520,2026-07-31T17:25:00Z
546.7000122070312,546.739990234375,546.2000122070312,546.6699829101562,24196,2026-07-31T17:26:00Z
546.802490234375,547.239990234375,546.5499877929688,546.5499877929688,15121,2026-07-31T17:27:00Z
546.625,546.6400146484375,546.280029296875,546.3900146484375,15813,2026-07-31T17:28:00Z
546.2750244140625,546.760009765625,546.2625122070312,546.5850219726562,12591,2026-07-31T17:29:00Z
546.5399780273438,546.6649780273438,546.260009765625,546.489990234375,5787,2026-07-31T17:30:00Z
546.5599975585938,546.9600219726562,546.530029296875,546.9500122070312,13035,2026-07-31T17:31:00Z
546.75,547.1900024414062,546.375,546.97998046875,12868,2026-07-31T17:32:00Z
546.9000244140625,547.5299072265625,546.7999877929688,547.5299072265625,20929,2026-07-31T17:33:00Z
547.5800170898438,547.7100219726562,547.4625244140625,547.627685546875,47177,2026-07-31T17:34:00Z
547.6300048828125,547.8400268554688,547.4301147460938,547.8099975585938,14193,2026-07-31T17:35:00Z
547.8499755859375,548.0999755859375,547.75,548.0772094726562,26430,2026-07-31T17:36:00Z
548.1099853515625,548.5,548.1099853515625,548.5,10030,2026-07-31T17:37:00Z
548.4349975585938,548.6099853515625,547.8099975585938,547.8900146484375,16155,2026-07-31T17:38:00Z
547.7899780273438,547.8541870117188,546.47998046875,546.6749877929688,14214,2026-07-31T17:39:00Z
546.5650024414062,547.25,546.3800048828125,547.0599975585938,17103,2026-07-31T17:40:00Z
547.0316162109375,547.0316162109375,546.4520263671875,546.5,10389,2026-07-31T17:41:00Z
546.5800170898438,546.5900268554688,545.9299926757812,546.2899780273438,15884,2026-07-31T17:42:00Z
546.22998046875,546.885009765625,546.219970703125,546.885009765625,9519,2026-07-31T17:43:00Z
546.989990234375,546.989990234375,546.5,546.6900024414062,7418,2026-07-31T17:44:00Z
546.5700073242188,546.8400268554688,546.3699951171875,546.4500122070312,205912,2026-07-31T17:45:00Z
546.5800170898438,547.3099975585938,546.489990234375,547.1199951171875,13394,2026-07-31T17:46:00Z
546.9099731445312,546.9099731445312,546.1099853515625,546.1099853515625,8150,2026-07-31T17:47:00Z
546.1099853515625,546.1099853515625,545.27001953125,545.5499877929688,15708,2026-07-31T17:48:00Z
545.594970703125,545.780029296875,545.1500244140625,545.3699951171875,17937,2026-07-31T17:49:00Z
545.22998046875,545.6900024414062,545.0999755859375,545.6900024414062,10059,2026-07-31T17:50:00Z
545.5900268554688,546.6500244140625,545.4400024414062,546.6500244140625,7082,2026-07-31T17:51:00Z
546.5050048828125,546.9500122070312,546.1904907226562,546.4794921875,10862,2026-07-31T17:52:00Z
546.3699951171875,546.5,546.010009765625,546.1599731445312,12984,2026-07-31T17:53:00Z
546.25,546.5499877929688,546.0499877929688,546.1599731445312,13308,2026-07-31T17:54:00Z
546.1900024414062,546.5599975585938,546.1300048828125,546.4949951171875,12314,2026-07-31T17:55:00Z
546.4949951171875,546.7684936523438,546.2999877929688,546.4199829101562,15846,2026-07-31T17:56:00Z
546.25,546.4199829101562,546.0,546.4199829101562,11530,2026-07-31T17:57:00Z
546.3400268554688,546.3499755859375,545.9349975585938,545.9849853515625,15638,2026-07-31T17:58:00Z
545.8400268554688,545.8699951171875,545.6599731445312,545.8150024414062,10117,2026-07-31T17:59:00Z
545.8599853515625,546.0999755859375,545.4249877929688,546.0650024414062,12888,2026-07-31T18:00:00Z
546.1599731445312,546.5599975585938,546.0700073242188,546.1300048828125,14567,2026-07-31T18:01:00Z
546.239990234375,546.3250122070312,545.89501953125,545.989990234375,13780,2026-07-31T18:02:00Z
545.9058227539062,546.030029296875,545.469970703125,545.5,9356,2026-07-31T18:03:00Z
545.5449829101562,545.77001953125,545.4500122070312,545.5349731445312,12366,2026-07-31T18:04:00Z
545.6599731445312,545.6599731445312,545.0200805664062,545.4500122070312,22383,2026-07-31T18:05:00Z
545.4500122070312,546.2999877929688,545.4400024414062,546.1199951171875,10906,2026-07-31T18:06:00Z
546.030029296875,546.0499877929688,545.5499877929688,545.677490234375,7001,2026-07-31T18:07:00Z
545.719970703125,545.9500122070312,545.5,545.6900024414062,9193,2026-07-31T18:08:00Z
545.594970703125,545.7000122070312,545.2100219726562,545.260009765625,11462,2026-07-31T18:09:00Z
545.1199951171875,545.27001953125,544.4663696289062,544.6199951171875,21602,2026-07-31T18:10:00Z
544.510009765625,544.5399780273438,543.5800170898438,543.8350219726562,33985,2026-07-31T18:11:00Z
543.8049926757812,544.010009765625,543.47998046875,543.655029296875,36325,2026-07-31T18:12:00Z
543.6500244140625,543.8400268554688,543.3944091796875,543.780029296875,17236,2026-07-31T18:13:00Z
543.6900024414062,543.9000244140625,543.0499877929688,543.4000244140625,23198,2026-07-31T18:14:00Z
543.2750244140625,544.02001953125,543.1500244140625,543.9500122070312,28092,2026-07-31T18:15:00Z
543.9099731445312,544.2100219726562,543.8200073242188,544.0700073242188,23270,2026-07-31T18:16:00Z
543.97998046875,544.6400146484375,543.8900146484375,544.3300170898438,13558,2026-07-31T18:17:00Z
544.27001953125,545.0,544.27001953125,544.8087768554688,17899,2026-07-31T18:18:00Z
544.77001953125,544.9299926757812,544.2000122070312,544.239990234375,8317,2026-07-31T18:19:00Z
544.2999877929688,544.6199951171875,543.9199829101562,544.3150024414062,13400,2026-07-31T18:20:00Z
544.239990234375,544.780029296875,544.1599731445312,544.6749877929688,9269,2026-07-31T18:21:00Z
544.52001953125,544.7000122070312,544.3900146484375,544.5399780273438,4191,2026-07-31T18:22:00Z
544.4849853515625,544.7100219726562,544.3099975585938,544.35498046875,5893,2026-07-31T18:23:00Z
544.2918090820312,544.5800170898438,544.1510009765625,544.1510009765625,7881,2026-07-31T18:24:00Z
544.260009765625,544.260009765625,543.5499877929688,543.6807250976562,3974,2026-07-31T18:25:00Z
543.657470703125,544.0800170898438,543.4949951171875,543.9550170898438,7857,2026-07-31T18:26:00Z
543.9500122070312,544.0449829101562,543.719970703125,543.97998046875,6863,2026-07-31T18:27:00Z
543.9099731445312,544.1699829101562,543.8569946289062,543.8569946289062,6406,2026-07-31T18:28:00Z
543.739990234375,544.2999877929688,543.739990234375,544.1649780273438,3601,2026-07-31T18:29:00Z
544.2050170898438,544.7899780273438,544.2050170898438,544.6699829101562,5546,2026-07-31T18:30:00Z
544.6500244140625,544.8099975585938,544.5,544.75,6608,2026-07-31T18:31:00Z
544.5599975585938,544.72998046875,544.4199829101562,544.719970703125,10445,2026-07-31T18:32:00Z
544.72998046875,544.7650146484375,544.469970703125,544.7550048828125,9609,2026-07-31T18:33:00Z
544.7449951171875,545.094970703125,544.7449951171875,544.7899780273438,9539,2026-07-31T18:34:00Z
544.7100219726562,544.7199096679688,543.9299926757812,544.25,10445,2026-07-31T18:35:00Z
544.4699096679688,544.6599731445312,544.1649780273438,544.3200073242188,11013,2026-07-31T18:36:00Z
544.1599731445312,544.7000122070312,544.0999755859375,544.6400146484375,8856,2026-07-31T18:37:00Z
544.6099853515625,544.9500122070312,544.6099853515625,544.864990234375,7236,2026-07-31T18:38:00Z
544.760009765625,544.8400268554688,544.6099853515625,544.6799926757812,2546,2026-07-31T18:39:00Z
544.6749877929688,544.72998046875,544.27001953125,544.4199829101562,6633,2026-07-31T18:40:00Z
544.5698852539062,544.77001953125,544.5399780273438,544.625,10207,2026-07-31T18:41:00Z
544.64501953125,544.7949829101562,544.5,544.760009765625,4346,2026-07-31T18:42:00Z
544.9199829101562,544.9199829101562,544.67138671875,544.760009765625,4837,2026-07-31T18:43:00Z
544.8400268554688,544.8400268554688,544.3900146484375,544.6400146484375,8621,2026-07-31T18:44:00Z
544.5800170898438,545.030029296875,544.5549926757812,544.844970703125,7215,2026-07-31T18:45:00Z
544.85498046875,544.9450073242188,544.47998046875,544.47998046875,8347,2026-07-31T18:46:00Z
544.5549926757812,544.6599731445312,544.22998046875,544.3167724609375,12715,2026-07-31T18:47:00Z
544.280029296875,544.72998046875,544.25,544.72998046875,13691,2026-07-31T18:48:00Z
544.8400268554688,545.0499877929688,544.6400146484375,545.0499877929688,4974,2026-07-31T18:49:00Z
545.0999755859375,545.526611328125,545.0200805664062,545.469970703125,18090,2026-07-31T18:50:00Z
545.52001953125,545.5700073242188,545.1900024414062,545.4299926757812,14423,2026-07-31T18:51:00Z
545.4600219726562,545.5700073242188,545.2150268554688,545.219970703125,12178,2026-07-31T18:52:00Z
545.1500244140625,545.1900024414062,544.9600219726562,545.1099853515625,7937,2026-07-31T18:53:00Z
545.1099853515625,545.1799926757812,544.9299926757812,545.1300048828125,7543,2026-07-31T18:54:00Z
545.1300048828125,545.3400268554688,544.4400024414062,544.4400024414062,15223,2026-07-31T18:55:00Z
544.3599853515625,544.4500122070312,544.1599731445312,544.3800048828125,9396,2026-07-31T18:56:00Z
544.3800048828125,544.4600219726562,543.7999877929688,544.3599853515625,22899,2026-07-31T18:57:00Z
544.4349975585938,544.6599731445312,544.260009765625,544.5999755859375,16694,2026-07-31T18:58:00Z
544.5599975585938,544.8400268554688,544.469970703125,544.6500244140625,91097,2026-07-31T18:59:00Z
544.4650268554688,545.4000244140625,544.4650268554688,544.8931884765625,36799,2026-07-31T19:00:00Z
544.7100219726562,544.9400024414062,544.239990234375,544.239990234375,11009,2026-07-31T19:01:00Z
544.2100219726562,544.3800048828125,543.9199829101562,543.9500122070312,23529,2026-07-31T19:02:00Z
543.9500122070312,544.1900024414062,543.7999877929688,543.9625244140625,20516,2026-07-31T19:03:00Z
544.0,544.1240234375,543.3001098632812,543.47998046875,12146,2026-07-31T19:04:00Z
543.280029296875,543.7899780273438,543.0900268554688,543.77001953125,16609,2026-07-31T19:05:00Z
543.85498046875,543.85498046875,543.0499877929688,543.10498046875,15529,2026-07-31T19:06:00Z
543.0999755859375,543.3599853515625,542.6199951171875,543.280029296875,19082,2026-07-31T19:07:00Z
543.3599853515625,543.5,542.9299926757812,543.0800170898438,14312,2026-07-31T19:08:00Z
543.2899780273438,543.6099853515625,543.1400146484375,543.3499755859375,40480,2026-07-31T19:09:00Z
543.4299926757812,543.5900268554688,543.3049926757812,543.4299926757812,13148,2026-07-31T19:10:00Z
543.4199829101562,543.6699829101562,543.239990234375,543.260009765625,11717,2026-07-31T19:11:00Z
543.2550048828125,544.010009765625,543.02001953125,544.010009765625,15222,2026-07-31T19:12:00Z
543.9000244140625,543.97998046875,543.7100219726562,543.75,13215,2026-07-31T19:13:00Z
543.6900024414062,543.9299926757812,543.5800170898438,543.7100219726562,15635,2026-07-31T19:14:00Z
543.6619262695312,544.02001953125,543.3250122070312,543.8800048828125,18151,2026-07-31T19:15:00Z
543.9400024414062,544.3200073242188,543.7999877929688,544.0599975585938,32017,2026-07-31T19:16:00Z
543.9650268554688,544.5800170898438,543.9000244140625,544.5599975585938,13487,2026-07-31T19:17:00Z
544.5700073242188,545.1199951171875,544.489990234375,545.0549926757812,33006,2026-07-31T19:18:00Z
545.0999755859375,545.5800170898438,545.0999755859375,545.5399780273438,27317,2026-07-31T19:19:00Z
545.5900268554688,545.8599853515625,545.3599853515625,545.7899780273438,17033,2026-07-31T19:20:00Z
545.8699951171875,546.0900268554688,545.5703735351562,545.6199951171875,27858,2026-07-31T19:21:00Z
545.6400146484375,545.989990234375,545.6099853515625,545.72998046875,14112,2026-07-31T19:22:00Z
545.655029296875,545.8599853515625,545.1699829101562,545.3099975585938,16427,2026-07-31T19:23:00Z
545.219970703125,545.27001953125,544.8200073242188,544.8900146484375,16070,2026-07-31T19:24:00Z
544.780029296875,544.7899780273438,544.3499755859375,544.5599975585938,13492,2026-07-31T19:25:00Z
544.6199951171875,545.1400146484375,544.6199951171875,544.9550170898438,16951,2026-07-31T19:26:00Z
545.030029296875,545.0700073242188,544.77001953125,544.9099731445312,15056,2026-07-31T19:27:00Z
544.905029296875,545.3300170898438,544.905029296875,545.10498046875,13289,2026-07-31T19:28:00Z
545.0700073242188,545.1500244140625,544.8800048828125,545.0700073242188,14099,2026-07-31T19:29:00Z
545.0700073242188,545.3300170898438,544.0999755859375,544.4465942382812,23331,2026-07-31T19:30:00Z
544.530029296875,544.5599975585938,544.1950073242188,544.3699951171875,14370,2026-07-31T19:31:00Z
544.469970703125,544.469970703125,544.010009765625,544.4000244140625,15630,2026-07-31T19:32:00Z
544.489990234375,544.6900024414062,544.37060546875,544.37060546875,9514,2026-07-31T19:33:00Z
544.280029296875,545.02001953125,544.280029296875,544.739990234375,20491,2026-07-31T19:34:00Z
544.75,544.864990234375,544.27001953125,544.52001953125,22722,2026-07-31T19:35:00Z
544.6500244140625,544.8099975585938,544.3499755859375,544.739990234375,20354,2026-07-31T19:36:00Z
544.6900024414062,544.6900024414062,544.25,544.3499755859375,27346,2026-07-31T19:37:00Z
544.3800048828125,544.4099731445312,543.739990234375,544.0999755859375,23177,2026-07-31T19:38:00Z
544.0850219726562,544.25,544.030029296875,544.1300048828125,21179,2026-07-31T19:39:00Z
544.0599975585938,544.1699829101562,543.5700073242188,543.655029296875,36844,2026-07-31T19:40:00Z
543.64501953125,544.02001953125,543.3400268554688,543.3400268554688,105103,2026-07-31T19:41:00Z
543.3900146484375,544.030029296875,543.2000122070312,544.019775390625,50892,2026-07-31T19:42:00Z
544.0800170898438,544.6500244140625,544.0800170898438,544.6300048828125,33584,2026-07-31T19:43:00Z
544.655029296875,544.8399047851562,544.4299926757812,544.7349853515625,25098,2026-07-31T19:44:00Z
544.8200073242188,545.5399780273438,544.8200073242188,545.239990234375,46751,2026-07-31T19:45:00Z
545.25,545.6699829101562,545.2125244140625,545.5599975585938,39174,2026-07-31T19:46:00Z
545.6699829101562,545.89501953125,544.8099975585938,544.8099975585938,54578,2026-07-31T19:47:00Z
544.7999877929688,545.030029296875,544.6599731445312,544.9199829101562,64513,2026-07-31T19:48:00Z
544.9400024414062,545.9000244140625,544.75,545.7999877929688,71848,2026-07-31T19:49:00Z
545.739990234375,545.739990234375,544.3400268554688,544.35498046875,137500,2026-07-31T19:50:00Z
544.2999877929688,544.3499755859375,543.9299926757812,544.3499755859375,107958,2026-07-31T19:51:00Z
544.3599853515625,545.0,544.3400268554688,544.9400024414062,52994,2026-07-31T19:52:00Z
544.9749755859375,544.989990234375,544.4199829101562,544.8099975585938,55637,2026-07-31T19:53:00Z
544.8099975585938,545.2650146484375,544.3099975585938,544.4000244140625,133077,2026-07-31T19:54:00Z
544.5,544.5900268554688,542.8499755859375,543.22998046875,153056,2026-07-31T19:55:00Z
543.2150268554688,543.510009765625,543.1699829101562,543.1799926757812,196712,2026-07-31T19:56:00Z
543.22998046875,543.22998046875,542.155029296875,542.219970703125,121953,2026-07-31T19:57:00Z
542.2214965820312,542.260009765625,541.52001953125,541.5402221679688,125369,2026-07-31T19:58:00Z
541.6300048828125,541.72998046875,540.239990234375,540.5399780273438,320105,2026-07-31T19:59:00Z
530.4299926757812,531.3499755859375,527.6860961914062,527.9450073242188,402316,2026-08-03T13:30:00Z
527.9349975585938,529.5700073242188,526.6099853515625,526.989990234375,44407,2026-08-03T13:31:00Z
526.9099731445312,528.3499145507812,525.6900024414062,527.5150146484375,55624,2026-08-03T13:32:00Z
527.5700073242188,527.6599731445312,525.010009765625,525.1300048828125,36002,2026-08-03T13:33:00Z
525.1300048828125,526.760009765625,525.1300048828125,525.72998046875,39256,2026-08-03T13:34:00Z
525.79638671875,528.6599731445312,525.1500244140625,528.3029174804688,41377,2026-08-03T13:35:00Z
528.6400146484375,531.8499755859375,528.1799926757812,531.8499755859375,51875,2026-08-03T13:36:00Z
531.7999877929688,533.6199951171875,530.5399780273438,530.6500244140625,71359,2026-08-03T13:37:00Z
530.3400268554688,530.7000122070312,528.1500244140625,530.1599731445312,50363,2026-08-03T13:38:00Z
530.1900024414062,530.4600219726562,528.7330932617188,529.489990234375,55764,2026-08-03T13:39:00Z
529.4400024414062,530.1900024414062,525.9099731445312,527.219970703125,48050,2026-08-03T13:40:00Z
527.219970703125,528.280029296875,526.4545288085938,526.6400146484375,42845,2026-08-03T13:41:00Z
526.5,527.010009765625,524.8499755859375,525.5349731445312,43281,2026-08-03T13:42:00Z
525.4183959960938,526.5599975585938,525.1500244140625,526.1799926757812,41589,2026-08-03T13:43:00Z
526.1099853515625,527.9600219726562,526.094970703125,527.75,21572,2026-08-03T13:44:00Z
527.7000122070312,528.639892578125,527.02001953125,527.25,42795,2026-08-03T13:45:00Z
527.2550048828125,527.8599853515625,525.5599975585938,525.5599975585938,51723,2026-08-03T13:46:00Z
525.760009765625,526.9400024414062,525.530029296875,526.8900146484375,24496,2026-08-03T13:47:00Z
526.989990234375,528.6998901367188,526.8499755859375,527.260009765625,59481,2026-08-03T13:48:00Z
527.1500244140625,527.9400024414062,526.1300048828125,526.1420288085938,47770,2026-08-03T13:49:00Z
526.010009765625,526.77001953125,525.3300170898438,525.9849853515625,31037,2026-08-03T13:50:00Z
525.780029296875,527.0,525.6900024414062,526.4099731445312,21455,2026-08-03T13:51:00Z
526.6699829101562,526.8099975585938,525.4400024414062,525.530029296875,25904,2026-08-03T13:52:00Z
525.780029296875,526.9461059570312,525.4801025390625,526.9461059570312,23111,2026-08-03T13:53:00Z
526.7178955078125,526.8900146484375,525.8400268554688,526.7037963867188,26979,2026-08-03T13:54:00Z
526.969970703125,528.4600219726562,526.4099731445312,528.094970703125,46712,2026-08-03T13:55:00Z
528.0900268554688,529.0,528.0900268554688,528.8099975585938,25695,2026-08-03T13:56:00Z
528.9749755859375,530.8499755859375,528.9749755859375,530.5,73057,2026-08-03T13:57:00Z
530.2899780273438,532.0599975585938,530.2899780273438,531.89501953125,34786,2026-08-03T13:58:00Z
532.0499877929688,532.8300170898438,531.5599975585938,532.8200073242188,20294,2026-08-03T13:59:00Z
532.6500244140625,533.3499755859375,531.530029296875,532.8200073242188,49042,2026-08-03T14:00:00Z
532.6799926757812,532.844970703125,530.7899780273438,531.4650268554688,33322,2026-08-03T14:01:00Z
531.530029296875,531.530029296875,530.02001953125,530.6699829101562,29522,2026-08-03T14:02:00Z
530.97998046875,532.5900268554688,530.4199829101562,530.4199829101562,54267,2026-08-03T14:03:00Z
530.1500244140625,530.6041259765625,528.9005126953125,530.1599731445312,27963,2026-08-03T14:04:00Z
530.069580078125,531.47998046875,529.5692138671875,531.125,25922,2026-08-03T14:05:00Z
530.969970703125,532.3599853515625,530.9400024414062,531.9099731445312,19396,2026-08-03T14:06:00Z
531.8099975585938,531.8099975585938,530.5700073242188,530.677490234375,20241,2026-08-03T14:07:00Z
530.4099731445312,532.35498046875,529.5900268554688,531.9500122070312,55173,2026-08-03T14:08:00Z
531.9849853515625,532.510009765625,531.3200073242188,531.8300170898438,28740,2026-08-03T14:09:00Z
531.8300170898438,533.6099853515625,531.6699829101562,532.72998046875,59316,2026-08-03T14:10:00Z
532.8099975585938,534.0999755859375,532.5399780273438,533.635009765625,84778,2026-08-03T14:11:00Z
533.72998046875,534.9000244140625,533.469970703125,533.9249877929688,45134,2026-08-03T14:12:00Z
534.0499877929688,534.8099975585938,533.4600219726562,533.6099853515625,25269,2026-08-03T14:13:00Z
533.9000244140625,533.9550170898438,532.02001953125,532.530029296875,33254,2026-08-03T14:14:00Z
532.344970703125,532.77001953125,531.7999877929688,532.77001953125,52241,2026-08-03T14:15:00Z
532.760009765625,534.9500122070312,532.760009765625,534.5452880859375,55904,2026-08-03T14:16:00Z
534.4299926757812,535.2999877929688,533.969970703125,534.6724853515625,39129,2026-08-03T14:17:00Z
534.77001953125,535.9099731445312,534.5900268554688,535.719970703125,30039,2026-08-03T14:18:00Z
535.6699829101562,535.989990234375,535.0399780273438,535.2750244140625,47676,2026-08-03T14:19:00Z
535.2349853515625,536.989990234375,534.6699829101562,536.8200073242188,50176,2026-08-03T14:20:00Z
536.9600219726562,537.8300170898438,536.5700073242188,537.8300170898438,29926,2026-08-03T14:21:00Z
538.1099853515625,538.6099853515625,537.4531860351562,537.5700073242188,46356,2026-08-03T14:22:00Z
537.260009765625,537.97998046875,537.2000122070312,537.739990234375,64389,2026-08-03T14:23:00Z
537.8400268554688,538.530029296875,537.5800170898438,538.530029296875,36072,2026-08-03T14:24:00Z
538.5700073242188,539.3699951171875,538.489990234375,538.6699829101562,27910,2026-08-03T14:25:00Z
538.6500244140625,538.6900024414062,538.1400756835938,538.2849731445312,16355,2026-08-03T14:26:00Z
538.3300170898438,538.5599975585938,536.760009765625,537.6400146484375,30158,2026-08-03T14:27:00Z
537.4320068359375,538.5900268554688,537.4320068359375,537.9400024414062,41465,2026-08-03T14:28:00Z
537.7233276367188,539.2100219726562,537.7233276367188,538.97998046875,12231,2026-08-03T14:29:00Z
539.1500244140625,539.1599731445312,537.9600219726562,538.6135864257812,33863,2026-08-03T14:30:00Z
538.5491943359375,539.3900146484375,538.5491943359375,538.875,43459,2026-08-03T14:31:00Z
539.0,539.72998046875,538.9349975585938,539.2849731445312,19248,2026-08-03T14:32:00Z
539.5599975585938,540.3099975585938,539.4099731445312,540.239990234375,26859,2026-08-03T14:33:00Z
540.1199951171875,540.4199829101562,539.780029296875,540.25,240420,2026-08-03T14:34:00Z
540.10498046875,540.9000244140625,539.9000244140625,540.8200073242188,18505,2026-08-03T14:35:00Z
540.9299926757812,541.3900146484375,540.3200073242188,541.1126098632812,42708,2026-08-03T14:36:00Z
541.119873046875,541.6699829101562,540.8099975585938,540.8099975585938,25939,2026-08-03T14:37:00Z
540.6950073242188,541.3699951171875,539.847412109375,539.847412109375,16528,2026-08-03T14:38:00Z
539.885009765625,541.5050048828125,539.885009765625,540.6749877929688,14397,2026-08-03T14:39:00Z
540.5499877929688,541.0999755859375,540.3800048828125,540.9199829101562,9926,2026-08-03T14:40:00Z
540.7899780273438,541.4600219726562,540.4600219726562,540.6749877929688,13810,2026-08-03T14:41:00Z
540.6383056640625,540.6383056640625,539.5599975585938,539.9774169921875,24907,2026-08-03T14:42:00Z
539.9000244140625,539.9450073242188,538.6906127929688,539.5499877929688,17711,2026-08-03T14:43:00Z
539.469970703125,540.2000122070312,539.3250122070312,539.6900024414062,23170,2026-08-03T14:44:00Z
539.530029296875,539.5700073242188,538.97998046875,538.97998046875,13102,2026-08-03T14:45:00Z
539.5449829101562,541.0,539.5449829101562,540.8300170898438,11307,2026-08-03T14:46:00Z
540.8099975585938,541.2000122070312,540.1599731445312,541.0800170898438,23303,2026-08-03T14:47:00Z
541.3499755859375,542.1599731445312,541.3499755859375,541.5,12465,2026-08-03T14:48:00Z
541.8900146484375,543.0499877929688,541.8900146484375,542.5599975585938,17800,2026-08-03T14:49:00Z
542.6741943359375,543.5900268554688,542.6741943359375,543.4849853515625,14065,2026-08-03T14:50:00Z
543.5999755859375,544.5599975585938,543.3900146484375,544.530029296875,10972,2026-08-03T14:51:00Z
544.39501953125,544.9099731445312,544.27001953125,544.5,14932,2026-08-03T14:52:00Z
544.8099975585938,545.0599975585938,544.4024047851562,544.97998046875,14174,2026-08-03T14:53:00Z
545.0599975585938,545.0700073242188,544.219970703125,544.219970703125,20695,2026-08-03T14:54:00Z
544.739990234375,545.5800170898438,544.6199951171875,545.3300170898438,18525,2026-08-03T14:55:00Z
545.3300170898438,545.5999755859375,544.2899780273438,544.3300170898438,19900,2026-08-03T14:56:00Z
544.219970703125,544.6900024414062,543.9400024414062,544.6900024414062,14721,2026-08-03T14:57:00Z
544.64501953125,544.989990234375,544.219970703125,544.9699096679688,10076,2026-08-03T14:58:00Z
544.969970703125,545.3599853515625,544.5399780273438,544.760009765625,9424,2026-08-03T14:59:00Z
544.7000122070312,544.7000122070312,543.7506713867188,544.22998046875,17094,2026-08-03T15:00:00Z
544.1300048828125,544.434814453125,543.72998046875,543.9801025390625,15413,2026-08-03T15:01:00Z
544.219970703125,544.5499877929688,543.6500244140625,544.1799926757812,14921,2026-08-03T15:02:00Z
544.1900024414062,544.72998046875,543.52001953125,544.4000244140625,9222,2026-08-03T15:03:00Z
544.4099731445312,544.8099975585938,544.2000122070312,544.8099975585938,5753,2026-08-03T15:04:00Z
545.010009765625,545.010009765625,543.6400146484375,543.6400146484375,12886,2026-08-03T15:05:00Z
543.4600219726562,543.6599731445312,543.010009765625,543.530029296875,18082,2026-08-03T15:06:00Z
543.7000122070312,544.2000122070312,543.1799926757812,544.1199951171875,20432,2026-08-03T15:07:00Z
543.9201049804688,544.1895141601562,542.760009765625,543.469970703125,11732,2026-08-03T15:08:00Z
543.3400268554688,543.3400268554688,541.9005737304688,542.010009765625,13280,2026-08-03T15:09:00Z
541.8699951171875,542.02001953125,541.5150146484375,541.984619140625,34266,2026-08-03T15:10:00Z
541.780029296875,541.780029296875,540.75,541.2899780273438,20197,2026-08-03T15:11:00Z
541.3049926757812,542.0,540.7000122070312,542.0,15477,2026-08-03T15:12:00Z
542.0999755859375,542.7349853515625,541.9099731445312,541.989990234375,12602,2026-08-03T15:13:00Z
541.885009765625,542.0800170898438,541.1099853515625,541.1599731445312,11073,2026-08-03T15:14:00Z
541.1199951171875,542.1099853515625,541.090087890625,542.1099853515625,8051,2026-08-03T15:15:00Z
542.1300048828125,542.9099731445312,542.1300048828125,542.6699829101562,8466,2026-08-03T15:16:00Z
542.4400024414062,542.4400024414062,541.6799926757812,542.1900024414062,7819,2026-08-03T15:17:00Z
541.8300170898438,542.489990234375,541.7100219726562,541.780029296875,6680,2026-08-03T15:18:00Z
541.7100219726562,542.2899780273438,541.7100219726562,541.860107421875,5599,2026-08-03T15:19:00Z
542.5900268554688,543.2100219726562,542.1300048828125,543.1799926757812,10169,2026-08-03T15:20:00Z
543.1849975585938,543.1849975585938,542.2899780273438,542.5,4508,2026-08-03T15:21:00Z
542.22998046875,542.260009765625,541.280517578125,542.0999755859375,6999,2026-08-03T15:22:00Z
542.416015625,542.4299926757812,541.7849731445312,541.9600219726562,2781,2026-08-03T15:23:00Z
542.0,542.1300048828125,541.0,541.02001953125,12294,2026-08-03T15:24:00Z
540.9500122070312,541.7000122070312,540.530029296875,541.0,21648,2026-08-03T15:25:00Z
541.114990234375,541.3300170898438,540.6699829101562,540.739990234375,14034,2026-08-03T15:26:00Z
540.5850219726562,540.6400146484375,539.7000122070312,539.8200073242188,29691,2026-08-03T15:27:00Z
540.1599731445312,540.1599731445312,538.3800048828125,538.8699951171875,26747,2026-08-03T15:28:00Z
539.0150146484375,539.4500122070312,538.719970703125,538.719970703125,25187,2026-08-03T15:29:00Z
538.7999877929688,540.6599731445312,538.5999755859375,540.2999877929688,59866,2026-08-03T15:30:00Z
540.3300170898438,541.2794799804688,540.3300170898438,540.635009765625,31879,2026-08-03T15:31:00Z
540.614990234375,540.989990234375,540.1199951171875,540.1400146484375,10259,2026-08-03T15:32:00Z
539.9099731445312,541.1199951171875,539.9099731445312,540.89501953125,11597,2026-08-03T15:33:00Z
541.219970703125,541.469970703125,540.7000122070312,540.8099975585938,17008,2026-08-03T15:34:00Z
540.739990234375,541.139892578125,540.239990234375,541.139892578125,13199,2026-08-03T15:35:00Z
540.9500122070312,540.9500122070312,540.294921875,540.4099731445312,12785,2026-08-03T15:36:00Z
540.4199829101562,540.4199829101562,539.3099975585938,539.75,10239,2026-08-03T15:37:00Z
539.4099731445312,539.8499755859375,539.1199951171875,539.5399780273438,11275,2026-08-03T15:38:00Z
539.6500244140625,540.3300170898438,539.64501953125,540.0108032226562,8715,2026-08-03T15:39:00Z
540.0103759765625,541.1500244140625,540.0103759765625,540.7999877929688,16199,2026-08-03T15:40:00Z
540.8300170898438,541.2100219726562,540.3800048828125,540.3800048828125,5223,2026-08-03T15:41:00Z
540.2750244140625,540.739990234375,540.260009765625,540.489990234375,3665,2026-08-03T15:42:00Z
540.8200073242188,541.1599731445312,540.6900024414062,541.1599731445312,5975,2026-08-03T15:43:00Z
540.989990234375,541.239990234375,540.7899780273438,541.0499877929688,5231,2026-08-03T15:44:00Z
541.0700073242188,541.6400146484375,540.880126953125,541.1849975585938,19337,2026-08-03T15:45:00Z
541.1950073242188,541.5173950195312,541.0003051757812,541.218505859375,10800,2026-08-03T15:46:00Z
541.2650146484375,541.280029296875,540.9500122070312,541.22998046875,5055,2026-08-03T15:47:00Z
541.3599853515625,541.7999877929688,540.8599853515625,541.5999755859375,8986,2026-08-03T15:48:00Z
541.3599243164062,542.1036987304688,541.3599243164062,541.4650268554688,4637,2026-08-03T15:49:00Z
541.510009765625,541.9000244140625,541.3400268554688,541.9000244140625,3398,2026-08-03T15:50:00Z
541.77001953125,541.9600219726562,540.9000244140625,541.510009765625,6933,2026-08-03T15:51:00Z
541.4849853515625,541.8599853515625,541.4500122070312,541.8599853515625,10922,2026-08-03T15:52:00Z
541.9600219726562,542.27001953125,541.6500244140625,542.27001953125,11014,2026-08-03T15:53:00Z
542.25,542.8699951171875,542.25,542.4249877929688,29499,2026-08-03T15:54:00Z
542.3699951171875,542.5449829101562,541.9600219726562,542.3800048828125,10774,2026-08-03T15:55:00Z
542.3350219726562,542.5499877929688,541.9400024414062,541.9500122070312,7658,2026-08-03T15:56:00Z
542.0,542.0,541.3402709960938,541.5449829101562,5614,2026-08-03T15:57:00Z
541.5999755859375,541.9650268554688,541.3900146484375,541.8300170898438,11340,2026-08-03T15:58:00Z
541.8699951171875,542.0399780273438,541.5150146484375,541.8499755859375,15308,2026-08-03T15:59:00Z
542.030029296875,542.8798828125,542.030029296875,542.5399780273438,17171,2026-08-03T16:00:00Z
542.2349853515625,542.6300048828125,542.2349853515625,542.5449829101562,4282,2026-08-03T16:01:00Z
542.3200073242188,542.6500244140625,542.1799926757812,542.4299926757812,3749,2026-08-03T16:02:00Z
542.6199951171875,542.719970703125,542.530029296875,542.5900268554688,6777,2026-08-03T16:03:00Z
542.719970703125,542.8399047851562,542.5679931640625,542.6900024414062,5400,2026-08-03T16:04:00Z
542.7100219726562,543.2899780273438,542.7100219726562,543.2899780273438,12774,2026-08-03T16:05:00Z
543.3599853515625,543.3599853515625,542.8900756835938,542.969970703125,12216,2026-08-03T16:06:00Z
543.0250244140625,543.0750122070312,542.60498046875,542.625,6190,2026-08-03T16:07:00Z
542.5,543.1500244140625,542.239990234375,542.239990234375,7441,2026-08-03T16:08:00Z
542.16748046875,542.72998046875,542.16748046875,542.7100219726562,4148,2026-08-03T16:09:00Z
542.8300170898438,542.8300170898438,542.1599731445312,542.7100219726562,6626,2026-08-03T16:10:00Z
542.7449951171875,542.8800048828125,542.52001953125,542.5499877929688,5285,2026-08-03T16:11:00Z
542.6599731445312,542.6599731445312,542.2899780273438,542.5999755859375,5474,2026-08-03T16:12:00Z
542.4149780273438,542.5900268554688,542.010009765625,542.3800048828125,2982,2026-08-03T16:13:00Z
542.3400268554688,542.739990234375,542.3099975585938,542.6300048828125,3181,2026-08-03T16:14:00Z
542.5701293945312,543.1300048828125,542.5449829101562,542.739990234375,4597,2026-08-03T16:15:00Z
542.75,543.489990234375,542.75,543.2449951171875,4924,2026-08-03T16:16:00Z
543.2150268554688,543.8897705078125,543.2150268554688,543.8350219726562,13520,2026-08-03T16:17:00Z
543.8900146484375,544.0900268554688,543.6500244140625,543.9949951171875,4500,2026-08-03T16:18:00Z
544.4099731445312,544.4099731445312,544.0203247070312,544.25,8520,2026-08-03T16:19:00Z
544.3599853515625,544.3599853515625,543.6804809570312,543.6804809570312,8009,2026-08-03T16:20:00Z
543.9000244140625,544.0,543.6400146484375,543.6699829101562,2925,2026-08-03T16:21:00Z
543.6900024414062,543.9199829101562,543.5900268554688,543.7949829101562,3670,2026-08-03T16:22:00Z
543.7899780273438,544.2000122070312,543.7899780273438,544.0499877929688,4205,2026-08-03T16:23:00Z
543.5399780273438,543.5399780273438,542.8499755859375,542.9849853515625,3638,2026-08-03T16:24:00Z
543.2636108398438,543.3400268554688,543.0399780273438,543.14501953125,10040,2026-08-03T16:25:00Z
543.0601196289062,543.0601196289062,542.280029296875,542.39111328125,21996,2026-08-03T16:26:00Z
542.4650268554688,542.780029296875,542.4650268554688,542.510009765625,4237,2026-08-03T16:27:00Z
542.4000244140625,542.6300048828125,542.3599853515625,542.6300048828125,2282,2026-08-03T16:28:00Z
542.5800170898438,542.8400268554688,542.4083862304688,542.4083862304688,3870,2026-08-03T16:29:00Z
542.4000244140625,542.5800170898438,542.280029296875,542.405029296875,13032,2026-08-03T16:30:00Z
542.5999755859375,542.5999755859375,542.25,542.3300170898438,2110,2026-08-03T16:31:00Z
542.4201049804688,542.4201049804688,541.5700073242188,542.219970703125,3780,2026-08-03T16:32:00Z
542.139892578125,542.4299926757812,542.139892578125,542.2100219726562,146767,2026-08-03T16:33:00Z
542.3300170898438,542.489990234375,542.2249755859375,542.239990234375,2968,2026-08-03T16:34:00Z
542.2197875976562,542.2197875976562,541.8049926757812,542.0850219726562,2104,2026-08-03T16:35:00Z
542.27001953125,542.6300048828125,541.989990234375,541.989990234375,5174,2026-08-03T16:36:00Z
541.989990234375,542.0150146484375,541.4400024414062,541.5750122070312,2536,2026-08-03T16:37:00Z
541.4680786132812,541.6599731445312,541.0900268554688,541.6599731445312,10230,2026-08-03T16:38:00Z
541.760009765625,541.7899780273438,541.1500244140625,541.4598999023438,3094,2026-08-03T16:39:00Z
541.22998046875,541.530029296875,541.22998046875,541.4099731445312,2487,2026-08-03T16:40:00Z
541.6099853515625,541.9099731445312,541.4249877929688,541.6199951171875,3271,2026-08-03T16:41:00Z
541.3400268554688,541.3400268554688,540.8300170898438,540.97998046875,11759,2026-08-03T16:42:00Z
540.8499755859375,541.4400024414062,540.6199951171875,541.4299926757812,5636,2026-08-03T16:43:00Z
541.4650268554688,541.844970703125,541.3800048828125,541.6849975585938,4721,2026-08-03T16:44:00Z
541.7100219726562,542.1500244140625,541.6649780273438,542.0399780273438,4934,2026-08-03T16:45:00Z
541.9249877929688,542.3978881835938,541.9149780273438,542.1904907226562,4448,2026-08-03T16:46:00Z
542.0900268554688,542.1295776367188,541.8800048828125,541.97998046875,2725,2026-08-03T16:47:00Z
542.02001953125,542.0599975585938,541.8400268554688,542.02001953125,11232,2026-08-03T16:48:00Z
541.9099731445312,542.0800170898438,541.8099975585938,541.8099975585938,240203,2026-08-03T16:49:00Z
541.77001953125,542.3599853515625,541.7542114257812,542.3599853515625,5132,2026-08-03T16:50:00Z
542.3699951171875,542.4899291992188,541.7000122070312,541.8099975585938,6653,2026-08-03T16:51:00Z
541.75,541.75,541.1199951171875,541.27001953125,10187,2026-08-03T16:52:00Z
541.4500122070312,541.469970703125,541.1099853515625,541.35498046875,5841,2026-08-03T16:53:00Z
541.4000244140625,541.4500122070312,541.0601196289062,541.3250122070312,66924,2026-08-03T16:54:00Z
541.280029296875,541.4299926757812,540.989990234375,541.2000122070312,8254,2026-08-03T16:55:00Z
541.239990234375,541.5900268554688,541.1400146484375,541.5399780273438,6595,2026-08-03T16:56:00Z
541.5549926757812,541.8400268554688,541.4608154296875,541.8400268554688,5562,2026-08-03T16:57:00Z
541.8499755859375,542.0496826171875,541.5599975585938,541.635009765625,5714,2026-08-03T16:58:00Z
541.6300048828125,541.6849975585938,541.0792846679688,541.1199951171875,5691,2026-08-03T16:59:00Z
541.1900024414062,541.219970703125,540.8800048828125,540.989990234375,8602,2026-08-03T17:00:00Z
540.989990234375,541.5399780273438,540.989990234375,541.3900146484375,7498,2026-08-03T17:01:00Z
541.2999877929688,541.9199829101562,541.219970703125,541.8475952148438,3657,2026-08-03T17:02:00Z
541.5900268554688,541.655029296875,540.9199829101562,541.1099853515625,19696,2026-08-03T17:03:00Z
541.2000122070312,541.3300170898438,541.0601196289062,541.2766723632812,15089,2026-08-03T17:04:00Z
541.510009765625,541.75,541.4000244140625,541.5800170898438,8367,2026-08-03T17:05:00Z
541.5900268554688,541.85498046875,541.5349731445312,541.780029296875,3474,2026-08-03T17:06:00Z
541.9000244140625,541.97998046875,541.7899780273438,541.9650268554688,4656,2026-08-03T17:07:00Z
541.85498046875,541.9199829101562,541.6900024414062,541.85498046875,3778,2026-08-03T17:08:00Z
541.9000244140625,542.5598754882812,541.89501953125,542.1749877929688,6393,2026-08-03T17:09:00Z
542.239990234375,542.8800048828125,542.2034301757812,542.760009765625,4930,2026-08-03T17:10:00Z
542.9099731445312,543.2100219726562,542.8599853515625,543.098388671875,16207,2026-08-03T17:11:00Z
543.0999755859375,543.530029296875,543.0700073242188,543.1900024414062,14084,2026-08-03T17:12:00Z
543.0599975585938,543.219970703125,542.905029296875,543.1300048828125,4072,2026-08-03T17:13:00Z
543.2000122070312,543.219970703125,542.97998046875,543.1900024414062,4291,2026-08-03T17:14:00Z
543.0399780273438,543.4400024414062,542.989990234375,543.1400146484375,5321,2026-08-03T17:15:00Z
542.9500122070312,543.3200073242188,542.9400024414062,543.0399780273438,6112,2026-08-03T17:16:00Z
543.1199951171875,543.1793823242188,542.9301147460938,543.1699829101562,5085,2026-08-03T17:17:00Z
543.0399780273438,543.5700073242188,542.9752807617188,543.530029296875,10078,2026-08-03T17:18:00Z
543.4849853515625,543.6400146484375,543.219970703125,543.5850219726562,12620,2026-08-03T17:19:00Z
543.6900024414062,543.780029296875,543.3400268554688,543.3400268554688,3225,2026-08-03T17:20:00Z
543.1799926757812,543.4400024414062,543.155029296875,543.3646850585938,3999,2026-08-03T17:21:00Z
543.4498901367188,543.7534790039062,543.4299926757812,543.7534790039062,3704,2026-08-03T17:22:00Z
543.8699951171875,543.969970703125,543.780029296875,543.7999877929688,5542,2026-08-03T17:23:00Z
543.6699829101562,543.969970703125,543.6500244140625,543.8699951171875,5519,2026-08-03T17:24:00Z
543.780029296875,543.8200073242188,543.6300048828125,543.7636108398438,4941,2026-08-03T17:25:00Z
543.6699829101562,544.0278930664062,543.5850219726562,544.0278930664062,4062,2026-08-03T17:26:00Z
543.89599609375,544.1900024414062,543.77001953125,543.77001953125,8238,2026-08-03T17:27:00Z
543.8099975585938,544.0499877929688,543.8099975585938,543.8499755859375,9397,2026-08-03T17:28:00Z
543.989990234375,544.0,543.780029296875,543.9871215820312,3774,2026-08-03T17:29:00Z
544.0499877929688,544.3800048828125,544.0499877929688,544.280029296875,9339,2026-08-03T17:30:00Z
544.1900024414062,544.2000122070312,543.9600219726562,544.0399780273438,8448,2026-08-03T17:31:00Z
544.0700073242188,544.22998046875,543.8200073242188,544.030029296875,15311,2026-08-03T17:32:00Z
544.0,544.6300048828125,544.0,544.4299926757812,11590,2026-08-03T17:33:00Z
544.47998046875,544.8099975585938,544.47998046875,544.8099975585938,9932,2026-08-03T17:34:00Z
544.6400146484375,544.885009765625,544.52001953125,544.75,8841,2026-08-03T17:35:00Z
544.8099975585938,544.8699951171875,544.6599731445312,544.7150268554688,6176,2026-08-03T17:36:00Z
544.75,544.8699951171875,544.5900268554688,544.75,5167,2026-08-03T17:37:00Z
544.8699951171875,544.8699951171875,544.6199951171875,544.6199951171875,12614,2026-08-03T17:38:00Z
544.510009765625,544.5399780273438,544.0499877929688,544.1400146484375,21227,2026-08-03T17:39:00Z
544.2000122070312,544.2100219726562,543.8410034179688,544.169921875,8553,2026-08-03T17:40:00Z
544.1799926757812,544.57861328125,544.1799926757812,544.5700073242188,6755,2026-08-03T17:41:00Z
544.5700073242188,544.75,544.4500122070312,544.530029296875,5204,2026-08-03T17:42:00Z
544.6099853515625,544.6099853515625,544.3300170898438,544.3900146484375,4252,2026-08-03T17:43:00Z
544.3499755859375,544.5800170898438,544.3499755859375,544.4600219726562,2805,2026-08-03T17:44:00Z
544.4400024414062,544.8289794921875,544.4000244140625,544.4400024414062,3973,2026-08-03T17:45:00Z
544.5119018554688,544.6199951171875,544.3599853515625,544.6199951171875,2109,2026-08-03T17:46:00Z
544.489990234375,544.7899780273438,544.489990234375,544.6400756835938,6619,2026-08-03T17:47:00Z
544.7150268554688,544.989990234375,544.6400146484375,544.989990234375,8053,2026-08-03T17:48:00Z
545.0,545.030029296875,544.75,545.030029296875,10005,2026-08-03T17:49:00Z
545.0900268554688,545.280029296875,544.8900146484375,545.0,15172,2026-08-03T17:50:00Z
544.9400024414062,545.0999755859375,544.885009765625,544.9915771484375,7794,2026-08-03T17:51:00Z
545.1099853515625,545.1500244140625,544.969970703125,544.989990234375,11384,2026-08-03T17:52:00Z
545.030029296875,545.3599853515625,545.030029296875,545.2849731445312,8595,2026-08-03T17:53:00Z
545.27001953125,545.3499755859375,545.2150268554688,545.3099975585938,6564,2026-08-03T17:54:00Z
545.3800048828125,546.3800048828125,545.3400268554688,546.159912109375,27964,2026-08-03T17:55:00Z
546.1799926757812,546.3499755859375,546.0599975585938,546.0599975585938,22590,2026-08-03T17:56:00Z
546.1799926757812,546.760009765625,546.1300048828125,546.6143188476562,18522,2026-08-03T17:57:00Z
546.6799926757812,546.8900146484375,546.4736938476562,546.4736938476562,19055,2026-08-03T17:58:00Z
546.510009765625,546.8399047851562,546.5,546.8399047851562,12405,2026-08-03T17:59:00Z
546.719970703125,547.4000244140625,546.719970703125,547.0800170898438,17087,2026-08-03T18:00:00Z
547.0399780273438,547.3900146484375,546.9299926757812,546.9692993164062,11443,2026-08-03T18:01:00Z
546.9749755859375,547.1099853515625,546.780029296875,547.0,10017,2026-08-03T18:02:00Z
547.0900268554688,547.260009765625,546.9299926757812,547.25,11170,2026-08-03T18:03:00Z
547.3300170898438,547.6199951171875,547.1900024414062,547.5,12090,2026-08-03T18:04:00Z
547.5250244140625,548.0499877929688,547.5250244140625,547.780029296875,12277,2026-08-03T18:05:00Z
547.760009765625,547.77001953125,547.530029296875,547.72998046875,14930,2026-08-03T18:06:00Z
547.6699829101562,547.9600219726562,547.469970703125,547.5800170898438,12334,2026-08-03T18:07:00Z
547.4299926757812,547.780029296875,547.3300170898438,547.780029296875,13818,2026-08-03T18:08:00Z
547.9500122070312,548.0599975585938,547.739990234375,547.844970703125,3346,2026-08-03T18:09:00Z
547.969970703125,548.489990234375,547.969970703125,548.4500122070312,15700,2026-08-03T18:10:00Z
548.405029296875,548.405029296875,547.719970703125,547.719970703125,8822,2026-08-03T18:11:00Z
547.7100219726562,547.739990234375,547.1199951171875,547.3599853515625,30803,2026-08-03T18:12:00Z
547.3800048828125,547.6199951171875,546.989990234375,547.010009765625,11433,2026-08-03T18:13:00Z
547.010009765625,547.2899780273438,546.9500122070312,547.2750244140625,6175,2026-08-03T18:14:00Z
547.2150268554688,547.7349853515625,547.2150268554688,547.7202758789062,4369,2026-08-03T18:15:00Z
547.7999877929688,547.8699951171875,547.6300048828125,547.8699951171875,3288,2026-08-03T18:16:00Z
547.8599853515625,548.1400146484375,547.4500122070312,547.4500122070312,8576,2026-08-03T18:17:00Z
547.5399780273438,547.6400146484375,547.0499877929688,547.10498046875,108004,2026-08-03T18:18:00Z
547.0850219726562,547.0850219726562,546.719970703125,546.75048828125,9440,2026-08-03T18:19:00Z
546.8800048828125,546.9000244140625,546.1099853515625,546.3699951171875,16311,2026-08-03T18:20:00Z
546.239990234375,546.719970703125,546.2000122070312,546.4199829101562,16858,2026-08-03T18:21:00Z
546.4299926757812,546.75,546.3699951171875,546.6300048828125,9215,2026-08-03T18:22:00Z
546.75,546.75,546.4550170898438,546.6799926757812,10411,2026-08-03T18:23:00Z
546.5999755859375,546.6300048828125,546.1699829101562,546.2349853515625,4923,2026-08-03T18:24:00Z
546.2899780273438,546.375,545.8099975585938,545.9550170898438,7759,2026-08-03T18:25:00Z
545.9600219726562,546.0999755859375,545.5700073242188,545.5700073242188,11922,2026-08-03T18:26:00Z
545.6322021484375,545.6322021484375,545.010009765625,545.280029296875,6070,2026-08-03T18:27:00Z
545.2249755859375,545.2249755859375,544.72998046875,544.8300170898438,9897,2026-08-03T18:28:00Z
544.8800048828125,545.0900268554688,544.844970703125,544.9000244140625,5590,2026-08-03T18:29:00Z
544.97998046875,545.5900268554688,544.97998046875,545.239990234375,14704,2026-08-03T18:30:00Z
545.0800170898438,545.3400268554688,544.9199829101562,545.3400268554688,9031,2026-08-03T18:31:00Z
545.3300170898438,545.405029296875,545.1799926757812,545.3599853515625,6606,2026-08-03T18:32:00Z
545.25,545.5399780273438,544.8699951171875,545.02001953125,8940,2026-08-03T18:33:00Z
545.02001953125,545.4199829101562,544.9249877929688,545.1900024414062,11648,2026-08-03T18:34:00Z
545.0700073242188,545.3200073242188,545.0700073242188,545.280029296875,4629,2026-08-03T18:35:00Z
545.239990234375,545.4949951171875,544.85498046875,545.1099853515625,4021,2026-08-03T18:36:00Z
545.0800170898438,545.0800170898438,544.6849975585938,544.75,5994,2026-08-03T18:37:00Z
544.8150024414062,544.8563842773438,544.3900146484375,544.8563842773438,5610,2026-08-03T18:38:00Z
544.9400024414062,545.0399780273438,544.510009765625,544.510009765625,6126,2026-08-03T18:39:00Z
544.5750122070312,544.8699951171875,544.5599975585938,544.7899780273438,4275,2026-08-03T18:40:00Z
544.77001953125,545.1304931640625,544.6500244140625,545.0549926757812,5595,2026-08-03T18:41:00Z
544.8900146484375,544.9705200195312,544.7899780273438,544.7899780273438,787,2026-08-03T18:42:00Z
544.97998046875,545.219970703125,544.9500122070312,545.219970703125,2212,2026-08-03T18:43:00Z
545.3099975585938,545.489990234375,545.280029296875,545.4299926757812,2941,2026-08-03T18:44:00Z
545.530029296875,545.697021484375,545.1500244140625,545.1500244140625,3277,2026-08-03T18:45:00Z
545.369873046875,545.369873046875,544.5700073242188,545.1099853515625,5455,2026-08-03T18:46:00Z
544.9099731445312,545.0,544.5999755859375,544.7050170898438,3317,2026-08-03T18:47:00Z
544.8800048828125,545.4199829101562,544.8800048828125,545.3900146484375,2541,2026-08-03T18:48:00Z
545.47998046875,545.72998046875,545.3099975585938,545.655029296875,4048,2026-08-03T18:49:00Z
545.6699829101562,545.9000244140625,545.4600219726562,545.4600219726562,3185,2026-08-03T18:50:00Z
545.47998046875,545.6574096679688,545.25,545.510009765625,6803,2026-08-03T18:51:00Z
545.6199951171875,545.6500244140625,545.4000244140625,545.4000244140625,4230,2026-08-03T18:52:00Z
545.489990234375,545.5875244140625,545.2485961914062,545.3599853515625,6249,2026-08-03T18:53:00Z
545.4000244140625,545.489990234375,545.1701049804688,545.2650146484375,2595,2026-08-03T18:54:00Z
545.219970703125,545.3599853515625,545.0599975585938,545.0599975585938,5464,2026-08-03T18:55:00Z
545.0499877929688,545.1300048828125,544.75048828125,544.7999877929688,9965,2026-08-03T18:56:00Z
544.6500244140625,544.8800048828125,544.489990234375,544.8800048828125,8580,2026-08-03T18:57:00Z
544.9000244140625,545.0800170898438,544.780029296875,545.010009765625,4908,2026-08-03T18:58:00Z
545.1099853515625,545.25,545.0556030273438,545.125,15410,2026-08-03T18:59:00Z
545.0700073242188,546.5650024414062,545.0700073242188,545.9249877929688,19622,2026-08-03T19:00:00Z
545.9600219726562,546.7650146484375,545.9600219726562,546.719970703125,9071,2026-08-03T19:01:00Z
546.739990234375,547.0900268554688,546.5800170898438,546.6900024414062,8045,2026-08-03T19:02:00Z
546.6300048828125,546.9299926757812,546.52001953125,546.8049926757812,8683,2026-08-03T19:03:00Z
546.8574829101562,546.8800048828125,546.3599853515625,546.7800903320312,7058,2026-08-03T19:04:00Z
546.9199829101562,546.9199829101562,545.6699829101562,546.1500244140625,5481,2026-08-03T19:05:00Z
546.22998046875,546.7000122070312,545.7750244140625,546.7000122070312,5959,2026-08-03T19:06:00Z
546.5850219726562,546.5850219726562,546.3099975585938,546.3699951171875,5373,2026-08-03T19:07:00Z
546.1900024414062,546.3099975585938,545.6500244140625,546.3099975585938,10765,2026-08-03T19:08:00Z
546.0999755859375,546.280029296875,545.9099731445312,545.97998046875,3540,2026-08-03T19:09:00Z
545.9299926757812,546.3250122070312,545.8599853515625,546.02001953125,9368,2026-08-03T19:10:00Z
545.9810180664062,546.6798706054688,545.9810180664062,546.5700073242188,12824,2026-08-03T19:11:00Z
546.5800170898438,546.5900268554688,546.0900268554688,546.2999877929688,5651,2026-08-03T19:12:00Z
546.0499877929688,546.0499877929688,545.2949829101562,545.469970703125,9177,2026-08-03T19:13:00Z
545.4949951171875,545.8200073242188,545.4299926757812,545.7000122070312,9302,2026-08-03T19:14:00Z
545.75,546.0499877929688,545.47998046875,546.0499877929688,11796,2026-08-03T19:15:00Z
546.1199951171875,546.1500244140625,545.780029296875,546.0,7473,2026-08-03T19:16:00Z
545.8499755859375,546.219970703125,545.6900024414062,546.1699829101562,6858,2026-08-03T19:17:00Z
546.1400146484375,546.5900268554688,546.1300048828125,546.2999877929688,6912,2026-08-03T19:18:00Z
546.3499755859375,546.5800170898438,546.27001953125,546.4249877929688,7367,2026-08-03T19:19:00Z
546.510009765625,546.510009765625,546.0,546.0,8772,2026-08-03T19:20:00Z
546.0900268554688,546.2249755859375,545.9600219726562,546.2249755859375,4854,2026-08-03T19:21:00Z
546.239990234375,546.510009765625,546.239990234375,546.510009765625,5481,2026-08-03T19:22:00Z
546.5599975585938,546.5700073242188,546.219970703125,546.3400268554688,7781,2026-08-03T19:23:00Z
546.3099975585938,546.3499145507812,546.0,546.0549926757812,6797,2026-08-03T19:24:00Z
545.9949951171875,546.22998046875,545.9949951171875,546.1699829101562,4437,2026-08-03T19:25:00Z
545.9700927734375,546.1699829101562,545.8306884765625,546.0399780273438,8895,2026-08-03T19:26:00Z
546.0750122070312,546.2100219726562,545.9600219726562,546.2100219726562,9551,2026-08-03T19:27:00Z
546.219970703125,546.27001953125,545.6599731445312,545.6599731445312,9540,2026-08-03T19:28:00Z
545.6300048828125,546.02001953125,545.6300048828125,545.739990234375,7233,2026-08-03T19:29:00Z
545.7100219726562,546.2098999023438,545.5499877929688,545.5499877929688,10507,2026-08-03T19:30:00Z
545.4199829101562,545.8699951171875,545.1599731445312,545.8699951171875,10893,2026-08-03T19:31:00Z
545.8499755859375,545.8699951171875,545.6199951171875,545.7999877929688,7063,2026-08-03T19:32:00Z
545.9199829101562,545.9199829101562,545.4600219726562,545.4600219726562,6236,2026-08-03T19:33:00Z
545.5,545.8300170898438,545.5,545.77001953125,7441,2026-08-03T19:34:00Z
545.8599853515625,546.1199951171875,545.8599853515625,545.9949951171875,7554,2026-08-03T19:35:00Z
545.8800048828125,546.219970703125,545.6199951171875,545.6199951171875,9454,2026-08-03T19:36:00Z
545.7899780273438,545.8200073242188,545.4949951171875,545.5599975585938,3391,2026-08-03T19:37:00Z
545.6400146484375,545.75,545.4500122070312,545.489990234375,5121,2026-08-03T19:38:00Z
545.5399780273438,545.6099853515625,545.3300170898438,545.4000244140625,8406,2026-08-03T19:39:00Z
545.3699951171875,545.72998046875,545.125,545.6649780273438,10176,2026-08-03T19:40:00Z
545.72998046875,545.77001953125,545.2000122070312,545.219970703125,5038,2026-08-03T19:41:00Z
545.219970703125,545.5800170898438,545.219970703125,545.4099731445312,8761,2026-08-03T19:42:00Z
545.3599853515625,545.4500122070312,545.2100219726562,545.4500122070312,8194,2026-08-03T19:43:00Z
545.4500122070312,545.9099731445312,545.4500122070312,545.8399047851562,8190,2026-08-03T19:44:00Z
545.72998046875,546.030029296875,545.7100219726562,545.8809814453125,6408,2026-08-03T19:45:00Z
545.969970703125,545.969970703125,545.530029296875,545.655029296875,7908,2026-08-03T19:46:00Z
545.5599975585938,545.8699951171875,545.5599975585938,545.6400146484375,8703,2026-08-03T19:47:00Z
545.6950073242188,546.0700073242188,545.6900024414062,545.8610229492188,16356,2026-08-03T19:48:00Z
545.8599853515625,545.969970703125,545.6500244140625,545.7000122070312,7146,2026-08-03T19:49:00Z
545.7899780273438,546.4199829101562,545.72998046875,546.2589721679688,24184,2026-08-03T19:50:00Z
546.1199951171875,546.3900146484375,546.0700073242188,546.1199951171875,12576,2026-08-03T19:51:00Z
546.1699829101562,546.4199829101562,546.0999755859375,546.280029296875,24041,2026-08-03T19:52:00Z
546.27001953125,546.4199829101562,545.5700073242188,545.75,18804,2026-08-03T19:53:00Z
545.5999755859375,545.72998046875,545.0,545.239990234375,48538,2026-08-03T19:54:00Z
545.1699829101562,545.239990234375,544.7000122070312,544.780029296875,33729,2026-08-03T19:55:00Z
544.780029296875,544.989990234375,544.4099731445312,544.989990234375,50959,2026-08-03T19:56:00Z
545.1400146484375,545.780029296875,545.0999755859375,545.6699829101562,55107,2026-08-03T19:57:00Z
545.7100219726562,545.9299926757812,545.6599731445312,545.7150268554688,35154,2026-08-03T19:58:00Z
545.7349853515625,545.9400024414062,545.3599853515625,545.5305786132812,113746,2026-08-03T19:59:00Z
564.2919921875,566.25,562.280029296875,565.8900146484375,359343,2026-08-04T13:30:00Z
565.9600219726562,566.8900146484375,564.5,565.280029296875,113739,2026-08-04T13:31:00Z
565.4099731445312,565.9963989257812,564.5800170898438,565.469970703125,62348,2026-08-04T13:32:00Z
565.3900146484375,567.010009765625,564.97998046875,566.7849731445312,56731,2026-08-04T13:33:00Z
566.9500122070312,567.280029296875,565.489990234375,566.5449829101562,57688,2026-08-04T13:34:00Z
566.7000122070312,568.1199951171875,566.5499877929688,567.1799926757812,53439,2026-08-04T13:35:00Z
567.280029296875,568.4199829101562,566.6799926757812,566.6799926757812,51284,2026-08-04T13:36:00Z
566.8200073242188,566.8900146484375,565.5999755859375,566.60498046875,77137,2026-08-04T13:37:00Z
566.8599853515625,568.47998046875,565.8099975585938,565.8099975585938,76691,2026-08-04T13:38:00Z
565.8800048828125,566.6199951171875,565.6099853515625,566.5999755859375,50476,2026-08-04T13:39:00Z
566.7000122070312,567.9199829101562,566.6599731445312,566.9600219726562,59801,2026-08-04T13:40:00Z
567.1599731445312,568.7554931640625,567.1599731445312,568.6500244140625,37649,2026-08-04T13:41:00Z
568.47998046875,569.6199951171875,568.3900146484375,569.25,42212,2026-08-04T13:42:00Z
569.3400268554688,569.4500122070312,568.239990234375,568.719970703125,38028,2026-08-04T13:43:00Z
568.760009765625,569.0,567.8049926757812,568.2349243164062,33544,2026-08-04T13:44:00Z
568.3099975585938,570.0050048828125,568.3099975585938,569.4500122070312,44621,2026-08-04T13:45:00Z
569.5900268554688,570.1500244140625,568.8400268554688,569.3300170898438,43305,2026-08-04T13:46:00Z
569.1599731445312,569.260009765625,568.239990234375,568.8099975585938,34376,2026-08-04T13:47:00Z
568.8099975585938,570.0,568.5499877929688,569.1649780273438,85437,2026-08-04T13:48:00Z
569.3300170898438,569.6199951171875,568.72998046875,569.0549926757812,22908,2026-08-04T13:49:00Z
569.5,570.7999877929688,569.2100830078125,569.64501953125,60492,2026-08-04T13:50:00Z
569.510009765625,570.6300048828125,569.5,570.0050048828125,28847,2026-08-04T13:51:00Z
569.739990234375,570.1799926757812,569.0,569.9600219726562,23492,2026-08-04T13:52:00Z
570.1799926757812,570.43798828125,569.1099853515625,569.7844848632812,18678,2026-08-04T13:53:00Z
569.8499755859375,570.2999877929688,569.3200073242188,570.2899780273438,100406,2026-08-04T13:54:00Z
570.0,570.239990234375,568.54052734375,568.5650024414062,18503,2026-08-04T13:55:00Z
568.510009765625,568.75,566.22998046875,566.8325805664062,87232,2026-08-04T13:56:00Z
566.6849975585938,567.8900146484375,566.4600219726562,567.3350219726562,29999,2026-08-04T13:57:00Z
567.364990234375,568.1900024414062,567.3300170898438,567.4500122070312,29735,2026-08-04T13:58:00Z
567.4299926757812,567.6799926757812,566.010009765625,566.9500122070312,34028,2026-08-04T13:59:00Z
566.77001953125,567.0,565.9000244140625,566.9000244140625,40821,2026-08-04T14:00:00Z
566.719970703125,567.2000122070312,565.75,566.97998046875,28469,2026-08-04T14:01:00Z
567.1599731445312,568.1400146484375,567.1599731445312,567.3200073242188,36687,2026-08-04T14:02:00Z
567.6099853515625,568.3800048828125,567.239990234375,567.885009765625,37906,2026-08-04T14:03:00Z
567.9600219726562,568.5900268554688,567.9010009765625,567.9010009765625,26167,2026-08-04T14:04:00Z
567.9000244140625,569.5598754882812,567.9000244140625,569.2999877929688,21653,2026-08-04T14:05:00Z
569.2999877929688,569.3200073242188,568.4099731445312,568.4099731445312,48615,2026-08-04T14:06:00Z
568.260009765625,569.2249755859375,568.25,568.7435913085938,29754,2026-08-04T14:07:00Z
568.780029296875,568.9600219726562,568.4204711914062,568.6300048828125,12302,2026-08-04T14:08:00Z
568.77001953125,568.77001953125,567.3499755859375,567.9550170898438,38453,2026-08-04T14:09:00Z
567.844970703125,568.1699829101562,567.0599975585938,567.8900146484375,14557,2026-08-04T14:10:00Z
568.1199951171875,568.9550170898438,567.9099731445312,568.739990234375,28941,2026-08-04T14:11:00Z
568.739990234375,568.8499755859375,568.25,568.5399780273438,15143,2026-08-04T14:12:00Z
568.510009765625,568.9400024414062,567.6699829101562,567.6699829101562,13092,2026-08-04T14:13:00Z
567.8599853515625,568.6699829101562,567.8599853515625,568.6699829101562,12542,2026-08-04T14:14:00Z
568.5399780273438,568.8200073242188,567.989990234375,568.2899780273438,31588,2026-08-04T14:15:00Z
568.0399780273438,568.5,567.3900146484375,567.780029296875,11810,2026-08-04T14:16:00Z
567.4000244140625,567.510009765625,567.0,567.02001953125,19805,2026-08-04T14:17:00Z
567.25,567.6469116210938,566.4400024414062,566.780029296875,65805,2026-08-04T14:18:00Z
566.6701049804688,567.5,566.0,566.8800048828125,19252,2026-08-04T14:19:00Z
567.0,567.0,565.271484375,566.22998046875,20831,2026-08-04T14:20:00Z
566.3150024414062,566.6400146484375,566.0499877929688,566.6400146484375,22222,2026-08-04T14:21:00Z
566.4600219726562,567.280029296875,566.4000244140625,567.030029296875,11656,2026-08-04T14:22:00Z
566.9400024414062,566.9860229492188,565.8800048828125,566.9199829101562,13817,2026-08-04T14:23:00Z
566.77001953125,566.8350219726562,565.5999755859375,566.4400024414062,15395,2026-08-04T14:24:00Z
566.7224731445312,567.8900146484375,566.3900146484375,567.8099975585938,15249,2026-08-04T14:25:00Z
567.9199829101562,568.3298950195312,567.6799926757812,567.8400268554688,10744,2026-08-04T14:26:00Z
567.8001098632812,568.5,567.8001098632812,568.469970703125,23056,2026-08-04T14:27:00Z
568.6300048828125,568.9398803710938,568.489990234375,568.635009765625,18895,2026-08-04T14:28:00Z
568.5,568.8599853515625,568.0869750976562,568.6900024414062,12811,2026-08-04T14:29:00Z
568.6699829101562,568.8200073242188,567.4600219726562,567.5349731445312,31749,2026-08-04T14:30:00Z
567.6300048828125,568.35498046875,567.6300048828125,567.8099975585938,13248,2026-08-04T14:31:00Z
567.739990234375,568.2100219726562,567.469970703125,568.1400146484375,44331,2026-08-04T14:32:00Z
568.25,568.672607421875,567.739990234375,568.0700073242188,42938,2026-08-04T14:33:00Z
568.030029296875,568.030029296875,567.47998046875,567.5499877929688,26326,2026-08-04T14:34:00Z
567.510009765625,568.3300170898438,567.5050048828125,568.0999755859375,18527,2026-08-04T14:35:00Z
568.135009765625,568.3300170898438,567.530029296875,567.530029296875,21875,2026-08-04T14:36:00Z
567.7100219726562,568.4299926757812,567.155029296875,568.4295043945312,15533,2026-08-04T14:37:00Z
568.219970703125,568.7899780273438,567.4600219726562,567.9400024414062,31832,2026-08-04T14:38:00Z
568.0800170898438,568.2100219726562,567.6900024414062,567.7050170898438,13712,2026-08-04T14:39:00Z
567.9199829101562,568.4299926757812,567.5700073242188,568.2100219726562,13714,2026-08-04T14:40:00Z
568.0599975585938,568.1400146484375,567.5,567.7150268554688,9533,2026-08-04T14:41:00Z
567.6500244140625,568.3900146484375,567.625,568.2999877929688,14247,2026-08-04T14:42:00Z
568.0599975585938,568.4199829101562,567.9003295898438,568.239990234375,7981,2026-08-04T14:43:00Z
568.2470092773438,568.77001953125,568.010009765625,568.77001953125,12428,2026-08-04T14:44:00Z
568.6749877929688,568.6749877929688,567.8699951171875,568.169921875,15839,2026-08-04T14:45:00Z
567.9099731445312,568.6699829101562,567.8400268554688,568.6099853515625,13469,2026-08-04T14:46:00Z
568.5900268554688,568.9299926757812,568.3400268554688,568.9299926757812,15287,2026-08-04T14:47:00Z
568.9299926757812,569.1799926757812,568.6900024414062,569.010009765625,24406,2026-08-04T14:48:00Z
569.1599731445312,569.239990234375,568.780029296875,569.0900268554688,14760,2026-08-04T14:49:00Z
568.97998046875,569.5499877929688,568.5999755859375,568.7999877929688,12755,2026-08-04T14:50:00Z
568.7999877929688,568.7999877929688,567.851806640625,568.2999877929688,13090,2026-08-04T14:51:00Z
568.2000122070312,569.030029296875,568.1699829101562,568.7899780273438,7116,2026-08-04T14:52:00Z
568.7899780273438,569.1099853515625,568.6599731445312,568.7899780273438,8074,2026-08-04T14:53:00Z
568.72998046875,568.8150024414062,568.2000122070312,568.4299926757812,14053,2026-08-04T14:54:00Z
568.3099975585938,568.510009765625,567.7000122070312,567.8800048828125,8058,2026-08-04T14:55:00Z
567.6959838867188,568.1738891601562,567.530029296875,567.530029296875,14203,2026-08-04T14:56:00Z
567.635009765625,568.3200073242188,567.4099731445312,567.4099731445312,18619,2026-08-04T14:57:00Z
567.4199829101562,567.97998046875,567.4199829101562,567.9600219726562,8743,2026-08-04T14:58:00Z
567.9500122070312,568.8049926757812,567.9500122070312,568.6400146484375,19198,2026-08-04T14:59:00Z
568.5499877929688,569.0,568.3699951171875,568.7000122070312,15162,2026-08-04T15:00:00Z
568.6900024414062,569.3300170898438,568.5800170898438,569.1099853515625,18781,2026-08-04T15:01:00Z
569.1599731445312,569.719970703125,569.1599731445312,569.530029296875,21529,2026-08-04T15:02:00Z
569.6300048828125,569.9500122070312,569.5900268554688,569.7000122070312,21348,2026-08-04T15:03:00Z
569.8582763671875,570.0700073242188,569.7000122070312,569.8640747070312,25112,2026-08-04T15:04:00Z
569.7999877929688,569.9400024414062,569.3599853515625,569.4199829101562,55396,2026-08-04T15:05:00Z
569.489990234375,570.010009765625,569.2999877929688,569.9600219726562,23608,2026-08-04T15:06:00Z
569.969970703125,570.2999267578125,569.7999877929688,570.260009765625,28012,2026-08-04T15:07:00Z
570.1174926757812,570.2999267578125,569.7899780273438,570.0900268554688,32885,2026-08-04T15:08:00Z
570.1300048828125,570.260009765625,569.8800048828125,570.2050170898438,24168,2026-08-04T15:09:00Z
570.25,570.2813110351562,569.9650268554688,570.25,34053,2026-08-04T15:10:00Z
570.25,570.5900268554688,570.2000122070312,570.5800170898438,26485,2026-08-04T15:11:00Z
570.489990234375,571.1799926757812,570.489990234375,571.1500244140625,35976,2026-08-04T15:12:00Z
571.1900024414062,571.6300048828125,571.1900024414062,571.219970703125,35978,2026-08-04T15:13:00Z
571.2738037109375,572.1500244140625,571.2738037109375,571.9949951171875,36522,2026-08-04T15:14:00Z
571.9299926757812,571.989990234375,571.39501953125,571.5399780273438,31090,2026-08-04T15:15:00Z
571.5449829101562,571.6699829101562,571.3049926757812,571.3699951171875,11860,2026-08-04T15:16:00Z
571.3400268554688,571.6300048828125,571.2999877929688,571.4749755859375,8312,2026-08-04T15:17:00Z
571.4500122070312,571.780029296875,571.2999877929688,571.6599731445312,9647,2026-08-04T15:18:00Z
571.6900024414062,572.1199951171875,571.5999755859375,571.8400268554688,13112,2026-08-04T15:19:00Z
571.8300170898438,572.3300170898438,571.780029296875,572.27001953125,18944,2026-08-04T15:20:00Z
572.260009765625,572.3250122070312,571.9099731445312,572.1099853515625,11515,2026-08-04T15:21:00Z
572.280029296875,572.4500122070312,571.75,571.7999877929688,14690,2026-08-04T15:22:00Z
571.6849975585938,572.2999267578125,571.6849975585938,572.0897216796875,9414,2026-08-04T15:23:00Z
572.1300048828125,572.1300048828125,571.530029296875,571.6599731445312,14705,2026-08-04T15:24:00Z
571.655029296875,571.885009765625,571.5399780273438,571.5399780273438,14588,2026-08-04T15:25:00Z
571.5499877929688,571.6199951171875,571.2349853515625,571.5549926757812,13616,2026-08-04T15:26:00Z
571.72998046875,571.7949829101562,571.030029296875,571.0399780273438,17319,2026-08-04T15:27:00Z
571.1099853515625,571.4199829101562,570.840087890625,571.2650146484375,12213,2026-08-04T15:28:00Z
571.27001953125,571.27001953125,570.780029296875,570.969970703125,13417,2026-08-04T15:29:00Z
570.8300170898438,570.9149780273438,570.630126953125,570.8099975585938,8411,2026-08-04T15:30:00Z
570.8800048828125,571.0599975585938,570.7000122070312,571.0599975585938,5976,2026-08-04T15:31:00Z
571.0499877929688,571.25,570.9199829101562,571.0399780273438,5788,2026-08-04T15:32:00Z
571.06689453125,571.219970703125,570.9359741210938,571.010009765625,7486,2026-08-04T15:33:00Z
570.9600219726562,571.010009765625,570.6799926757812,570.8300170898438,11201,2026-08-04T15:34:00Z
571.0250244140625,571.5599975585938,570.8621826171875,571.47998046875,10126,2026-08-04T15:35:00Z
571.3099975585938,571.5250244140625,571.280029296875,571.3599853515625,6854,2026-08-04T15:36:00Z
571.469970703125,571.780029296875,571.4500122070312,571.780029296875,9118,2026-08-04T15:37:00Z
571.6699829101562,572.4099731445312,571.3099975585938,572.2899780273438,43888,2026-08-04T15:38:00Z
572.39501953125,572.5599975585938,571.8800048828125,572.0900268554688,12163,2026-08-04T15:39:00Z
572.1699829101562,572.2999877929688,571.969970703125,572.2000122070312,11817,2026-08-04T15:40:00Z
572.10498046875,572.4600219726562,572.0,572.280029296875,17207,2026-08-04T15:41:00Z
572.3499755859375,572.4299926757812,571.97998046875,572.4299926757812,10419,2026-08-04T15:42:00Z
572.5,572.7999877929688,572.4262084960938,572.75,14532,2026-08-04T15:43:00Z
572.7000732421875,573.2150268554688,572.7000122070312,573.1699829101562,14870,2026-08-04T15:44:00Z
573.1950073242188,573.3699951171875,573.0700073242188,573.0900268554688,12971,2026-08-04T15:45:00Z
573.280029296875,573.280029296875,572.9099731445312,573.0800170898438,14401,2026-08-04T15:46:00Z
573.02001953125,573.2899780273438,572.8800048828125,573.2241821289062,16365,2026-08-04T15:47:00Z
573.1799926757812,573.25,572.9199829101562,573.0399780273438,16520,2026-08-04T15:48:00Z
573.1500244140625,573.2299194335938,572.8101196289062,573.1900024414062,11268,2026-08-04T15:49:00Z
573.114990234375,573.280029296875,572.9199829101562,572.989990234375,27312,2026-08-04T15:50:00Z
572.9652099609375,573.0399780273438,572.8599853515625,572.9600219726562,11880,2026-08-04T15:51:00Z
573.02001953125,573.3900146484375,573.0050048828125,573.1500244140625,13541,2026-08-04T15:52:00Z
573.219970703125,573.4500122070312,573.0599975585938,573.1950073242188,13979,2026-08-04T15:53:00Z
573.0900268554688,573.1900024414062,572.7899780273438,572.7899780273438,10049,2026-08-04T15:54:00Z
572.7999877929688,573.27001953125,572.5800170898438,573.219970703125,11742,2026-08-04T15:55:00Z
573.2249755859375,573.2349853515625,572.6500244140625,572.760009765625,8074,2026-08-04T15:56:00Z
572.8900146484375,572.8900146484375,572.6199951171875,572.75,6290,2026-08-04T15:57:00Z
572.7000122070312,572.8900146484375,572.5499877929688,572.6699829101562,9216,2026-08-04T15:58:00Z
572.6099853515625,572.6799926757812,572.280029296875,572.47998046875,14862,2026-08-04T15:59:00Z
572.47998046875,573.47998046875,572.4099731445312,573.47998046875,16374,2026-08-04T16:00:00Z
573.3800048828125,573.6599731445312,573.0902099609375,573.14501953125,16271,2026-08-04T16:01:00Z
573.1740112304688,573.2100219726562,572.97998046875,573.0800170898438,14040,2026-08-04T16:02:00Z
573.1699829101562,573.3099975585938,573.0,573.0,7862,2026-08-04T16:03:00Z
573.0700073242188,573.2899780273438,572.8427734375,573.1699829101562,11170,2026-08-04T16:04:00Z
573.188720703125,573.5999755859375,573.0900268554688,573.1599731445312,13061,2026-08-04T16:05:00Z
573.2100219726562,573.3499755859375,572.989990234375,573.0349731445312,12589,2026-08-04T16:06:00Z
573.0800170898438,573.239990234375,572.9000244140625,573.02001953125,10955,2026-08-04T16:07:00Z
572.969970703125,573.1799926757812,572.8200073242188,572.8400268554688,9784,2026-08-04T16:08:00Z
572.9000244140625,572.9299926757812,572.4299926757812,572.4299926757812,14805,2026-08-04T16:09:00Z
572.469970703125,572.5599975585938,572.1300048828125,572.3800048828125,17291,2026-08-04T16:10:00Z
572.2999877929688,572.2999877929688,571.9299926757812,571.9299926757812,11409,2026-08-04T16:11:00Z
571.85107421875,572.280029296875,571.780029296875,572.280029296875,9081,2026-08-04T16:12:00Z
572.3499755859375,572.72998046875,572.22998046875,572.64501953125,7765,2026-08-04T16:13:00Z
572.64501953125,572.64501953125,572.0900268554688,572.1699829101562,5470,2026-08-04T16:14:00Z
572.2050170898438,572.3488159179688,572.0,572.3488159179688,9146,2026-08-04T16:15:00Z
572.3699951171875,572.5900268554688,572.3699951171875,572.530029296875,6428,2026-08-04T16:16:00Z
572.530029296875,572.8900146484375,572.530029296875,572.7100219726562,14226,2026-08-04T16:17:00Z
572.8200073242188,573.27001953125,572.7849731445312,573.1900024414062,5098,2026-08-04T16:18:00Z
573.2100219726562,573.9349975585938,573.2100219726562,573.6799926757812,66393,2026-08-04T16:19:00Z
573.6300048828125,573.7650146484375,573.364990234375,573.5399780273438,9125,2026-08-04T16:20:00Z
573.6099853515625,573.8800048828125,573.5499877929688,573.77001953125,9483,2026-08-04T16:21:00Z
573.8300170898438,574.0800170898438,573.75,573.760009765625,23533,2026-08-04T16:22:00Z
573.7999877929688,573.9199829101562,573.5,573.5731811523438,12007,2026-08-04T16:23:00Z
573.6199951171875,573.6900024414062,573.47998046875,573.5700073242188,11880,2026-08-04T16:24:00Z
573.5499877929688,573.5499877929688,573.0443725585938,573.2449951171875,13010,2026-08-04T16:25:00Z
573.3599853515625,573.4199829101562,573.0700073242188,573.1699829101562,4052,2026-08-04T16:26:00Z
573.2799072265625,573.5900268554688,573.22998046875,573.3200073242188,5724,2026-08-04T16:27:00Z
573.3599853515625,573.4500122070312,573.219970703125,573.4500122070312,7145,2026-08-04T16:28:00Z
573.3917846679688,573.4149780273438,573.030029296875,573.0850219726562,9427,2026-08-04T16:29:00Z
573.1400146484375,573.3300170898438,572.719970703125,573.1699829101562,10658,2026-08-04T16:30:00Z
573.1500244140625,573.5700073242188,573.1500244140625,573.5700073242188,6581,2026-08-04T16:31:00Z
573.5601196289062,573.77001953125,573.5601196289062,573.5650024414062,8196,2026-08-04T16:32:00Z
573.6300048828125,573.760009765625,573.5438232421875,573.7050170898438,6697,2026-08-04T16:33:00Z
573.739990234375,573.8400268554688,573.4849853515625,573.6389770507812,6728,2026-08-04T16:34:00Z
573.6649780273438,573.7899780273438,573.5599975585938,573.6799926757812,11518,2026-08-04T16:35:00Z
573.6099853515625,573.788818359375,573.56591796875,573.6400146484375,7034,2026-08-04T16:36:00Z
573.6900024414062,573.7100219726562,573.530029296875,573.6599731445312,14817,2026-08-04T16:37:00Z
573.6500244140625,573.6699829101562,573.0421142578125,573.239990234375,11763,2026-08-04T16:38:00Z
573.2750244140625,573.5800170898438,573.25,573.4299926757812,14588,2026-08-04T16:39:00Z
573.3300170898438,573.4199829101562,573.081787109375,573.081787109375,9124,2026-08-04T16:40:00Z
573.1300048828125,573.3499755859375,573.0999755859375,573.219970703125,10409,2026-08-04T16:41:00Z
573.1500244140625,573.2899780273438,573.0,573.2899780273438,12534,2026-08-04T16:42:00Z
573.2050170898438,573.489990234375,573.1699829101562,573.4400024414062,15794,2026-08-04T16:43:00Z
573.489990234375,573.7000122070312,573.4400024414062,573.489990234375,14796,2026-08-04T16:44:00Z
573.4949951171875,573.760009765625,573.4000244140625,573.760009765625,13022,2026-08-04T16:45:00Z
573.8099975585938,573.97998046875,573.6500244140625,573.9299926757812,15347,2026-08-04T16:46:00Z
573.9400024414062,574.2000122070312,573.9099731445312,574.0250244140625,15676,2026-08-04T16:47:00Z
573.97998046875,574.3400268554688,573.97998046875,574.1500244140625,14663,2026-08-04T16:48:00Z
574.0700073242188,574.0999755859375,573.8300170898438,574.0650024414062,11091,2026-08-04T16:49:00Z
574.1199951171875,574.1799926757812,573.6400146484375,573.7899780273438,11323,2026-08-04T16:50:00Z
573.8599853515625,574.0999755859375,573.8599853515625,573.9600219726562,24737,2026-08-04T16:51:00Z
574.03662109375,574.1199951171875,573.8599853515625,574.0399780273438,10763,2026-08-04T16:52:00Z
574.0399780273438,574.1599731445312,573.9099731445312,574.0399780273438,7691,2026-08-04T16:53:00Z
574.159912109375,574.2000122070312,573.7100219726562,573.8250122070312,12699,2026-08-04T16:54:00Z
573.8900146484375,573.9099731445312,573.5499877929688,573.5499877929688,9477,2026-08-04T16:55:00Z
573.6099853515625,573.82958984375,573.469970703125,573.780029296875,5095,2026-08-04T16:56:00Z
573.8099975585938,574.0,573.8099975585938,574.0,8743,2026-08-04T16:57:00Z
574.0,574.0999755859375,573.875,574.0850219726562,6969,2026-08-04T16:58:00Z
574.0449829101562,574.2849731445312,574.0050048828125,574.2849731445312,7861,2026-08-04T16:59:00Z
574.3399047851562,574.8400268554688,574.2100219726562,574.760009765625,23608,2026-08-04T17:00:00Z
574.6300048828125,575.0399780273438,574.6300048828125,574.7100219726562,24288,2026-08-04T17:01:00Z
574.7000122070312,574.8300170898438,574.4666748046875,574.489990234375,12198,2026-08-04T17:02:00Z
574.4299926757812,574.6749877929688,574.390380859375,574.5800170898438,9614,2026-08-04T17:03:00Z
574.7999877929688,575.0,574.7200927734375,574.9650268554688,14671,2026-08-04T17:04:00Z
574.9000244140625,575.489990234375,574.8200073242188,575.02001953125,15414,2026-08-04T17:05:00Z
575.030029296875,575.3300170898438,574.77001953125,575.3200073242188,13364,2026-08-04T17:06:00Z
575.3200073242188,575.564208984375,575.1799926757812,575.4500122070312,6016,2026-08-04T17:07:00Z
575.5599975585938,575.5599975585938,575.0800170898438,575.2000122070312,5609,2026-08-04T17:08:00Z
575.3900146484375,575.3900146484375,574.9299926757812,575.1495971679688,7136,2026-08-04T17:09:00Z
575.010009765625,575.260009765625,574.9199829101562,574.989990234375,11895,2026-08-04T17:10:00Z
574.9400024414062,575.219970703125,574.77001953125,575.1248779296875,10327,2026-08-04T17:11:00Z
575.1699829101562,575.4000244140625,575.1300048828125,575.27001953125,9217,2026-08-04T17:12:00Z
575.3350219726562,575.3350219726562,575.0,575.0499877929688,10067,2026-08-04T17:13:00Z
575.155029296875,575.239990234375,575.0,575.2000122070312,7002,2026-08-04T17:14:00Z
575.2249755859375,575.2899780273438,575.0,575.280029296875,14801,2026-08-04T17:15:00Z
575.1900024414062,575.280029296875,574.9550170898438,575.0399780273438,17064,2026-08-04T17:16:00Z
575.0900268554688,575.3900146484375,574.8900146484375,575.1599731445312,14983,2026-08-04T17:17:00Z
575.0800170898438,575.1751708984375,574.844970703125,575.0,11387,2026-08-04T17:18:00Z
574.9785766601562,574.97998046875,574.760009765625,574.8900146484375,11551,2026-08-04T17:19:00Z
574.9500122070312,575.1699829101562,574.6900024414062,574.739990234375,6929,2026-08-04T17:20:00Z
574.5800170898438,574.901123046875,574.5599975585938,574.7899780273438,14534,2026-08-04T17:21:00Z
574.7849731445312,574.9299926757812,574.7000122070312,574.77001953125,6099,2026-08-04T17:22:00Z
574.6699829101562,575.2000122070312,574.5900268554688,575.2000122070312,12370,2026-08-04T17:23:00Z
575.22998046875,575.3994140625,575.2100219726562,575.35498046875,6198,2026-08-04T17:24:00Z
575.3599853515625,575.489990234375,575.25,575.4500122070312,6742,2026-08-04T17:25:00Z
575.4600219726562,576.2550048828125,575.4600219726562,575.969970703125,16865,2026-08-04T17:26:00Z
576.0399780273438,576.280029296875,575.864990234375,576.2000122070312,8250,2026-08-04T17:27:00Z
576.0700073242188,576.2100219726562,575.969970703125,576.0750122070312,9404,2026-08-04T17:28:00Z
576.0250244140625,576.0800170898438,575.8499755859375,575.8699951171875,10005,2026-08-04T17:29:00Z
575.8400268554688,575.919921875,575.5,575.5800170898438,10288,2026-08-04T17:30:00Z
575.7899780273438,575.7899780273438,575.2954711914062,575.4650268554688,10734,2026-08-04T17:31:00Z
575.5499877929688,575.8150024414062,575.489990234375,575.8150024414062,3635,2026-08-04T17:32:00Z
575.9500122070312,575.9500122070312,575.5399780273438,575.5399780273438,13677,2026-08-04T17:33:00Z
575.4400024414062,575.8300170898438,575.27001953125,575.7899780273438,8721,2026-08-04T17:34:00Z
576.0,576.0999755859375,575.8300170898438,575.9500122070312,12461,2026-08-04T17:35:00Z
575.9400024414062,576.1400146484375,575.9000244140625,576.0850830078125,6806,2026-08-04T17:36:00Z
576.260009765625,576.3300170898438,576.1400146484375,576.2550048828125,10561,2026-08-04T17:37:00Z
576.3300170898438,576.5499877929688,576.2000732421875,576.3900146484375,12930,2026-08-04T17:38:00Z
576.4500122070312,576.5800170898438,576.3150024414062,576.4000244140625,7585,2026-08-04T17:39:00Z
576.3900146484375,576.6500244140625,576.3200073242188,576.6500244140625,10679,2026-08-04T17:40:00Z
576.6500244140625,576.6699829101562,576.344970703125,576.4299926757812,10237,2026-08-04T17:41:00Z
576.43798828125,576.4949951171875,576.2100219726562,576.469970703125,12933,2026-08-04T17:42:00Z
576.4099731445312,576.5299072265625,576.1900024414062,576.5,14957,2026-08-04T17:43:00Z
576.4500122070312,576.5700073242188,576.4500122070312,576.5650024414062,4582,2026-08-04T17:44:00Z
576.6400146484375,577.1799926757812,576.6400146484375,577.1699829101562,11676,2026-08-04T17:45:00Z
577.1799926757812,577.3699951171875,577.0999755859375,577.3699951171875,5182,2026-08-04T17:46:00Z
577.4000244140625,577.4299926757812,577.1199951171875,577.219970703125,18192,2026-08-04T17:47:00Z
577.2249755859375,577.5999755859375,577.219970703125,577.5449829101562,19191,2026-08-04T17:48:00Z
577.5999755859375,577.7449951171875,577.0999755859375,577.0999755859375,9315,2026-08-04T17:49:00Z
577.1799926757812,577.2449951171875,576.4805297851562,576.614990234375,12172,2026-08-04T17:50:00Z
576.510009765625,576.6099853515625,575.989990234375,576.0150146484375,11939,2026-08-04T17:51:00Z
576.02001953125,576.2849731445312,575.8499755859375,575.9099731445312,12268,2026-08-04T17:52:00Z
576.0599975585938,576.5,576.0,576.5,5217,2026-08-04T17:53:00Z
576.489990234375,576.489990234375,576.1500244140625,576.2150268554688,6056,2026-08-04T17:54:00Z
576.0900268554688,576.2000122070312,575.6500244140625,576.0900268554688,8094,2026-08-04T17:55:00Z
576.25,576.3699951171875,575.9703979492188,576.0850219726562,3735,2026-08-04T17:56:00Z
576.125,576.3200073242188,576.125,576.260009765625,9852,2026-08-04T17:57:00Z
576.3699951171875,576.4299926757812,576.135009765625,576.2449951171875,6370,2026-08-04T17:58:00Z
576.0599975585938,576.0750122070312,575.4099731445312,575.4600219726562,16329,2026-08-04T17:59:00Z
575.4000244140625,575.5999755859375,574.489990234375,574.9299926757812,33905,2026-08-04T18:00:00Z
574.8300170898438,575.739990234375,574.6699829101562,575.719970703125,21545,2026-08-04T18:01:00Z
575.8599853515625,575.989990234375,575.4500122070312,575.6400146484375,9584,2026-08-04T18:02:00Z
575.60498046875,575.7000122070312,575.27001953125,575.4500122070312,8223,2026-08-04T18:03:00Z
575.4099731445312,575.4400024414062,574.4550170898438,574.4949951171875,14764,2026-08-04T18:04:00Z
574.3699951171875,574.8499755859375,574.1099853515625,574.8499755859375,10381,2026-08-04T18:05:00Z
574.8699951171875,574.9400024414062,574.0,574.260009765625,11508,2026-08-04T18:06:00Z
574.8900146484375,575.1799926757812,574.7000122070312,574.7000122070312,8959,2026-08-04T18:07:00Z
574.7000122070312,575.0050048828125,574.5999755859375,575.0050048828125,5682,2026-08-04T18:08:00Z
574.9500122070312,575.5,574.8300170898438,575.2650146484375,16631,2026-08-04T18:09:00Z
575.3499755859375,575.3499755859375,574.6300048828125,574.7449951171875,8408,2026-08-04T18:10:00Z
574.8200073242188,574.9400024414062,574.614990234375,574.7849731445312,6758,2026-08-04T18:11:00Z
574.6199951171875,575.0900268554688,574.6199951171875,574.969970703125,7648,2026-08-04T18:12:00Z
574.9550170898438,575.469970703125,574.8900146484375,575.469970703125,5467,2026-08-04T18:13:00Z
575.3400268554688,575.7150268554688,575.2100219726562,575.7150268554688,6341,2026-08-04T18:14:00Z
575.719970703125,575.9500122070312,575.64501953125,575.9398803710938,9093,2026-08-04T18:15:00Z
575.8438110351562,576.0,575.6699829101562,575.9099731445312,10816,2026-08-04T18:16:00Z
575.8699951171875,576.1599731445312,575.75,576.0150146484375,9497,2026-08-04T18:17:00Z
575.8900146484375,576.3800048828125,575.8499755859375,576.3800048828125,15376,2026-08-04T18:18:00Z
576.3350219726562,576.4099731445312,576.0599975585938,576.2100219726562,14438,2026-08-04T18:19:00Z
576.0999755859375,576.5698852539062,576.0700073242188,576.4550170898438,6701,2026-08-04T18:20:00Z
576.530029296875,576.6400146484375,576.0900268554688,576.2349853515625,17189,2026-08-04T18:21:00Z
576.25,576.9000244140625,576.25,576.5700073242188,13144,2026-08-04T18:22:00Z
576.5350952148438,576.75,576.530029296875,576.6300048828125,12128,2026-08-04T18:23:00Z
576.5700073242188,576.7100219726562,576.4500122070312,576.5449829101562,14784,2026-08-04T18:24:00Z
576.5999755859375,576.7999877929688,576.5999755859375,576.7000122070312,6962,2026-08-04T18:25:00Z
576.625,576.77490234375,576.4199829101562,576.4949951171875,11054,2026-08-04T18:26:00Z
576.5399780273438,576.6199951171875,576.2100219726562,576.280029296875,8338,2026-08-04T18:27:00Z
576.2000122070312,576.7249755859375,576.2000122070312,576.7050170898438,8634,2026-08-04T18:28:00Z
576.719970703125,576.9099731445312,576.6500244140625,576.8699951171875,5917,2026-08-04T18:29:00Z
576.8499755859375,577.4299926757812,576.8200073242188,577.364990234375,9543,2026-08-04T18:30:00Z
577.364990234375,577.489990234375,577.22998046875,577.2550048828125,7884,2026-08-04T18:31:00Z
577.280029296875,577.3699951171875,577.1300048828125,577.280029296875,16064,2026-08-04T18:32:00Z
577.3599853515625,577.3599853515625,576.8699951171875,576.9400024414062,18424,2026-08-04T18:33:00Z
577.0286254882812,577.1900024414062,576.5999755859375,576.7000122070312,28132,2026-08-04T18:34:00Z
576.719970703125,576.909912109375,576.5700073242188,576.6300048828125,12494,2026-08-04T18:35:00Z
576.6099853515625,576.8300170898438,576.510009765625,576.7899780273438,15695,2026-08-04T18:36:00Z
576.8200073242188,576.8200073242188,576.1600952148438,576.3300170898438,46066,2026-08-04T18:37:00Z
576.280029296875,576.4400024414062,576.1104125976562,576.1104125976562,7784,2026-08-04T18:38:00Z
576.1900024414062,576.4199829101562,576.1199951171875,576.4199829101562,11734,2026-08-04T18:39:00Z
576.2999877929688,576.3099975585938,575.8300170898438,576.0900268554688,8398,2026-08-04T18:40:00Z
576.110107421875,576.4899291992188,576.110107421875,576.4600219726562,8837,2026-08-04T18:41:00Z
576.3499755859375,576.5,575.9199829101562,575.9199829101562,5456,2026-08-04T18:42:00Z
575.8900146484375,576.0599975585938,575.7100219726562,576.0599975585938,17550,2026-08-04T18:43:00Z
576.0900268554688,576.280029296875,576.0499877929688,576.135009765625,13392,2026-08-04T18:44:00Z
576.1400146484375,576.8800048828125,576.1400146484375,576.60498046875,13938,2026-08-04T18:45:00Z
576.6099853515625,577.1599731445312,576.6099853515625,577.0700073242188,8888,2026-08-04T18:46:00Z
577.1500244140625,577.1898803710938,576.8400268554688,577.010009765625,6945,2026-08-04T18:47:00Z
577.1400146484375,577.3099975585938,577.1099853515625,577.1900024414062,9364,2026-08-04T18:48:00Z
577.3499755859375,577.4390258789062,577.0700073242188,577.114990234375,12380,2026-08-04T18:49:00Z
577.0399780273438,577.4771118164062,577.0399780273438,577.3800048828125,10845,2026-08-04T18:50:00Z
577.3599853515625,577.3900146484375,577.1300048828125,577.239990234375,7738,2026-08-04T18:51:00Z
577.219970703125,577.2999877929688,577.0800170898438,577.219970703125,7356,2026-08-04T18:52:00Z
577.1400146484375,577.1400146484375,576.8599853515625,577.125,8685,2026-08-04T18:53:00Z
577.1300048828125,577.135009765625,576.8699951171875,576.969970703125,6752,2026-08-04T18:54:00Z
577.0999755859375,577.14501953125,576.8699951171875,577.0,11116,2026-08-04T18:55:00Z
577.0399780273438,577.1099853515625,576.9400024414062,576.9949951171875,14442,2026-08-04T18:56:00Z
577.0789794921875,577.1799926757812,576.9299926757812,577.0850219726562,9730,2026-08-04T18:57:00Z
577.1199951171875,577.405029296875,577.0900268554688,577.4000244140625,10743,2026-08-04T18:58:00Z
577.3300170898438,577.4600219726562,577.22998046875,577.2750244140625,6566,2026-08-04T18:59:00Z
577.3300170898438,577.9400024414062,577.1300048828125,577.9149780273438,31861,2026-08-04T19:00:00Z
577.97998046875,578.4500122070312,577.969970703125,578.1199951171875,33023,2026-08-04T19:01:00Z
578.1300048828125,578.3300170898438,577.85009765625,578.3300170898438,23221,2026-08-04T19:02:00Z
578.35498046875,578.47998046875,578.2855834960938,578.3200073242188,16413,2026-08-04T19:03:00Z
578.3599853515625,578.3599853515625,577.989990234375,578.0499877929688,21161,2026-08-04T19:04:00Z
578.0999755859375,578.385009765625,577.5800170898438,577.64501953125,20885,2026-08-04T19:05:00Z
577.6900024414062,578.2999877929688,577.6300048828125,578.2615966796875,23128,2026-08-04T19:06:00Z
578.260009765625,578.489990234375,578.25,578.4091796875,23732,2026-08-04T19:07:00Z
578.4000244140625,578.4000244140625,578.1699829101562,578.239990234375,25418,2026-08-04T19:08:00Z
578.3099975585938,578.4400024414062,578.1699829101562,578.4199829101562,22019,2026-08-04T19:09:00Z
578.3599853515625,578.41162109375,578.0399780273438,578.1300048828125,31482,2026-08-04T19:10:00Z
578.0662231445312,578.489013671875,578.0662231445312,578.4600219726562,22848,2026-08-04T19:11:00Z
578.4199829101562,578.4600219726562,577.8499755859375,577.9199829101562,31683,2026-08-04T19:12:00Z
577.9398193359375,577.989990234375,577.77001953125,577.8499755859375,26941,2026-08-04T19:13:00Z
577.8900146484375,577.969970703125,577.7000122070312,577.780029296875,26808,2026-08-04T19:14:00Z
577.8200073242188,578.0900268554688,577.6900024414062,577.739990234375,26837,2026-08-04T19:15:00Z
577.6799926757812,578.405029296875,577.594970703125,578.364990234375,9426,2026-08-04T19:16:00Z
578.4500122070312,578.52001953125,578.2310180664062,578.4400024414062,8917,2026-08-04T19:17:00Z
578.4299926757812,578.5999755859375,578.27001953125,578.27001953125,12170,2026-08-04T19:18:00Z
578.3150024414062,578.5599975585938,578.1900024414062,578.5599975585938,9869,2026-08-04T19:19:00Z
578.5800170898438,578.5999755859375,578.3800048828125,578.47998046875,13356,2026-08-04T19:20:00Z
578.4949951171875,578.5599975585938,578.1024780273438,578.1798706054688,20456,2026-08-04T19:21:00Z
578.0650024414062,578.1300048828125,577.9299926757812,578.010009765625,14156,2026-08-04T19:22:00Z
578.0800170898438,578.25,577.8300170898438,578.030029296875,18935,2026-08-04T19:23:00Z
577.97998046875,578.125,577.6430053710938,577.6599731445312,21215,2026-08-04T19:24:00Z
577.7000122070312,578.0336303710938,577.0700073242188,577.1699829101562,28348,2026-08-04T19:25:00Z
577.1599731445312,577.3499755859375,577.010009765625,577.3499755859375,15566,2026-08-04T19:26:00Z
577.2999877929688,577.7000122070312,577.2150268554688,577.3350219726562,15703,2026-08-04T19:27:00Z
577.3599853515625,577.3599853515625,576.8900146484375,576.8900146484375,17223,2026-08-04T19:28:00Z
576.8599853515625,577.2000122070312,576.739990234375,577.2000122070312,18579,2026-08-04T19:29:00Z
577.1900024414062,577.1900024414062,576.6099853515625,576.885009765625,26133,2026-08-04T19:30:00Z
576.72998046875,577.1599731445312,576.2999877929688,577.0900268554688,24104,2026-08-04T19:31:00Z
577.010009765625,577.1099853515625,576.760009765625,576.9199829101562,16767,2026-08-04T19:32:00Z
576.9099731445312,577.1500244140625,576.655029296875,576.72998046875,20249,2026-08-04T19:33:00Z
576.7000122070312,576.8499755859375,576.4099731445312,576.7000122070312,15086,2026-08-04T19:34:00Z
576.8499755859375,576.9299926757812,576.6099853515625,576.9099731445312,12802,2026-08-04T19:35:00Z
577.0,577.1099853515625,576.6699829101562,577.1099853515625,23815,2026-08-04T19:36:00Z
577.0999755859375,577.469970703125,577.010009765625,577.3800048828125,26524,2026-08-04T19:37:00Z
577.4199829101562,577.5499877929688,577.2899780273438,577.3099975585938,17125,2026-08-04T19:38:00Z
577.3099975585938,577.5399780273438,577.2000122070312,577.3699951171875,41830,2026-08-04T19:39:00Z
577.3499755859375,577.7000122070312,577.25,577.6400146484375,28304,2026-08-04T19:40:00Z
577.7000122070312,577.7899780273438,577.5399780273438,577.5650024414062,20747,2026-08-04T19:41:00Z
577.593994140625,577.7999877929688,577.5,577.6400146484375,51259,2026-08-04T19:42:00Z
577.6400146484375,577.7100219726562,577.4000244140625,577.6900024414062,34105,2026-08-04T19:43:00Z
577.739990234375,577.9299926757812,577.6799926757812,577.8800048828125,18532,2026-08-04T19:44:00Z
577.885009765625,577.97998046875,577.52001953125,577.75,33306,2026-08-04T19:45:00Z
577.7750244140625,578.0,577.4099731445312,577.47998046875,25568,2026-08-04T19:46:00Z
577.510009765625,577.510009765625,577.1199951171875,577.2999877929688,20403,2026-08-04T19:47:00Z
577.2999877929688,577.2999877929688,577.0999755859375,577.27001953125,28836,2026-08-04T19:48:00Z
577.25,577.2899780273438,576.9400024414062,576.9400024414062,45924,2026-08-04T19:49:00Z
577.010009765625,577.5900268554688,576.5,577.4600219726562,80737,2026-08-04T19:50:00Z
577.4500122070312,577.5599975585938,576.8499755859375,576.8499755859375,43847,2026-08-04T19:51:00Z
576.905029296875,577.27001953125,576.5999755859375,577.1699829101562,68427,2026-08-04T19:52:00Z
577.1900024414062,577.4000244140625,576.760009765625,576.8900146484375,49139,2026-08-04T19:53:00Z
576.8699951171875,576.9000244140625,575.6599731445312,575.6799926757812,144875,2026-08-04T19:54:00Z
575.6900024414062,577.25,575.6900024414062,576.3250122070312,173487,2026-08-04T19:55:00Z
576.3300170898438,576.3699951171875,575.75,575.8300170898438,105810,2026-08-04T19:56:00Z
575.8300170898438,576.1298828125,575.6199951171875,575.6300048828125,127545,2026-08-04T19:57:00Z
575.6099853515625,576.0599975585938,575.4600219726562,576.0599975585938,169414,2026-08-04T19:58:00Z
576.0499877929688,576.1799926757812,575.3800048828125,575.5399780273438,220012,2026-08-04T19:59:00Z
574.4099731445312,576.239990234375,573.8250122070312,574.8499755859375,316323,2026-08-05T13:30:00Z
574.8900146484375,577.5250244140625,574.8900146484375,577.3099975585938,40694,2026-08-05T13:31:00Z
577.0850219726562,577.7899780273438,574.7100219726562,575.3900146484375,47500,2026-08-05T13:32:00Z
575.6900024414062,577.1680297851562,575.25,576.5,33668,2026-08-05T13:33:00Z
576.3001098632812,577.458984375,575.8699951171875,576.9099731445312,29214,2026-08-05T13:34:00Z
577.219970703125,578.22998046875,576.5499877929688,578.1900024414062,29667,2026-08-05T13:35:00Z
578.3300170898438,578.3300170898438,573.9005737304688,575.375,56066,2026-08-05T13:36:00Z
575.1599731445312,576.31787109375,574.72998046875,575.8499755859375,32374,2026-08-05T13:37:00Z
576.030029296875,578.1400146484375,576.030029296875,576.8599853515625,39160,2026-08-05T13:38:00Z
577.4400024414062,578.5700073242188,576.27001953125,577.9299926757812,29694,2026-08-05T13:39:00Z
577.8300170898438,579.280029296875,577.25,578.8693237304688,23680,2026-08-05T13:40:00Z
578.3499755859375,578.5599975585938,577.530029296875,578.530029296875,32107,2026-08-05T13:41:00Z
579.1400146484375,580.1900024414062,578.8099975585938,580.0900268554688,31153,2026-08-05T13:42:00Z
580.344970703125,581.1699829101562,580.27001953125,581.0,25203,2026-08-05T13:43:00Z
580.5399780273438,580.75,579.5369873046875,580.5275268554688,25219,2026-08-05T13:44:00Z
580.4650268554688,581.8499755859375,580.0800170898438,580.52001953125,33559,2026-08-05T13:45:00Z
580.5499877929688,581.8699951171875,580.1201171875,581.7056884765625,15421,2026-08-05T13:46:00Z
581.5250244140625,582.989990234375,581.47998046875,582.5499267578125,32548,2026-08-05T13:47:00Z
582.5499877929688,583.9099731445312,582.1599731445312,583.844970703125,30731,2026-08-05T13:48:00Z
583.97998046875,584.530029296875,583.6199951171875,584.239990234375,86054,2026-08-05T13:49:00Z
584.6300048828125,585.0,582.0700073242188,582.1500244140625,41079,2026-08-05T13:50:00Z
582.3499755859375,583.1298828125,581.3599853515625,582.1500244140625,27897,2026-08-05T13:51:00Z
582.094970703125,582.489990234375,581.0900268554688,581.6099853515625,10742,2026-08-05T13:52:00Z
581.1199951171875,582.9199829101562,580.8400268554688,581.9199829101562,32139,2026-08-05T13:53:00Z
582.4650268554688,582.75,580.6099853515625,582.6300048828125,18550,2026-08-05T13:54:00Z
582.469970703125,582.9099731445312,581.5700073242188,581.655029296875,31745,2026-08-05T13:55:00Z
581.531005859375,581.7999877929688,580.780029296875,581.280029296875,20555,2026-08-05T13:56:00Z
581.3200073242188,582.4600219726562,581.2100830078125,582.280029296875,20647,2026-08-05T13:57:00Z
582.3599853515625,583.6699829101562,582.2000122070312,583.6699829101562,19539,2026-08-05T13:58:00Z
583.7794799804688,583.8300170898438,582.6799926757812,583.260009765625,24529,2026-08-05T13:59:00Z
582.739990234375,583.0250244140625,580.3900146484375,581.2550048828125,39718,2026-08-05T14:00:00Z
581.4099731445312,581.4099731445312,579.4099731445312,579.7249755859375,30115,2026-08-05T14:01:00Z
579.8400268554688,579.8400268554688,577.4299926757812,578.1500244140625,33377,2026-08-05T14:02:00Z
578.52001953125,578.7999877929688,577.7999877929688,578.2675170898438,42360,2026-08-05T14:03:00Z
578.281005859375,579.0999755859375,576.6702270507812,578.030029296875,63529,2026-08-05T14:04:00Z
578.5700073242188,579.9299926757812,578.5700073242188,578.8809814453125,33730,2026-08-05T14:05:00Z
578.8499755859375,579.72998046875,578.7000122070312,579.72998046875,22890,2026-08-05T14:06:00Z
579.9099731445312,580.7100219726562,579.9099731445312,580.3800048828125,19072,2026-08-05T14:07:00Z
580.4299926757812,580.9500122070312,580.0999755859375,580.5150146484375,14075,2026-08-05T14:08:00Z
580.5850219726562,581.4199829101562,579.5999755859375,579.969970703125,25930,2026-08-05T14:09:00Z
579.9450073242188,580.5999755859375,578.5399780273438,580.3800048828125,18413,2026-08-05T14:10:00Z
580.7899780273438,580.8300170898438,579.2899780273438,579.6599731445312,14776,2026-08-05T14:11:00Z
579.3599853515625,580.4400024414062,579.3400268554688,579.6699829101562,8252,2026-08-05T14:12:00Z
579.5,580.5900268554688,579.5,579.9349975585938,15433,2026-08-05T14:13:00Z
580.1199951171875,580.1199951171875,579.260009765625,579.260009765625,5355,2026-08-05T14:14:00Z
579.02001953125,580.3599853515625,579.0,580.0,10082,2026-08-05T14:15:00Z
580.1300048828125,580.1799926757812,578.489990234375,578.9749755859375,21111,2026-08-05T14:16:00Z
578.8300170898438,579.39990234375,578.72998046875,579.39990234375,8093,2026-08-05T14:17:00Z
579.4000244140625,579.5850219726562,578.8499755859375,579.5850219726562,7299,2026-08-05T14:18:00Z
579.7050170898438,579.9000244140625,577.9849853515625,577.9849853515625,12286,2026-08-05T14:19:00Z
577.9650268554688,578.02001953125,576.4199829101562,577.0800170898438,32537,2026-08-05T14:20:00Z
577.2750244140625,577.8400268554688,576.0,576.3699951171875,16360,2026-08-05T14:21:00Z
576.3800048828125,576.5499877929688,575.4500122070312,575.969970703125,23151,2026-08-05T14:22:00Z
575.9099731445312,576.0399780273438,574.260009765625,575.6798706054688,30291,2026-08-05T14:23:00Z
575.3099975585938,577.1749877929688,575.1900024414062,576.5999755859375,32770,2026-08-05T14:24:00Z
576.6599731445312,577.719970703125,576.3800048828125,576.4600219726562,13682,2026-08-05T14:25:00Z
576.5800170898438,577.0499877929688,575.25,576.239990234375,28290,2026-08-05T14:26:00Z
576.110107421875,576.6699829101562,575.719970703125,576.5,8087,2026-08-05T14:27:00Z
576.5599975585938,576.739501953125,575.5700073242188,575.6950073242188,10302,2026-08-05T14:28:00Z
575.6400146484375,576.2899780273438,575.0700073242188,575.27001953125,9356,2026-08-05T14:29:00Z
575.030029296875,575.22998046875,572.5399780273438,573.3300170898438,43874,2026-08-05T14:30:00Z
573.3350219726562,573.6400146484375,571.9100952148438,572.2949829101562,17608,2026-08-05T14:31:00Z
572.2899780273438,573.02001953125,571.9400024414062,572.7349853515625,20233,2026-08-05T14:32:00Z
572.6712036132812,573.6099853515625,572.0399780273438,573.2899780273438,18827,2026-08-05T14:33:00Z
573.5999755859375,573.6500244140625,572.219970703125,572.625,16675,2026-08-05T14:34:00Z
572.6099853515625,574.126708984375,572.5499877929688,573.5,20455,2026-08-05T14:35:00Z
573.5,573.5,572.2249755859375,573.0125122070312,10218,2026-08-05T14:36:00Z
572.969970703125,573.5499877929688,571.1199951171875,571.239990234375,156717,2026-08-05T14:37:00Z
571.0499877929688,572.0050048828125,570.9600830078125,571.8699951171875,32214,2026-08-05T14:38:00Z
572.0499877929688,572.4099731445312,570.6500244140625,570.7999877929688,10282,2026-08-05T14:39:00Z
570.6599731445312,571.4500122070312,570.2550048828125,570.39501953125,25617,2026-08-05T14:40:00Z
570.5050048828125,571.5599975585938,570.2100219726562,571.25,9911,2026-08-05T14:41:00Z
571.719970703125,572.0900268554688,570.6599731445312,571.719970703125,14640,2026-08-05T14:42:00Z
571.7949829101562,572.1300048828125,570.8933715820312,572.1300048828125,7242,2026-08-05T14:43:00Z
572.0150146484375,572.3300170898438,571.030029296875,571.8200073242188,13068,2026-08-05T14:44:00Z
571.72998046875,571.8699951171875,570.6199951171875,571.010009765625,9854,2026-08-05T14:45:00Z
571.02001953125,572.5999755859375,571.02001953125,572.5,19320,2026-08-05T14:46:00Z
572.5599975585938,572.8300170898438,572.1199951171875,572.7100219726562,13499,2026-08-05T14:47:00Z
572.7000122070312,573.280029296875,572.530029296875,573.0750122070312,20862,2026-08-05T14:48:00Z
572.9400024414062,573.969970703125,572.9400024414062,573.2100219726562,18749,2026-08-05T14:49:00Z
573.2449951171875,573.6699829101562,572.1500244140625,572.1500244140625,15649,2026-08-05T14:50:00Z
572.1400146484375,572.2443237304688,571.0499877929688,571.3037109375,11156,2026-08-05T14:51:00Z
571.3400268554688,571.5399780273438,569.8101196289062,570.0999755859375,22301,2026-08-05T14:52:00Z
570.22998046875,570.3400268554688,568.3800048828125,568.7650146484375,43688,2026-08-05T14:53:00Z
569.0250244140625,570.1599731445312,568.6799926757812,570.1599731445312,24788,2026-08-05T14:54:00Z
570.219970703125,570.2750244140625,569.3001098632812,570.0800170898438,12690,2026-08-05T14:55:00Z
570.02001953125,570.8400268554688,569.5399780273438,570.5050048828125,8381,2026-08-05T14:56:00Z
570.6599731445312,572.0394897460938,570.590087890625,571.635009765625,21484,2026-08-05T14:57:00Z
571.25,571.8599853515625,570.6699829101562,570.844970703125,16752,2026-08-05T14:58:00Z
570.864990234375,572.1199951171875,570.72998046875,571.1799926757812,23598,2026-08-05T14:59:00Z
571.2550048828125,571.5900268554688,570.969970703125,571.5700073242188,11255,2026-08-05T15:00:00Z
571.5875244140625,571.5875244140625,570.77001953125,571.3300170898438,16672,2026-08-05T15:01:00Z
571.3400268554688,572.5900268554688,571.3400268554688,572.0999755859375,8218,2026-08-05T15:02:00Z
572.0,572.1199951171875,571.2100219726562,571.4498901367188,6278,2026-08-05T15:03:00Z
571.4500122070312,571.4500122070312,570.6300048828125,571.1500244140625,10949,2026-08-05T15:04:00Z
571.3099975585938,571.469970703125,570.9099731445312,570.9749755859375,8819,2026-08-05T15:05:00Z
570.8499755859375,572.3400268554688,570.739990234375,572.3400268554688,8539,2026-08-05T15:06:00Z
572.2100219726562,572.6799926757812,572.10498046875,572.5800170898438,10237,2026-08-05T15:07:00Z
572.4400024414062,572.5549926757812,572.010009765625,572.4066162109375,10724,2026-08-05T15:08:00Z
572.3200073242188,573.6099853515625,572.3200073242188,573.1300048828125,10347,2026-08-05T15:09:00Z
573.1199951171875,573.760009765625,573.0,573.760009765625,9199,2026-08-05T15:10:00Z
573.9000244140625,573.969970703125,572.5800170898438,572.6599731445312,11164,2026-08-05T15:11:00Z
572.5999755859375,573.9000244140625,572.5999755859375,573.6699829101562,6752,2026-08-05T15:12:00Z
573.4199829101562,573.4600219726562,572.2249755859375,572.2249755859375,6487,2026-08-05T15:13:00Z
572.22998046875,572.5399169921875,571.77001953125,572.1900024414062,8815,2026-08-05T15:14:00Z
572.260009765625,572.8499755859375,571.72998046875,571.8300170898438,18496,2026-08-05T15:15:00Z
571.6500244140625,571.7000122070312,570.8695068359375,571.7000122070312,21010,2026-08-05T15:16:00Z
571.8350219726562,572.0,571.4600219726562,571.7550048828125,12212,2026-08-05T15:17:00Z
571.6300048828125,571.7050170898438,570.510009765625,571.385009765625,32589,2026-08-05T15:18:00Z
571.6199951171875,572.8099975585938,571.4299926757812,572.8099975585938,15380,2026-08-05T15:19:00Z
572.8499755859375,572.9099731445312,572.469970703125,572.7899780273438,7286,2026-08-05T15:20:00Z
572.7899780273438,572.885009765625,572.260009765625,572.885009765625,8632,2026-08-05T15:21:00Z
573.0900268554688,573.0900268554688,572.760009765625,573.0399780273438,1433,2026-08-05T15:22:00Z
572.6400146484375,572.9000244140625,572.1799926757812,572.1799926757812,3777,2026-08-05T15:23:00Z
572.0800170898438,572.6849975585938,571.5999755859375,571.875,7506,2026-08-05T15:24:00Z
571.7449951171875,572.3499755859375,571.239990234375,571.9400024414062,8613,2026-08-05T15:25:00Z
571.77001953125,572.260009765625,571.77001953125,571.9749755859375,4886,2026-08-05T15:26:00Z
572.1699829101562,573.1300048828125,572.0701293945312,572.5900268554688,6980,2026-08-05T15:27:00Z
572.4550170898438,572.530029296875,571.739990234375,572.1599731445312,7071,2026-08-05T15:28:00Z
571.9099731445312,572.6699829101562,571.8800048828125,572.260009765625,17417,2026-08-05T15:29:00Z
572.3499755859375,573.1599731445312,572.3499755859375,572.9940795898438,11863,2026-08-05T15:30:00Z
573.3499755859375,574.72998046875,573.3499755859375,574.6500244140625,25320,2026-08-05T15:31:00Z
574.739990234375,575.0,574.635009765625,574.8599243164062,10002,2026-08-05T15:32:00Z
574.8161010742188,574.9390258789062,574.0549926757812,574.2100219726562,8664,2026-08-05T15:33:00Z
574.239990234375,574.5999755859375,573.260009765625,573.530029296875,9884,2026-08-05T15:34:00Z
573.89501953125,574.5399780273438,573.89501953125,574.405029296875,4727,2026-08-05T15:35:00Z
574.4600219726562,574.5999755859375,573.9301147460938,574.5999755859375,7571,2026-08-05T15:36:00Z
574.6599731445312,575.6400146484375,574.4299926757812,575.3900146484375,8539,2026-08-05T15:37:00Z
575.4199829101562,575.469970703125,575.1300048828125,575.1300048828125,4781,2026-08-05T15:38:00Z
575.0999755859375,575.9000244140625,575.0150146484375,575.469970703125,17107,2026-08-05T15:39:00Z
575.5349731445312,575.9293212890625,575.2000122070312,575.4583129882812,6451,2026-08-05T15:40:00Z
575.3099975585938,575.4400024414062,574.2000122070312,574.9299926757812,6728,2026-08-05T15:41:00Z
574.97998046875,575.280029296875,574.5399780273438,574.9771728515625,10545,2026-08-05T15:42:00Z
575.10498046875,575.10498046875,574.489990234375,574.6799926757812,7759,2026-08-05T15:43:00Z
574.530029296875,574.669921875,574.2899780273438,574.4000244140625,5200,2026-08-05T15:44:00Z
574.39501953125,574.39501953125,573.0399780273438,573.7650146484375,9266,2026-08-05T15:45:00Z
573.6500244140625,573.8499755859375,573.260009765625,573.64501953125,4454,2026-08-05T15:46:00Z
573.9000244140625,574.52001953125,573.780029296875,574.2636108398438,7165,2026-08-05T15:47:00Z
574.2899780273438,574.7899780273438,574.2100219726562,574.739990234375,7290,2026-08-05T15:48:00Z
574.72998046875,575.1099853515625,573.8099975585938,574.02001953125,11863,2026-08-05T15:49:00Z
574.1599731445312,574.5850219726562,574.1599731445312,574.4149780273438,11313,2026-08-05T15:50:00Z
574.3599853515625,574.4000244140625,573.3400268554688,573.3400268554688,6656,2026-08-05T15:51:00Z
573.3400268554688,573.3499755859375,572.8699951171875,573.0,8356,2026-08-05T15:52:00Z
572.9199829101562,573.7550048828125,572.9199829101562,573.7449951171875,11539,2026-08-05T15:53:00Z
573.7100219726562,573.9000244140625,573.0900268554688,573.2150268554688,3891,2026-08-05T15:54:00Z
573.0191040039062,573.0399780273438,572.3200073242188,572.6799926757812,11773,2026-08-05T15:55:00Z
572.5750122070312,572.6099853515625,571.6699829101562,572.35498046875,17349,2026-08-05T15:56:00Z
571.75,571.9349975585938,570.7901000976562,571.47998046875,18367,2026-08-05T15:57:00Z
571.5750122070312,572.72998046875,571.3900146484375,572.3699951171875,5966,2026-08-05T15:58:00Z
572.2899780273438,572.6400146484375,571.72998046875,571.8150024414062,5432,2026-08-05T15:59:00Z
571.7949829101562,572.989990234375,571.780029296875,572.989990234375,6977,2026-08-05T16:00:00Z
572.75,572.9400024414062,572.385009765625,572.5401000976562,4377,2026-08-05T16:01:00Z
572.4199829101562,573.030029296875,572.3099975585938,573.030029296875,7243,2026-08-05T16:02:00Z
573.2000122070312,574.0,573.010009765625,573.4453125,8896,2026-08-05T16:03:00Z
573.9400024414062,574.5,573.9400024414062,573.97998046875,9153,2026-08-05T16:04:00Z
573.8800048828125,574.4400024414062,573.8800048828125,574.3699951171875,7138,2026-08-05T16:05:00Z
574.3699951171875,574.7420043945312,573.7728271484375,574.0800170898438,11172,2026-08-05T16:06:00Z
574.1300048828125,574.3499755859375,573.6950073242188,573.6950073242188,9212,2026-08-05T16:07:00Z
573.7999877929688,573.9000244140625,573.1300048828125,573.2750244140625,3644,2026-08-05T16:08:00Z
573.1900024414062,573.5999755859375,572.739990234375,573.5999755859375,5314,2026-08-05T16:09:00Z
573.5700073242188,573.8599853515625,573.4650268554688,573.4650268554688,5990,2026-08-05T16:10:00Z
573.3900146484375,573.9400024414062,573.3900146484375,573.5399780273438,3300,2026-08-05T16:11:00Z
573.6950073242188,573.8599853515625,573.4299926757812,573.625,2907,2026-08-05T16:12:00Z
573.5900268554688,573.6953125,572.989990234375,573.3900146484375,4590,2026-08-05T16:13:00Z
573.2000122070312,574.0599975585938,573.2000122070312,574.0599975585938,3399,2026-08-05T16:14:00Z
573.9450073242188,574.5308227539062,573.9450073242188,574.2849731445312,6278,2026-08-05T16:15:00Z
574.2133178710938,575.3300170898438,574.2133178710938,574.9400024414062,10134,2026-08-05T16:16:00Z
575.0499877929688,575.4000244140625,574.72998046875,575.010009765625,3439,2026-08-05T16:17:00Z
574.8900146484375,574.9400024414062,574.5399780273438,574.8599853515625,3857,2026-08-05T16:18:00Z
574.75,574.77001953125,573.8099975585938,573.9099731445312,8411,2026-08-05T16:19:00Z
573.8792114257812,575.0850219726562,573.8792114257812,575.0850219726562,7727,2026-08-05T16:20:00Z
575.260009765625,575.8599853515625,575.2000122070312,575.8599853515625,9757,2026-08-05T16:21:00Z
575.7050170898438,575.969970703125,575.25,575.7999877929688,5828,2026-08-05T16:22:00Z
575.97998046875,576.0599975585938,575.1099853515625,575.1099853515625,15410,2026-08-05T16:23:00Z
574.9199829101562,575.7949829101562,574.5399780273438,575.7949829101562,4615,2026-08-05T16:24:00Z
575.8900146484375,576.780029296875,575.8900146484375,576.5,27147,2026-08-05T16:25:00Z
576.5549926757812,577.3200073242188,576.4400024414062,577.3200073242188,9647,2026-08-05T16:26:00Z
577.2564697265625,577.760009765625,577.0,577.2100219726562,20657,2026-08-05T16:27:00Z
577.1300048828125,577.3499755859375,576.9630126953125,577.2999877929688,3060,2026-08-05T16:28:00Z
577.3400268554688,577.9199829101562,577.3400268554688,577.7999877929688,18224,2026-08-05T16:29:00Z
577.7999877929688,578.1400146484375,576.77001953125,576.8800048828125,15154,2026-08-05T16:30:00Z
576.875,577.030029296875,576.330078125,576.9699096679688,19180,2026-08-05T16:31:00Z
576.6400146484375,577.1799926757812,576.6400146484375,576.9299926757812,5057,2026-08-05T16:32:00Z
577.030029296875,577.030029296875,575.72998046875,575.9998168945312,13905,2026-08-05T16:33:00Z
576.030029296875,576.5800170898438,575.9241943359375,576.5800170898438,6797,2026-08-05T16:34:00Z
576.5892944335938,576.5892944335938,575.72998046875,576.030029296875,4671,2026-08-05T16:35:00Z
575.9500122070312,576.41650390625,575.590087890625,576.27001953125,5160,2026-08-05T16:36:00Z
576.1107177734375,576.9000244140625,576.1107177734375,576.780029296875,4849,2026-08-05T16:37:00Z
577.0599975585938,577.1589965820312,576.5599975585938,577.0598754882812,4260,2026-08-05T16:38:00Z
576.9000244140625,576.9000244140625,576.9000244140625,576.9000244140625,0,2026-08-05T16:39:00Z
