open,high,low,close,volume,timestamp
739.1900024414062,739.47998046875,738.8300170898438,738.8300170898438,1711316,2026-07-28T13:30:00Z
738.8300170898438,738.9000244140625,738.2899780273438,738.4000244140625,417510,2026-07-28T13:31:00Z
738.4000244140625,738.52001953125,738.030029296875,738.219970703125,279035,2026-07-28T13:32:00Z
738.2199096679688,738.5999755859375,738.0900268554688,738.280029296875,264406,2026-07-28T13:33:00Z
738.2999877929688,738.5,738.0499877929688,738.155029296875,165710,2026-07-28T13:34:00Z
738.1599731445312,739.0599975585938,738.1599731445312,738.989990234375,182819,2026-07-28T13:35:00Z
738.9949951171875,739.0650024414062,738.3499755859375,738.4650268554688,132748,2026-07-28T13:36:00Z
738.510009765625,738.760009765625,738.0700073242188,738.2100219726562,218843,2026-07-28T13:37:00Z
738.2000122070312,738.4600219726562,738.010009765625,738.030029296875,157596,2026-07-28T13:38:00Z
738.02001953125,738.1199951171875,737.760009765625,737.7899780273438,132049,2026-07-28T13:39:00Z
737.7899780273438,738.3200073242188,737.6901245117188,738.010009765625,212952,2026-07-28T13:40:00Z
738.0,738.3400268554688,737.7000122070312,737.7849731445312,117374,2026-07-28T13:41:00Z
737.7899780273438,737.8599853515625,737.1799926757812,737.2650146484375,208153,2026-07-28T13:42:00Z
737.27001953125,737.3699951171875,736.5599975585938,736.64501953125,254462,2026-07-28T13:43:00Z
736.6400146484375,737.1400146484375,736.6400146484375,737.0499877929688,248162,2026-07-28T13:44:00Z
737.0499877929688,737.3300170898438,736.760009765625,736.8201293945312,199961,2026-07-28T13:45:00Z
736.780029296875,736.8099975585938,736.260009765625,736.4299926757812,161061,2026-07-28T13:46:00Z
736.4299926757812,736.4600219726562,735.989990234375,736.0198974609375,166216,2026-07-28T13:47:00Z
736.010009765625,737.2000122070312,735.97998046875,737.1599731445312,189245,2026-07-28T13:48:00Z
737.1599731445312,737.6099853515625,737.0,737.530029296875,177017,2026-07-28T13:49:00Z
737.530029296875,738.1749877929688,737.1500244140625,737.1500244140625,198624,2026-07-28T13:50:00Z
737.1599731445312,737.4000244140625,736.8699951171875,737.1799926757812,170297,2026-07-28T13:51:00Z
737.1799926757812,737.9000244140625,737.0700073242188,737.5,129349,2026-07-28T13:52:00Z
737.5,737.530029296875,736.72998046875,737.2899780273438,152154,2026-07-28T13:53:00Z
737.2999877929688,737.5900268554688,737.0,737.0598754882812,98544,2026-07-28T13:54:00Z
737.0399780273438,737.25,736.6500244140625,736.72998046875,86003,2026-07-28T13:55:00Z
736.719970703125,737.0999755859375,736.5650024414062,737.0499877929688,123661,2026-07-28T13:56:00Z
737.0399780273438,737.1599731445312,736.6400146484375,736.77001953125,84280,2026-07-28T13:57:00Z
736.719970703125,736.75,736.3699951171875,736.4299926757812,117133,2026-07-28T13:58:00Z
736.4400024414062,736.739990234375,736.1599731445312,736.5,109857,2026-07-28T13:59:00Z
736.489990234375,737.52001953125,736.4500122070312,737.4500122070312,129952,2026-07-28T14:00:00Z
737.4500122070312,737.5700073242188,737.0700073242188,737.1099853515625,69414,2026-07-28T14:01:00Z
737.1199951171875,737.7100219726562,737.0900268554688,737.4299926757812,67169,2026-07-28T14:02:00Z
737.4299926757812,737.5999755859375,737.2100219726562,737.3400268554688,70773,2026-07-28T14:03:00Z
737.3250122070312,737.52001953125,737.0900268554688,737.260009765625,64992,2026-07-28T14:04:00Z
737.239990234375,737.9600219726562,737.155029296875,737.9600219726562,74605,2026-07-28T14:05:00Z
737.9249877929688,738.0700073242188,737.5700073242188,738.0700073242188,106761,2026-07-28T14:06:00Z
738.0700073242188,738.2150268554688,737.4600219726562,737.469970703125,123601,2026-07-28T14:07:00Z
737.4829711914062,737.5,736.8800048828125,737.3699951171875,108195,2026-07-28T14:08:00Z
737.4099731445312,737.489990234375,737.0900268554688,737.0900268554688,87116,2026-07-28T14:09:00Z
737.0399780273438,737.6900024414062,736.989990234375,737.4400024414062,77795,2026-07-28T14:10:00Z
737.4500122070312,737.6599731445312,737.3071899414062,737.64501953125,81173,2026-07-28T14:11:00Z
737.6500244140625,737.8099975585938,736.8200073242188,736.8200073242188,79016,2026-07-28T14:12:00Z
736.8400268554688,737.1063232421875,736.6599731445312,736.6900024414062,56979,2026-07-28T14:13:00Z
736.6900024414062,736.7000122070312,736.27001953125,736.5900268554688,159594,2026-07-28T14:14:00Z
736.6099853515625,737.1400146484375,736.6099853515625,737.0599975585938,122391,2026-07-28T14:15:00Z
737.0900268554688,737.1599731445312,736.5499877929688,736.5999755859375,93773,2026-07-28T14:16:00Z
736.6099853515625,736.8699951171875,736.4400024414062,736.659912109375,73904,2026-07-28T14:17:00Z
736.6699829101562,737.1099853515625,736.5850219726562,736.9600219726562,450325,2026-07-28T14:18:00Z
736.9650268554688,737.0399780273438,736.5599975585938,736.6099853515625,48754,2026-07-28T14:19:00Z
736.6300048828125,736.969970703125,736.5599975585938,736.5900268554688,59802,2026-07-28T14:20:00Z
736.5900268554688,737.260009765625,736.3699951171875,737.2100219726562,81933,2026-07-28T14:21:00Z
737.239990234375,737.4400024414062,736.530029296875,736.64501953125,91087,2026-07-28T14:22:00Z
736.6400146484375,737.5800170898438,736.5700073242188,737.5700073242188,107606,2026-07-28T14:23:00Z
737.6099853515625,737.8779907226562,737.1900024414062,737.3049926757812,142885,2026-07-28T14:24:00Z
737.3099975585938,737.5700073242188,737.1500244140625,737.4099731445312,53578,2026-07-28T14:25:00Z
737.4400024414062,737.5800170898438,737.1699829101562,737.4000244140625,86785,2026-07-28T14:26:00Z
737.4400024414062,737.719970703125,737.2899780273438,737.3300170898438,57392,2026-07-28T14:27:00Z
737.3624877929688,737.5800170898438,737.239990234375,737.239990234375,181144,2026-07-28T14:28:00Z
737.22998046875,737.75,737.1599731445312,737.7000122070312,84447,2026-07-28T14:29:00Z
737.719970703125,738.0,737.2999877929688,737.4500122070312,69535,2026-07-28T14:30:00Z
737.47998046875,737.8900146484375,737.3300170898438,737.6799926757812,92217,2026-07-28T14:31:00Z
737.6950073242188,737.9600219726562,737.405029296875,737.6099853515625,72373,2026-07-28T14:32:00Z
737.6400146484375,737.75,737.3900146484375,737.75,85414,2026-07-28T14:33:00Z
737.739990234375,737.9400024414062,737.2100219726562,737.2449951171875,228680,2026-07-28T14:34:00Z
737.239990234375,737.9099731445312,737.1500244140625,737.9099731445312,83688,2026-07-28T14:35:00Z
737.9000244140625,738.489990234375,737.8499755859375,738.3300170898438,116071,2026-07-28T14:36:00Z
738.3400268554688,738.6199951171875,738.1300048828125,738.4099731445312,130009,2026-07-28T14:37:00Z
738.4099731445312,738.4550170898438,737.6799926757812,737.6998901367188,118274,2026-07-28T14:38:00Z
737.6799926757812,737.7000122070312,737.3499755859375,737.530029296875,87841,2026-07-28T14:39:00Z
737.5399780273438,738.02001953125,737.4000244140625,738.010009765625,72673,2026-07-28T14:40:00Z
737.989990234375,738.4000244140625,737.9400024414062,738.3900146484375,132950,2026-07-28T14:41:00Z
738.3699951171875,738.4000244140625,737.969970703125,738.25,132739,2026-07-28T14:42:00Z
738.25,738.6099853515625,738.0800170898438,738.4199829101562,203239,2026-07-28T14:43:00Z
738.4199829101562,738.5499877929688,738.22998046875,738.27001953125,134553,2026-07-28T14:44:00Z
738.25,738.510009765625,737.8599853515625,737.9500122070312,135109,2026-07-28T14:45:00Z
737.9199829101562,738.3800048828125,737.8900146484375,738.3699951171875,88102,2026-07-28T14:46:00Z
738.3400268554688,738.77001953125,738.3400268554688,738.719970703125,182581,2026-07-28T14:47:00Z
738.719970703125,739.22998046875,738.7000122070312,739.219970703125,150829,2026-07-28T14:48:00Z
739.1699829101562,739.4099731445312,739.110107421875,739.3099975585938,103956,2026-07-28T14:49:00Z
739.2999877929688,739.6099853515625,739.280029296875,739.4400024414062,115953,2026-07-28T14:50:00Z
739.47998046875,739.7849731445312,739.3900146484375,739.7000122070312,106982,2026-07-28T14:51:00Z
739.7100219726562,739.77001953125,739.1500244140625,739.2550048828125,246216,2026-07-28T14:52:00Z
739.27001953125,739.75,739.260009765625,739.52001953125,95370,2026-07-28T14:53:00Z
739.52001953125,739.52001953125,739.2999877929688,739.4199829101562,61876,2026-07-28T14:54:00Z
739.4299926757812,739.8200073242188,739.27001953125,739.6099243164062,61946,2026-07-28T14:55:00Z
739.6099853515625,739.6500244140625,739.260009765625,739.3400268554688,78207,2026-07-28T14:56:00Z
739.3300170898438,739.3300170898438,738.8599853515625,738.9849853515625,69235,2026-07-28T14:57:00Z
738.9749755859375,738.989990234375,738.75,738.8099975585938,68441,2026-07-28T14:58:00Z
738.8099975585938,738.9691162109375,738.5800170898438,738.6400146484375,86400,2026-07-28T14:59:00Z
738.7000122070312,739.1300048828125,738.625,739.1099853515625,69689,2026-07-28T15:00:00Z
739.1104736328125,739.1799926757812,738.8250122070312,739.0,65667,2026-07-28T15:01:00Z
738.989990234375,739.010009765625,738.6400146484375,738.72998046875,31490,2026-07-28T15:02:00Z
738.7150268554688,738.7150268554688,738.2899780273438,738.3099975585938,447733,2026-07-28T15:03:00Z
738.3280029296875,738.47998046875,738.1400146484375,738.1500244140625,62788,2026-07-28T15:04:00Z
738.1599731445312,738.375,738.010009765625,738.375,68331,2026-07-28T15:05:00Z
738.3800048828125,738.8400268554688,738.3499755859375,738.510009765625,57081,2026-07-28T15:06:00Z
738.530029296875,738.530029296875,738.1599731445312,738.4000244140625,39963,2026-07-28T15:07:00Z
738.4299926757812,738.55419921875,738.25,738.3200073242188,37876,2026-07-28T15:08:00Z
738.3400268554688,738.8099975585938,738.3150024414062,738.7999877929688,50820,2026-07-28T15:09:00Z
738.77001953125,739.5800170898438,738.6300048828125,738.739990234375,141403,2026-07-28T15:10:00Z
738.780029296875,738.9400024414062,738.4600219726562,738.8699951171875,34483,2026-07-28T15:11:00Z
738.8200073242188,739.7100219726562,738.7750244140625,739.5,94707,2026-07-28T15:12:00Z
739.530029296875,739.5499877929688,739.139892578125,739.3621215820312,93099,2026-07-28T15:13:00Z
739.39501953125,739.6699829101562,739.3400268554688,739.3400268554688,56488,2026-07-28T15:14:00Z
739.3800048828125,739.5900268554688,739.1901245117188,739.530029296875,62488,2026-07-28T15:15:00Z
739.5599975585938,739.9000244140625,739.5599975585938,739.6300048828125,118020,2026-07-28T15:16:00Z
739.6599731445312,739.9000244140625,739.3200073242188,739.8599853515625,94167,2026-07-28T15:17:00Z
739.8599853515625,740.5700073242188,739.780029296875,740.47998046875,260326,2026-07-28T15:18:00Z
740.4600219726562,740.5700073242188,740.260009765625,740.5700073242188,123226,2026-07-28T15:19:00Z
740.5700073242188,741.1699829101562,740.5449829101562,741.010009765625,136397,2026-07-28T15:20:00Z
741.0280151367188,741.1300048828125,740.8200073242188,741.0,115288,2026-07-28T15:21:00Z
741.0,741.219970703125,740.8400268554688,740.9299926757812,88790,2026-07-28T15:22:00Z
740.9400024414062,741.1599731445312,740.9099731445312,741.0900268554688,147570,2026-07-28T15:23:00Z
741.0800170898438,741.3800048828125,741.010009765625,741.3800048828125,214509,2026-07-28T15:24:00Z
741.3599853515625,741.530029296875,741.3099975585938,741.375,84727,2026-07-28T15:25:00Z
741.3699951171875,741.9000244140625,741.3699951171875,741.77001953125,187329,2026-07-28T15:26:00Z
741.780029296875,741.7849731445312,741.2899780273438,741.3300170898438,114607,2026-07-28T15:27:00Z
741.3300170898438,741.3300170898438,741.0999755859375,741.27001953125,219984,2026-07-28T15:28:00Z
741.2999877929688,741.3200073242188,741.0399780273438,741.2000122070312,58130,2026-07-28T15:29:00Z
741.1699829101562,741.469970703125,741.030029296875,741.1300048828125,56701,2026-07-28T15:30:00Z
741.1099243164062,741.2000122070312,740.9910278320312,741.1799926757812,52635,2026-07-28T15:31:00Z
741.1900024414062,741.375,741.1400146484375,741.1799926757812,44728,2026-07-28T15:32:00Z
741.1699829101562,741.4400024414062,741.135009765625,741.4199829101562,46900,2026-07-28T15:33:00Z
741.4299926757812,741.47998046875,741.22998046875,741.25,32484,2026-07-28T15:34:00Z
741.3099975585938,741.5599975585938,741.239990234375,741.52001953125,47878,2026-07-28T15:35:00Z
741.52001953125,741.7249755859375,741.510009765625,741.655029296875,49110,2026-07-28T15:36:00Z
741.6400146484375,741.739990234375,741.4500122070312,741.7349853515625,30209,2026-07-28T15:37:00Z
741.72998046875,741.9000244140625,741.6799926757812,741.739990234375,81777,2026-07-28T15:38:00Z
741.75,741.7999877929688,741.5999755859375,741.6199951171875,40042,2026-07-28T15:39:00Z
741.5999755859375,741.7000122070312,741.4199829101562,741.5499877929688,78427,2026-07-28T15:40:00Z
741.5894775390625,741.7899780273438,741.5399780273438,741.6649780273438,29941,2026-07-28T15:41:00Z
741.6799926757812,741.72998046875,741.5499877929688,741.6799926757812,30680,2026-07-28T15:42:00Z
741.6599731445312,741.919677734375,741.5800170898438,741.89990234375,47000,2026-07-28T15:43:00Z
741.885009765625,742.0900268554688,741.8800048828125,742.0700073242188,102504,2026-07-28T15:44:00Z
742.0700073242188,742.219970703125,741.9600219726562,742.0599975585938,64046,2026-07-28T15:45:00Z
742.0549926757812,742.3099975585938,742.0499877929688,742.27001953125,70615,2026-07-28T15:46:00Z
742.27001953125,742.280029296875,742.1699829101562,742.1900024414062,51907,2026-07-28T15:47:00Z
742.1799926757812,742.3900146484375,742.1699829101562,742.3900146484375,46123,2026-07-28T15:48:00Z
742.3900146484375,742.4500122070312,742.2650146484375,742.3200073242188,114356,2026-07-28T15:49:00Z
742.3200073242188,742.3900146484375,741.8400268554688,741.9000244140625,107651,2026-07-28T15:50:00Z
741.898681640625,742.0599975585938,741.7899780273438,742.02001953125,76869,2026-07-28T15:51:00Z
742.02001953125,742.0999755859375,741.85498046875,742.0999755859375,42705,2026-07-28T15:52:00Z
742.1057739257812,742.4099731445312,742.0650024414062,742.3599853515625,57443,2026-07-28T15:53:00Z
742.3212280273438,742.3800048828125,742.030029296875,742.0599975585938,41893,2026-07-28T15:54:00Z
742.0700073242188,742.1099853515625,741.7999877929688,741.8350219726562,40486,2026-07-28T15:55:00Z
741.8400268554688,742.1500244140625,741.8200073242188,742.1400146484375,35049,2026-07-28T15:56:00Z
742.1400146484375,742.260009765625,742.0700073242188,742.2390747070312,34864,2026-07-28T15:57:00Z
742.239990234375,742.3900146484375,742.130126953125,742.1599731445312,44384,2026-07-28T15:58:00Z
742.1699829101562,742.239990234375,742.1099853515625,742.2150268554688,43494,2026-07-28T15:59:00Z
742.2050170898438,742.3499755859375,741.9949951171875,742.3400268554688,70875,2026-07-28T16:00:00Z
742.3499755859375,742.3499755859375,742.1699829101562,742.1799926757812,81473,2026-07-28T16:01:00Z
742.1799926757812,742.2899780273438,742.0401000976562,742.0499877929688,170679,2026-07-28T16:02:00Z
742.0599975585938,742.1799926757812,741.9600219726562,742.1199951171875,67417,2026-07-28T16:03:00Z
742.1199951171875,742.1199951171875,741.9400024414062,742.02001953125,42923,2026-07-28T16:04:00Z
742.02001953125,742.2000122070312,742.02001953125,742.0399780273438,40157,2026-07-28T16:05:00Z
742.0499877929688,742.1500244140625,741.9000244140625,742.0999755859375,42356,2026-07-28T16:06:00Z
742.1099853515625,742.1099853515625,741.7100219726562,741.7136840820312,52839,2026-07-28T16:07:00Z
741.7050170898438,741.75,741.5599975585938,741.6599731445312,119895,2026-07-28T16:08:00Z
741.6400146484375,741.719970703125,741.5609741210938,741.5700073242188,43540,2026-07-28T16:09:00Z
741.5700073242188,741.6649780273438,741.47998046875,741.510009765625,54595,2026-07-28T16:10:00Z
741.530029296875,741.77001953125,741.510009765625,741.75,84636,2026-07-28T16:11:00Z
741.7650146484375,741.780029296875,741.6400146484375,741.77001953125,42021,2026-07-28T16:12:00Z
741.77001953125,741.8400268554688,741.5399780273438,741.5401000976562,37488,2026-07-28T16:13:00Z
741.5399780273438,741.6199951171875,741.489990234375,741.6199951171875,52208,2026-07-28T16:14:00Z
741.6099853515625,741.75,741.469970703125,741.530029296875,64090,2026-07-28T16:15:00Z
741.5349731445312,741.5750122070312,741.385009765625,741.4299926757812,47377,2026-07-28T16:16:00Z
741.4099731445312,741.5999755859375,741.3900146484375,741.3900146484375,46474,2026-07-28T16:17:00Z
741.4099731445312,741.5700073242188,741.3200073242188,741.3900146484375,44983,2026-07-28T16:18:00Z
741.3900146484375,741.9199829101562,741.384033203125,741.9000244140625,41706,2026-07-28T16:19:00Z
741.9080200195312,742.0900268554688,741.7999877929688,741.9299926757812,56867,2026-07-28T16:20:00Z
741.9299926757812,741.9400024414062,741.7000122070312,741.8699951171875,31127,2026-07-28T16:21:00Z
741.8599853515625,741.8800048828125,741.6599731445312,741.7000122070312,18896,2026-07-28T16:22:00Z
741.7000122070312,741.7100219726562,741.4400024414062,741.47998046875,72736,2026-07-28T16:23:00Z
741.469970703125,741.5098876953125,741.3099975585938,741.489990234375,30011,2026-07-28T16:24:00Z
741.47998046875,741.594970703125,741.4000244140625,741.594970703125,32858,2026-07-28T16:25:00Z
741.5900268554688,741.5999755859375,741.4000244140625,741.4600219726562,19089,2026-07-28T16:26:00Z
741.469970703125,741.5599975585938,741.280029296875,741.4199829101562,82980,2026-07-28T16:27:00Z
741.4400024414062,741.5050048828125,741.3599853515625,741.3800048828125,20906,2026-07-28T16:28:00Z
741.3800048828125,741.4600219726562,741.2100219726562,741.2100219726562,20917,2026-07-28T16:29:00Z
741.22998046875,741.239990234375,740.969970703125,740.969970703125,49541,2026-07-28T16:30:00Z
740.969970703125,741.0449829101562,740.9199829101562,741.0399780273438,51776,2026-07-28T16:31:00Z
741.010009765625,741.2877197265625,740.9550170898438,741.260498046875,39771,2026-07-28T16:32:00Z
741.2899780273438,741.3900146484375,741.0999755859375,741.1099853515625,22109,2026-07-28T16:33:00Z
741.1199951171875,741.3200073242188,741.0800170898438,741.1099853515625,17280,2026-07-28T16:34:00Z
741.1199951171875,741.3099975585938,741.1199951171875,741.2100219726562,27294,2026-07-28T16:35:00Z
741.2100219726562,741.25,741.0800170898438,741.1500244140625,20320,2026-07-28T16:36:00Z
741.1500244140625,741.239990234375,741.0999755859375,741.1699829101562,37679,2026-07-28T16:37:00Z
741.25,741.6599731445312,741.1799926757812,741.5800170898438,30395,2026-07-28T16:38:00Z
741.5900268554688,741.7999877929688,741.5075073242188,741.7799072265625,57913,2026-07-28T16:39:00Z
741.780029296875,741.8900146484375,741.7100219726562,741.75,167786,2026-07-28T16:40:00Z
741.77001953125,742.02001953125,741.739990234375,741.989990234375,55017,2026-07-28T16:41:00Z
742.0001220703125,742.0399780273438,741.77001953125,741.8099975585938,32824,2026-07-28T16:42:00Z
741.8400268554688,742.0999755859375,741.8400268554688,742.0999755859375,28505,2026-07-28T16:43:00Z
742.0999755859375,742.1500244140625,741.8099975585938,741.9400024414062,69598,2026-07-28T16:44:00Z
741.9400024414062,742.0800170898438,741.77001953125,741.8200073242188,183579,2026-07-28T16:45:00Z
741.7999877929688,741.9000244140625,741.3900146484375,741.4400024414062,41330,2026-07-28T16:46:00Z
741.4400024414062,741.7899780273438,741.4400024414062,741.7100219726562,26492,2026-07-28T16:47:00Z
741.719970703125,741.7999877929688,741.469970703125,741.6099853515625,36958,2026-07-28T16:48:00Z
741.5599975585938,741.8200073242188,741.5599975585938,741.7899780273438,21180,2026-07-28T16:49:00Z
741.7899780273438,742.239990234375,741.760009765625,742.1900024414062,50565,2026-07-28T16:50:00Z
742.20751953125,742.530029296875,742.2000122070312,742.52001953125,60059,2026-07-28T16:51:00Z
742.5,742.5599975585938,742.4199829101562,742.4990234375,175329,2026-07-28T16:52:00Z
742.489990234375,742.6599731445312,742.469970703125,742.510009765625,55834,2026-07-28T16:53:00Z
742.510009765625,742.6400146484375,742.510009765625,742.6099853515625,42037,2026-07-28T16:54:00Z
742.6199951171875,742.6300048828125,742.47998046875,742.62158203125,35917,2026-07-28T16:55:00Z
742.6500244140625,742.7901000976562,742.4901123046875,742.7550048828125,34163,2026-07-28T16:56:00Z
742.75,742.780029296875,742.5599975585938,742.6799926757812,41563,2026-07-28T16:57:00Z
742.6599731445312,742.6799926757812,742.530029296875,742.5999755859375,30310,2026-07-28T16:58:00Z
742.6199951171875,742.6599731445312,742.5599975585938,742.6099853515625,25553,2026-07-28T16:59:00Z
742.6099853515625,742.75,742.4650268554688,742.6699829101562,56513,2026-07-28T17:00:00Z
742.6699829101562,742.780029296875,742.6099853515625,742.6099853515625,28035,2026-07-28T17:01:00Z
742.5999755859375,742.6400146484375,742.219970703125,742.3099975585938,83252,2026-07-28T17:02:00Z
742.3200073242188,742.3400268554688,742.1099853515625,742.1849975585938,98777,2026-07-28T17:03:00Z
742.1900024414062,742.2349853515625,742.0850219726562,742.1400146484375,30430,2026-07-28T17:04:00Z
742.1500244140625,742.3200073242188,742.0700073242188,742.155029296875,25807,2026-07-28T17:05:00Z
742.1699829101562,742.3099975585938,741.8499755859375,742.1300048828125,70524,2026-07-28T17:06:00Z
742.1199951171875,742.1599731445312,741.9600219726562,742.0599975585938,38111,2026-07-28T17:07:00Z
742.0999755859375,742.1400146484375,741.7100219726562,741.739990234375,35277,2026-07-28T17:08:00Z
741.739990234375,741.7738037109375,741.4500122070312,741.5299072265625,58528,2026-07-28T17:09:00Z
741.5,741.510009765625,741.1799926757812,741.4400024414062,182659,2026-07-28T17:10:00Z
741.4450073242188,741.6400146484375,741.3400268554688,741.619873046875,31579,2026-07-28T17:11:00Z
741.6099853515625,741.8200073242188,741.52197265625,741.5999755859375,58535,2026-07-28T17:12:00Z
741.6199951171875,741.6300048828125,741.22998046875,741.3380126953125,30803,2026-07-28T17:13:00Z
741.3699951171875,741.3699951171875,741.2100219726562,741.3400268554688,40145,2026-07-28T17:14:00Z
741.3350219726562,741.530029296875,741.3099975585938,741.4199829101562,21135,2026-07-28T17:15:00Z
741.4400024414062,741.4500122070312,741.27001953125,741.3709716796875,29360,2026-07-28T17:16:00Z
741.4000244140625,741.4099731445312,741.0800170898438,741.1300048828125,26352,2026-07-28T17:17:00Z
741.1300048828125,741.219970703125,741.1300048828125,741.2098999023438,28733,2026-07-28T17:18:00Z
741.1799926757812,741.3699951171875,741.1400146484375,741.3099975585938,70057,2026-07-28T17:19:00Z
741.3200073242188,742.02001953125,741.2100219726562,741.8900146484375,223685,2026-07-28T17:20:00Z
741.8900146484375,742.1900024414062,741.593994140625,741.593994140625,74538,2026-07-28T17:21:00Z
741.6300048828125,741.6599731445312,741.3900146484375,741.5700073242188,19004,2026-07-28T17:22:00Z
741.5599975585938,741.7999877929688,741.5499877929688,741.610107421875,20531,2026-07-28T17:23:00Z
741.6500244140625,741.72998046875,741.3300170898438,741.3499755859375,19247,2026-07-28T17:24:00Z
741.3350219726562,741.35498046875,741.1300048828125,741.240478515625,26452,2026-07-28T17:25:00Z
741.27001953125,741.4500122070312,741.239990234375,741.4199829101562,18899,2026-07-28T17:26:00Z
741.4099731445312,741.719970703125,741.4099731445312,741.5900268554688,42798,2026-07-28T17:27:00Z
741.5999755859375,741.7000122070312,741.3825073242188,741.3825073242188,19137,2026-07-28T17:28:00Z
741.3989868164062,741.5700073242188,741.2999877929688,741.3099975585938,16986,2026-07-28T17:29:00Z
741.2999877929688,741.3200073242188,741.1699829101562,741.27001953125,38759,2026-07-28T17:30:00Z
741.27001953125,741.280029296875,741.1199951171875,741.1696166992188,40166,2026-07-28T17:31:00Z
741.1574096679688,741.22998046875,741.1099853515625,741.219970703125,24593,2026-07-28T17:32:00Z
741.2100219726562,741.6500244140625,741.1900024414062,741.52001953125,59854,2026-07-28T17:33:00Z
741.530029296875,741.8300170898438,741.530029296875,741.7000122070312,26585,2026-07-28T17:34:00Z
741.719970703125,741.9199829101562,741.6799926757812,741.6900024414062,25244,2026-07-28T17:35:00Z
741.6900024414062,741.77001953125,741.5900268554688,741.5900268554688,35607,2026-07-28T17:36:00Z
741.6099853515625,741.739990234375,741.6099243164062,741.6099243164062,15631,2026-07-28T17:37:00Z
741.5800170898438,741.7000122070312,741.52001953125,741.6300048828125,27832,2026-07-28T17:38:00Z
741.6199951171875,741.6199951171875,741.3400268554688,741.4000244140625,20916,2026-07-28T17:39:00Z
741.3800048828125,741.6599731445312,741.3099975585938,741.4600219726562,72752,2026-07-28T17:40:00Z
741.469970703125,741.47998046875,741.1799926757812,741.2000122070312,32679,2026-07-28T17:41:00Z
741.1799926757812,741.25,741.0999755859375,741.1199951171875,51663,2026-07-28T17:42:00Z
741.1099853515625,741.1199951171875,740.7999877929688,740.8400268554688,68674,2026-07-28T17:43:00Z
740.844970703125,740.844970703125,740.6500244140625,740.7999877929688,98149,2026-07-28T17:44:00Z
740.7949829101562,740.9500122070312,740.6400146484375,740.72998046875,60062,2026-07-28T17:45:00Z
740.72998046875,740.8800048828125,740.6799926757812,740.8699951171875,31433,2026-07-28T17:46:00Z
740.8699951171875,741.0,740.6900024414062,740.760009765625,40072,2026-07-28T17:47:00Z
740.77001953125,741.280029296875,740.760009765625,741.1964721679688,94455,2026-07-28T17:48:00Z
741.2100219726562,741.3900146484375,741.0599975585938,741.2999877929688,47743,2026-07-28T17:49:00Z
741.2849731445312,741.2849731445312,740.9400024414062,741.0399780273438,28796,2026-07-28T17:50:00Z
741.030029296875,741.030029296875,740.844970703125,740.97998046875,23221,2026-07-28T17:51:00Z
740.989990234375,741.1199951171875,740.7999877929688,740.7999877929688,19870,2026-07-28T17:52:00Z
740.7999877929688,740.9199829101562,740.7999877929688,740.89990234375,22983,2026-07-28T17:53:00Z
740.8900146484375,740.9450073242188,740.6799926757812,740.7609252929688,41586,2026-07-28T17:54:00Z
740.739990234375,740.8300170898438,740.510009765625,740.5977172851562,66482,2026-07-28T17:55:00Z
740.5999755859375,740.9299926757812,740.5900268554688,740.9000244140625,40319,2026-07-28T17:56:00Z
740.8900146484375,740.9500122070312,740.8250122070312,740.8585815429688,42223,2026-07-28T17:57:00Z
740.8699951171875,741.010009765625,740.780029296875,741.0,36167,2026-07-28T17:58:00Z
741.0006103515625,741.219970703125,740.989990234375,741.1900024414062,37278,2026-07-28T17:59:00Z
741.2000122070312,741.52001953125,741.030029296875,741.3803100585938,50881,2026-07-28T18:00:00Z
741.3699951171875,741.5,741.1300048828125,741.1300048828125,53174,2026-07-28T18:01:00Z
741.1300048828125,741.3599853515625,741.010009765625,741.1199951171875,49514,2026-07-28T18:02:00Z
741.1300048828125,741.239990234375,741.0800170898438,741.1300048828125,43373,2026-07-28T18:03:00Z
741.1300048828125,741.25,741.010009765625,741.22998046875,76476,2026-07-28T18:04:00Z
741.2000122070312,741.2899780273438,741.030029296875,741.0700073242188,42426,2026-07-28T18:05:00Z
741.0700073242188,741.0999755859375,740.9199829101562,740.969970703125,67755,2026-07-28T18:06:00Z
740.969970703125,740.97998046875,740.8099975585938,740.864990234375,42932,2026-07-28T18:07:00Z
740.8699951171875,740.9299926757812,740.77001953125,740.8200073242188,45154,2026-07-28T18:08:00Z
740.8098754882812,740.8800048828125,740.739990234375,740.8499755859375,35650,2026-07-28T18:09:00Z
740.8499755859375,740.9318237304688,740.6900024414062,740.739990234375,60024,2026-07-28T18:10:00Z
740.739990234375,740.7999877929688,740.5599975585938,740.6099853515625,52648,2026-07-28T18:11:00Z
740.5900268554688,740.739990234375,740.5599975585938,740.719970703125,37275,2026-07-28T18:12:00Z
740.739990234375,740.780029296875,740.4500122070312,740.6099853515625,160559,2026-07-28T18:13:00Z
740.5900268554688,740.5900268554688,740.4199829101562,740.4550170898438,69783,2026-07-28T18:14:00Z
740.4600219726562,740.739990234375,740.4299926757812,740.7100219726562,59182,2026-07-28T18:15:00Z
740.7050170898438,740.760009765625,740.5499877929688,740.739990234375,58528,2026-07-28T18:16:00Z
740.75,740.75,740.4299926757812,740.5750122070312,101989,2026-07-28T18:17:00Z
740.5750122070312,740.7199096679688,740.5399780273438,740.6799926757812,40318,2026-07-28T18:18:00Z
740.7100219726562,740.844970703125,740.5900268554688,740.760009765625,32448,2026-07-28T18:19:00Z
740.75,740.9400024414062,740.6699829101562,740.9299926757812,48244,2026-07-28T18:20:00Z
740.9299926757812,740.9600219726562,740.6900024414062,740.7000122070312,34719,2026-07-28T18:21:00Z
740.719970703125,740.864990234375,740.64501953125,740.864990234375,24945,2026-07-28T18:22:00Z
740.8699951171875,740.9099731445312,740.510009765625,740.5700073242188,32391,2026-07-28T18:23:00Z
740.5700073242188,740.7098999023438,740.530029296875,740.5401000976562,24760,2026-07-28T18:24:00Z
740.5499877929688,740.6599731445312,740.469970703125,740.6300048828125,50413,2026-07-28T18:25:00Z
740.6400146484375,740.6900024414062,740.5499877929688,740.5800170898438,29650,2026-07-28T18:26:00Z
740.5900268554688,740.6300048828125,740.489990234375,740.5850219726562,40025,2026-07-28T18:27:00Z
740.5800170898438,740.6649780273438,740.4299926757812,740.530029296875,92030,2026-07-28T18:28:00Z
740.5399780273438,740.64501953125,740.489990234375,740.5900268554688,38539,2026-07-28T18:29:00Z
740.5900268554688,740.77001953125,740.5,740.7000122070312,67692,2026-07-28T18:30:00Z
740.6900024414062,740.6900024414062,740.5183715820312,740.5900268554688,37471,2026-07-28T18:31:00Z
740.5999755859375,740.7050170898438,740.52001953125,740.60498046875,65202,2026-07-28T18:32:00Z
740.6199951171875,740.9199829101562,740.6199951171875,740.8599853515625,44015,2026-07-28T18:33:00Z
740.8699951171875,741.0499877929688,740.8599853515625,740.9349975585938,51440,2026-07-28T18:34:00Z
740.9049072265625,740.9500122070312,740.75,740.8800048828125,63760,2026-07-28T18:35:00Z
740.9199829101562,740.9299926757812,740.739990234375,740.8400268554688,37310,2026-07-28T18:36:00Z
740.8400268554688,740.989990234375,740.8200073242188,740.969970703125,19369,2026-07-28T18:37:00Z
740.97998046875,741.1199951171875,740.905029296875,741.0499877929688,26704,2026-07-28T18:38:00Z
741.030029296875,741.0399780273438,740.739990234375,740.8200073242188,22866,2026-07-28T18:39:00Z
740.8400268554688,740.8800048828125,740.5900268554688,740.6199951171875,24811,2026-07-28T18:40:00Z
740.6599731445312,740.719970703125,740.6199951171875,740.6400146484375,22642,2026-07-28T18:41:00Z
740.6400146484375,740.7000122070312,740.5499877929688,740.5599975585938,111900,2026-07-28T18:42:00Z
740.5599975585938,740.760009765625,740.5599975585938,740.739990234375,36308,2026-07-28T18:43:00Z
740.739990234375,740.8699951171875,740.6199951171875,740.77001953125,60233,2026-07-28T18:44:00Z
740.7899780273438,741.0800170898438,740.6900024414062,741.0599975585938,153127,2026-07-28T18:45:00Z
741.0399780273438,741.2899780273438,740.9500122070312,741.2899780273438,80851,2026-07-28T18:46:00Z
741.2899780273438,741.4099731445312,741.22998046875,741.280029296875,42661,2026-07-28T18:47:00Z
741.280029296875,741.3300170898438,741.140625,741.2000122070312,39392,2026-07-28T18:48:00Z
741.2000122070312,741.3300170898438,741.1699829101562,741.25,22406,2026-07-28T18:49:00Z
741.25,741.4000244140625,741.22998046875,741.3599853515625,35837,2026-07-28T18:50:00Z
741.364990234375,741.52001953125,741.364990234375,741.4199829101562,41242,2026-07-28T18:51:00Z
741.4000244140625,741.4500122070312,741.22998046875,741.27001953125,49876,2026-07-28T18:52:00Z
741.280029296875,741.3599853515625,741.1600952148438,741.1950073242188,37063,2026-07-28T18:53:00Z
741.1900024414062,741.3200073242188,741.1500244140625,741.25,65238,2026-07-28T18:54:00Z
741.25,741.4400024414062,741.0700073242188,741.4149780273438,87038,2026-07-28T18:55:00Z
741.4199829101562,741.5399780273438,741.3499755859375,741.47998046875,57006,2026-07-28T18:56:00Z
741.489990234375,741.5999755859375,741.4000244140625,741.5150146484375,41484,2026-07-28T18:57:00Z
741.5050048828125,741.614990234375,741.4201049804688,741.5200805664062,29673,2026-07-28T18:58:00Z
741.530029296875,741.5599975585938,741.4500122070312,741.4500122070312,21944,2026-07-28T18:59:00Z
741.4500122070312,741.7899780273438,741.4299926757812,741.6500244140625,61906,2026-07-28T19:00:00Z
741.6300048828125,741.719970703125,741.5599975585938,741.6799926757812,35889,2026-07-28T19:01:00Z
741.6799926757812,741.72998046875,741.5499877929688,741.72998046875,32150,2026-07-28T19:02:00Z
741.72998046875,741.9000244140625,741.6900024414062,741.8400268554688,39772,2026-07-28T19:03:00Z
741.8200073242188,741.9600219726562,741.72998046875,741.9099731445312,205647,2026-07-28T19:04:00Z
741.8800048828125,741.9400024414062,741.739990234375,741.9099731445312,72402,2026-07-28T19:05:00Z
741.9099731445312,741.9550170898438,741.719970703125,741.75,91352,2026-07-28T19:06:00Z
741.760009765625,741.8900146484375,741.7100219726562,741.7100219726562,45761,2026-07-28T19:07:00Z
741.7150268554688,741.7150268554688,741.4600219726562,741.469970703125,97537,2026-07-28T19:08:00Z
741.469970703125,741.5599975585938,741.3900146484375,741.4199829101562,1057607,2026-07-28T19:09:00Z
741.4299926757812,741.6500244140625,741.4099731445312,741.4099731445312,37486,2026-07-28T19:10:00Z
741.4299926757812,741.5399780273438,741.3900146484375,741.52001953125,34121,2026-07-28T19:11:00Z
741.530029296875,741.530029296875,741.4000244140625,741.4099731445312,32825,2026-07-28T19:12:00Z
741.3800048828125,741.52001953125,741.3300170898438,741.52001953125,89920,2026-07-28T19:13:00Z
741.52001953125,741.530029296875,741.3599853515625,741.469970703125,27368,2026-07-28T19:14:00Z
741.4600219726562,741.5800170898438,741.3699951171875,741.3900146484375,74380,2026-07-28T19:15:00Z
741.4000244140625,741.530029296875,741.3099975585938,741.4450073242188,38245,2026-07-28T19:16:00Z
741.4500122070312,741.5599975585938,741.3699951171875,741.4400024414062,92696,2026-07-28T19:17:00Z
741.4400024414062,741.7100219726562,741.4299926757812,741.6599731445312,101325,2026-07-28T19:18:00Z
741.6500244140625,741.719970703125,741.5900268554688,741.64990234375,38916,2026-07-28T19:19:00Z
741.6199951171875,741.6799926757812,741.5700073242188,741.6500244140625,128076,2026-07-28T19:20:00Z
741.6494750976562,741.7100219726562,741.530029296875,741.5800170898438,170261,2026-07-28T19:21:00Z
741.5900268554688,741.760009765625,741.5900268554688,741.760009765625,47826,2026-07-28T19:22:00Z
741.760009765625,741.8200073242188,741.719970703125,741.739990234375,37155,2026-07-28T19:23:00Z
741.75,741.8400268554688,741.72998046875,741.8099975585938,711527,2026-07-28T19:24:00Z
741.8200073242188,741.8499755859375,741.6300048828125,741.6400146484375,85531,2026-07-28T19:25:00Z
741.6300048828125,741.6900024414062,741.3800048828125,741.4299926757812,78316,2026-07-28T19:26:00Z
741.4199829101562,741.4500122070312,741.3499755859375,741.4249877929688,103737,2026-07-28T19:27:00Z
741.4400024414062,741.760009765625,741.4000244140625,741.7200927734375,86210,2026-07-28T19:28:00Z
741.72998046875,741.780029296875,741.6099853515625,741.7000122070312,44242,2026-07-28T19:29:00Z
741.7100219726562,741.72998046875,741.4600219726562,741.5800170898438,102769,2026-07-28T19:30:00Z
741.5599975585938,741.6799926757812,741.52001953125,741.5499877929688,179410,2026-07-28T19:31:00Z
741.5599975585938,741.6699829101562,741.510009765625,741.5999755859375,52637,2026-07-28T19:32:00Z
741.60498046875,741.655029296875,741.489990234375,741.5,51655,2026-07-28T19:33:00Z
741.489990234375,741.6099853515625,741.469970703125,741.532470703125,303615,2026-07-28T19:34:00Z
741.530029296875,741.5549926757812,741.22998046875,741.27001953125,86091,2026-07-28T19:35:00Z
741.27001953125,741.280029296875,741.1300048828125,741.1900024414062,109592,2026-07-28T19:36:00Z
741.1799926757812,741.2050170898438,741.0800170898438,741.1599731445312,66207,2026-07-28T19:37:00Z
741.1500244140625,741.1950073242188,741.0399780273438,741.135009765625,52952,2026-07-28T19:38:00Z
741.135009765625,741.1799926757812,740.9299926757812,741.010009765625,76174,2026-07-28T19:39:00Z
741.010009765625,741.2000122070312,740.989990234375,741.114990234375,87214,2026-07-28T19:40:00Z
741.1099853515625,741.2000122070312,741.0399780273438,741.2000122070312,58019,2026-07-28T19:41:00Z
741.1900024414062,741.2899780273438,741.0700073242188,741.1099853515625,110874,2026-07-28T19:42:00Z
741.0999755859375,741.3099975585938,741.0999755859375,741.239990234375,114140,2026-07-28T19:43:00Z
741.239990234375,741.2999877929688,741.1400146484375,741.2999877929688,106520,2026-07-28T19:44:00Z
741.2999877929688,741.3400268554688,740.969970703125,740.9749755859375,168077,2026-07-28T19:45:00Z
740.9774780273438,741.02001953125,740.8900146484375,741.02001953125,103506,2026-07-28T19:46:00Z
741.010009765625,741.1599731445312,740.989990234375,741.0599975585938,253628,2026-07-28T19:47:00Z
741.0499877929688,741.1599731445312,740.989990234375,741.0499877929688,109616,2026-07-28T19:48:00Z
741.0399780273438,741.1400146484375,741.010009765625,741.1099853515625,284572,2026-07-28T19:49:00Z
741.0999755859375,741.1799926757812,740.8599853515625,740.9099731445312,282824,2026-07-28T19:50:00Z
740.89501953125,740.97998046875,740.8499755859375,740.885498046875,100373,2026-07-28T19:51:00Z
740.8699951171875,741.0399780273438,740.8699951171875,741.02001953125,120281,2026-07-28T19:52:00Z
741.030029296875,741.1799926757812,740.969970703125,741.1799926757812,118495,2026-07-28T19:53:00Z
741.1900024414062,741.6699829101562,741.1900024414062,741.6400146484375,576965,2026-07-28T19:54:00Z
741.6300048828125,741.6300048828125,741.0,741.1900024414062,401700,2026-07-28T19:55:00Z
741.1849975585938,741.3599853515625,741.0999755859375,741.1599731445312,621007,2026-07-28T19:56:00Z
741.1599731445312,741.2100219726562,741.0050048828125,741.1199951171875,582513,2026-07-28T19:57:00Z
741.1199951171875,741.2100219726562,741.030029296875,741.0700073242188,1292640,2026-07-28T19:58:00Z
741.0599975585938,741.0900268554688,740.4299926757812,740.760009765625,2147244,2026-07-28T19:59:00Z
739.969970703125,739.969970703125,738.8599853515625,739.3699951171875,1484777,2026-07-29T13:30:00Z
739.3800048828125,739.5999755859375,738.719970703125,738.8200073242188,116436,2026-07-29T13:31:00Z
738.8499755859375,739.489990234375,738.7899780273438,739.3400268554688,149422,2026-07-29T13:32:00Z
739.375,740.0999755859375,739.155029296875,740.0900268554688,131156,2026-07-29T13:33:00Z
740.0900268554688,740.3900146484375,739.9299926757812,740.030029296875,123244,2026-07-29T13:34:00Z
740.02001953125,740.239990234375,739.9000244140625,740.0800170898438,74973,2026-07-29T13:35:00Z
740.0800170898438,740.1699829101562,739.75,739.97998046875,83658,2026-07-29T13:36:00Z
740.02001953125,740.07373046875,739.3900146484375,739.780029296875,57408,2026-07-29T13:37:00Z
739.7999877929688,740.0599975585938,739.2119750976562,739.25,90458,2026-07-29T13:38:00Z
739.239990234375,740.0399780273438,739.1749877929688,739.9000244140625,89213,2026-07-29T13:39:00Z
739.8900146484375,740.0399780273438,739.4299926757812,739.97998046875,118644,2026-07-29T13:40:00Z
739.989990234375,740.0399780273438,739.6199951171875,739.7100219726562,78311,2026-07-29T13:41:00Z
739.75,739.8200073242188,739.4199829101562,739.5449829101562,71319,2026-07-29T13:42:00Z
739.5800170898438,739.7000122070312,739.3200073242188,739.510009765625,93327,2026-07-29T13:43:00Z
739.5399780273438,739.75,739.52001953125,739.6799926757812,477243,2026-07-29T13:44:00Z
739.6599731445312,740.219970703125,739.6300048828125,739.97998046875,100688,2026-07-29T13:45:00Z
739.969970703125,740.1298828125,739.4400024414062,739.5399780273438,70983,2026-07-29T13:46:00Z
739.5599975585938,739.6300048828125,739.02001953125,739.1950073242188,120521,2026-07-29T13:47:00Z
739.2000122070312,739.3599853515625,739.0499877929688,739.2100219726562,92124,2026-07-29T13:48:00Z
739.219970703125,739.3800048828125,738.8800048828125,739.155029296875,140858,2026-07-29T13:49:00Z
739.1599731445312,739.2100219726562,738.2899780273438,738.3200073242188,91757,2026-07-29T13:50:00Z
738.280029296875,738.2899780273438,737.8699951171875,737.8900146484375,158841,2026-07-29T13:51:00Z
737.8900146484375,737.9400024414062,737.4650268554688,737.5599975585938,133383,2026-07-29T13:52:00Z
737.5599975585938,737.9849853515625,737.4299926757812,737.969970703125,115294,2026-07-29T13:53:00Z
737.989990234375,738.0999755859375,737.5999755859375,737.8099975585938,114531,2026-07-29T13:54:00Z
737.780029296875,737.780029296875,737.0399780273438,737.25,143247,2026-07-29T13:55:00Z
737.2698974609375,737.27001953125,736.8800048828125,736.9600219726562,88692,2026-07-29T13:56:00Z
736.9400024414062,737.1199951171875,736.6099853515625,737.0399780273438,137475,2026-07-29T13:57:00Z
737.0599975585938,737.510009765625,737.0499877929688,737.489990234375,101088,2026-07-29T13:58:00Z
737.4849853515625,737.6199951171875,737.030029296875,737.3599853515625,156654,2026-07-29T13:59:00Z
737.4299926757812,737.8400268554688,737.3499755859375,737.5599975585938,535006,2026-07-29T14:00:00Z
737.5800170898438,737.72998046875,737.3599853515625,737.5250244140625,70409,2026-07-29T14:01:00Z
737.5250244140625,738.0900268554688,737.469970703125,737.8099975585938,539867,2026-07-29T14:02:00Z
737.780029296875,738.0,737.52001953125,737.5399780273438,0,2026-07-29T14:03:00Z
737.5399780273438,737.7999877929688,737.3900146484375,737.7999877929688,77694,2026-07-29T14:04:00Z
737.7849731445312,738.3300170898438,737.7849731445312,737.8699951171875,109566,2026-07-29T14:05:00Z
737.8499755859375,737.9400024414062,737.27001953125,737.3400268554688,105931,2026-07-29T14:06:00Z
737.3499755859375,737.3499755859375,736.8699951171875,737.0800170898438,94860,2026-07-29T14:07:00Z
737.10498046875,737.1599731445312,736.77001953125,736.9299926757812,60505,2026-07-29T14:08:00Z
736.9550170898438,737.1199951171875,736.7100219726562,736.8099975585938,44842,2026-07-29T14:09:00Z
736.780029296875,736.7999877929688,736.5499877929688,736.760009765625,93112,2026-07-29T14:10:00Z
736.77001953125,737.0399780273438,736.6849975585938,736.8800048828125,102675,2026-07-29T14:11:00Z
736.8699951171875,736.989990234375,735.7150268554688,735.760009765625,145605,2026-07-29T14:12:00Z
735.739990234375,735.739990234375,735.0401000976562,735.3300170898438,205521,2026-07-29T14:13:00Z
735.3599853515625,735.5700073242188,735.1400146484375,735.4099731445312,180215,2026-07-29T14:14:00Z
735.4099731445312,735.8200073242188,735.3599853515625,735.7000122070312,110433,2026-07-29T14:15:00Z
735.6749877929688,735.9099731445312,735.530029296875,735.8800048828125,58433,2026-07-29T14:16:00Z
735.8699951171875,736.0075073242188,735.52001953125,735.6199951171875,96738,2026-07-29T14:17:00Z
735.6199951171875,736.27001953125,735.6099853515625,736.0899047851562,152986,2026-07-29T14:18:00Z
736.1099243164062,736.1900024414062,735.760009765625,735.8900146484375,121579,2026-07-29T14:19:00Z
735.8900146484375,736.1599731445312,735.6903076171875,736.0399780273438,110705,2026-07-29T14:20:00Z
736.02001953125,736.280029296875,735.8800048828125,736.219970703125,112352,2026-07-29T14:21:00Z
736.2274780273438,736.469970703125,736.0999755859375,736.25,77786,2026-07-29T14:22:00Z
736.25,736.4400024414062,735.9299926757812,735.97998046875,104743,2026-07-29T14:23:00Z
735.989990234375,736.0599975585938,735.3099975585938,735.489990234375,114943,2026-07-29T14:24:00Z
735.469970703125,735.52001953125,734.7999877929688,734.8049926757812,155547,2026-07-29T14:25:00Z
734.8049926757812,734.8049926757812,734.260009765625,734.6599731445312,218367,2026-07-29T14:26:00Z
734.6599731445312,734.9299926757812,734.4000244140625,734.8250122070312,265867,2026-07-29T14:27:00Z
734.8300170898438,735.1099853515625,734.760009765625,735.0800170898438,117510,2026-07-29T14:28:00Z
735.0800170898438,735.219970703125,734.8350219726562,734.9199829101562,81488,2026-07-29T14:29:00Z
734.9099731445312,735.3900146484375,734.8099975585938,735.3200073242188,85025,2026-07-29T14:30:00Z
735.2999877929688,735.4395141601562,735.0599975585938,735.2000122070312,89640,2026-07-29T14:31:00Z
735.22998046875,735.5700073242188,735.1699829101562,735.489990234375,111355,2026-07-29T14:32:00Z
735.469970703125,735.8400268554688,735.4199829101562,735.5,0,2026-07-29T14:33:00Z
735.5,735.52001953125,735.0599975585938,735.3200073242188,87238,2026-07-29T14:34:00Z
735.3200073242188,735.4000244140625,734.930419921875,735.3200073242188,266471,2026-07-29T14:35:00Z
735.3699951171875,735.4600219726562,735.0999755859375,735.3400268554688,101151,2026-07-29T14:36:00Z
735.3400268554688,735.3400268554688,735.0800170898438,735.1900024414062,91907,2026-07-29T14:37:00Z
735.1649780273438,735.405029296875,734.9000244140625,735.405029296875,91489,2026-07-29T14:38:00Z
735.4000244140625,735.4199829101562,734.6599731445312,734.8099975585938,106594,2026-07-29T14:39:00Z
734.780029296875,734.7999877929688,734.02001953125,734.25,166660,2026-07-29T14:40:00Z
734.260009765625,734.7150268554688,734.2100219726562,734.3800048828125,107048,2026-07-29T14:41:00Z
734.3599853515625,734.385009765625,733.9500122070312,733.9550170898438,92658,2026-07-29T14:42:00Z
733.9550170898438,734.344970703125,733.9299926757812,734.2000122070312,113533,2026-07-29T14:43:00Z
734.0900268554688,734.260009765625,733.7899780273438,734.219970703125,97600,2026-07-29T14:44:00Z
734.2100219726562,734.3900146484375,734.0399780273438,734.2249755859375,102549,2026-07-29T14:45:00Z
734.239990234375,734.5800170898438,733.989990234375,734.52001953125,118394,2026-07-29T14:46:00Z
734.510009765625,734.7899780273438,734.260009765625,734.280029296875,93914,2026-07-29T14:47:00Z
734.27001953125,734.2899780273438,733.8900146484375,734.0349731445312,55017,2026-07-29T14:48:00Z
734.0399780273438,734.4400024414062,733.9500122070312,734.4299926757812,72631,2026-07-29T14:49:00Z
734.4249877929688,734.6599731445312,734.260009765625,734.5700073242188,61274,2026-07-29T14:50:00Z
734.5650024414062,734.6699829101562,734.3300170898438,734.5599975585938,50810,2026-07-29T14:51:00Z
734.5499877929688,735.3400268554688,734.5499877929688,734.97998046875,157461,2026-07-29T14:52:00Z
734.9400024414062,735.260009765625,734.8599853515625,735.114990234375,136549,2026-07-29T14:53:00Z
735.0999755859375,735.1300048828125,734.72998046875,735.030029296875,73207,2026-07-29T14:54:00Z
735.02001953125,735.0900268554688,734.5800170898438,734.5999755859375,51677,2026-07-29T14:55:00Z
734.5399780273438,734.5800170898438,734.3800048828125,734.47998046875,50964,2026-07-29T14:56:00Z
734.47998046875,734.689697265625,734.27001953125,734.3699951171875,57694,2026-07-29T14:57:00Z
734.3499755859375,734.75,734.32470703125,734.6599731445312,66973,2026-07-29T14:58:00Z
734.6900024414062,734.969970703125,734.6900024414062,734.8200073242188,53897,2026-07-29T14:59:00Z
734.8200073242188,735.1500244140625,734.4299926757812,734.6699829101562,85260,2026-07-29T15:00:00Z
734.6599731445312,735.1300048828125,734.530029296875,735.1300048828125,60653,2026-07-29T15:01:00Z
735.1400146484375,735.4500122070312,735.0900268554688,735.3300170898438,82364,2026-07-29T15:02:00Z
735.2999877929688,735.54931640625,735.1799926757812,735.2899780273438,72876,2026-07-29T15:03:00Z
735.2999877929688,735.3599853515625,735.0800170898438,735.3200073242188,72679,2026-07-29T15:04:00Z
735.3200073242188,735.3499755859375,734.6699829101562,734.9550170898438,73313,2026-07-29T15:05:00Z
734.9500122070312,735.1799926757812,734.9299926757812,734.9600219726562,57112,2026-07-29T15:06:00Z
734.9400024414062,735.3900146484375,734.9099731445312,735.3400268554688,65273,2026-07-29T15:07:00Z
735.3599853515625,735.5900268554688,735.280029296875,735.2800903320312,61577,2026-07-29T15:08:00Z
735.239990234375,735.6190795898438,735.1799926757812,735.5900268554688,88663,2026-07-29T15:09:00Z
735.6300048828125,735.6599731445312,735.2100219726562,735.2100219726562,101941,2026-07-29T15:10:00Z
735.2100219726562,735.219970703125,734.530029296875,734.7800903320312,117423,2026-07-29T15:11:00Z
734.780029296875,735.0599975585938,734.75,734.9099731445312,55671,2026-07-29T15:12:00Z
734.9000244140625,735.0700073242188,734.7349853515625,734.7899780273438,42313,2026-07-29T15:13:00Z
734.7999877929688,734.9600219726562,734.530029296875,734.6400146484375,37648,2026-07-29T15:14:00Z
734.6500244140625,735.02001953125,734.5399780273438,735.02001953125,53284,2026-07-29T15:15:00Z
735.02001953125,735.4400024414062,734.8800048828125,735.3900146484375,80063,2026-07-29T15:16:00Z
735.3800048828125,735.4299926757812,734.9600219726562,735.1900024414062,59141,2026-07-29T15:17:00Z
735.1799926757812,735.489990234375,735.1799926757812,735.219970703125,55336,2026-07-29T15:18:00Z
735.25,735.2999877929688,734.530029296875,734.5599975585938,55691,2026-07-29T15:19:00Z
734.5700073242188,734.6950073242188,734.3699951171875,734.6599731445312,75563,2026-07-29T15:20:00Z
734.6699829101562,734.75,734.469970703125,734.72998046875,60440,2026-07-29T15:21:00Z
734.72998046875,734.760009765625,734.4400024414062,734.7000122070312,41556,2026-07-29T15:22:00Z
734.7000122070312,734.989990234375,734.6400146484375,734.9600219726562,63561,2026-07-29T15:23:00Z
734.9600219726562,735.0499877929688,734.760009765625,735.02001953125,43511,2026-07-29T15:24:00Z
735.010009765625,735.0900268554688,734.6300048828125,734.97998046875,52645,2026-07-29T15:25:00Z
734.9600219726562,735.2150268554688,734.4199829101562,734.6400146484375,36569,2026-07-29T15:26:00Z
734.6400146484375,734.7999877929688,734.469970703125,734.47998046875,44624,2026-07-29T15:27:00Z
734.5399780273438,734.7000122070312,734.4500122070312,734.5999755859375,40526,2026-07-29T15:28:00Z
734.5900268554688,734.6699829101562,734.3499755859375,734.4403076171875,34869,2026-07-29T15:29:00Z
734.4199829101562,734.5999755859375,734.280029296875,734.5399780273438,37401,2026-07-29T15:30:00Z
734.5700073242188,734.6500244140625,734.3699951171875,734.6400146484375,41052,2026-07-29T15:31:00Z
734.6998901367188,734.8699951171875,734.5900268554688,734.7213745117188,43224,2026-07-29T15:32:00Z
734.6900024414062,734.989990234375,734.52001953125,734.7999877929688,42809,2026-07-29T15:33:00Z
734.8049926757812,734.9500122070312,734.3800048828125,734.5700073242188,40344,2026-07-29T15:34:00Z
734.5800170898438,734.8699951171875,734.4199829101562,734.8300170898438,61453,2026-07-29T15:35:00Z
734.8499755859375,734.8900146484375,734.5700073242188,734.7899780273438,40674,2026-07-29T15:36:00Z
734.8200073242188,734.9699096679688,734.5900268554688,734.6799926757812,46783,2026-07-29T15:37:00Z
734.6699829101562,734.8599853515625,734.3599853515625,734.4201049804688,45786,2026-07-29T15:38:00Z
734.4299926757812,734.4500122070312,734.030029296875,734.030029296875,38140,2026-07-29T15:39:00Z
734.02001953125,734.2000122070312,733.9500122070312,734.0700073242188,51088,2026-07-29T15:40:00Z
734.0800170898438,734.3994750976562,734.0700073242188,734.280029296875,63705,2026-07-29T15:41:00Z
734.280029296875,734.4199829101562,733.969970703125,733.969970703125,41407,2026-07-29T15:42:00Z
733.969970703125,734.0399780273438,733.719970703125,733.719970703125,66996,2026-07-29T15:43:00Z
733.739990234375,734.0549926757812,733.739990234375,733.989990234375,40673,2026-07-29T15:44:00Z
733.97998046875,734.1500244140625,733.7899780273438,733.9400024414062,54007,2026-07-29T15:45:00Z
733.9400024414062,734.219970703125,733.9400024414062,734.1099853515625,36314,2026-07-29T15:46:00Z
734.0999755859375,734.3499755859375,734.0549926757812,734.280029296875,56127,2026-07-29T15:47:00Z
734.2999877929688,734.469970703125,734.1799926757812,734.239990234375,41827,2026-07-29T15:48:00Z
734.22998046875,734.469970703125,734.1699829101562,734.4400024414062,29097,2026-07-29T15:49:00Z
734.4299926757812,734.5399780273438,734.161376953125,734.3400268554688,42609,2026-07-29T15:50:00Z
734.3399047851562,734.4199829101562,734.1900024414062,734.27001953125,28357,2026-07-29T15:51:00Z
734.260009765625,734.3599853515625,734.0499877929688,734.3599853515625,25746,2026-07-29T15:52:00Z
734.3599853515625,734.3800048828125,733.9500122070312,734.0700073242188,52369,2026-07-29T15:53:00Z
734.0700073242188,734.0800170898438,733.469970703125,733.47998046875,86803,2026-07-29T15:54:00Z
733.510009765625,733.52001953125,733.0999755859375,733.25,97937,2026-07-29T15:55:00Z
733.2371826171875,733.3900146484375,733.02001953125,733.3699951171875,79488,2026-07-29T15:56:00Z
733.3699951171875,733.469970703125,733.2899780273438,733.4000244140625,51578,2026-07-29T15:57:00Z
733.3800048828125,733.5399780273438,733.2999877929688,733.530029296875,79626,2026-07-29T15:58:00Z
733.52001953125,733.8800048828125,733.469970703125,733.72998046875,97531,2026-07-29T15:59:00Z
733.760009765625,734.030029296875,733.3704833984375,733.3704833984375,65830,2026-07-29T16:00:00Z
733.3900146484375,733.5198974609375,733.1099853515625,733.1900024414062,50290,2026-07-29T16:01:00Z
733.1599731445312,733.2899780273438,733.0800170898438,733.1849975585938,57657,2026-07-29T16:02:00Z
733.1799926757812,733.280029296875,733.0999755859375,733.1400146484375,52537,2026-07-29T16:03:00Z
733.1500244140625,733.1500244140625,732.739990234375,732.8099975585938,100785,2026-07-29T16:04:00Z
732.8400268554688,732.8400268554688,732.219970703125,732.489990234375,125487,2026-07-29T16:05:00Z
732.47998046875,732.6799926757812,732.3699951171875,732.5499877929688,55697,2026-07-29T16:06:00Z
732.530029296875,732.7000122070312,732.4500122070312,732.6799926757812,108130,2026-07-29T16:07:00Z
732.7100219726562,732.8200073242188,732.5700073242188,732.760009765625,136507,2026-07-29T16:08:00Z
732.739990234375,732.780029296875,732.52001953125,732.7100219726562,47065,2026-07-29T16:09:00Z
732.7000122070312,732.760009765625,732.5599975585938,732.6799926757812,39720,2026-07-29T16:10:00Z
732.6599731445312,732.739990234375,732.4400024414062,732.510009765625,42507,2026-07-29T16:11:00Z
732.52001953125,732.72998046875,732.5,732.5,47855,2026-07-29T16:12:00Z
732.52001953125,732.6799926757812,732.47998046875,732.510009765625,61626,2026-07-29T16:13:00Z
732.5150146484375,732.5999755859375,732.02001953125,732.02001953125,133314,2026-07-29T16:14:00Z
732.02001953125,732.1400146484375,731.72998046875,732.0701293945312,145104,2026-07-29T16:15:00Z
732.0700073242188,732.1099853515625,731.8699951171875,732.0601196289062,326620,2026-07-29T16:16:00Z
732.0599975585938,732.2680053710938,731.9500122070312,732.1950073242188,60455,2026-07-29T16:17:00Z
732.1900024414062,732.3300170898438,732.0499877929688,732.2899780273438,61821,2026-07-29T16:18:00Z
732.2999877929688,732.3599853515625,732.2000122070312,732.22998046875,66736,2026-07-29T16:19:00Z
732.239990234375,732.5150146484375,732.1099853515625,732.5150146484375,78524,2026-07-29T16:20:00Z
732.510009765625,732.7000122070312,732.489990234375,732.5399780273438,53827,2026-07-29T16:21:00Z
732.5399780273438,733.02001953125,732.5399780273438,732.9749755859375,81339,2026-07-29T16:22:00Z
732.97998046875,733.5999755859375,732.9099731445312,733.2750244140625,123787,2026-07-29T16:23:00Z
733.25,733.4099731445312,733.1400146484375,733.3499755859375,61809,2026-07-29T16:24:00Z
733.3499755859375,733.5999755859375,733.3250122070312,733.3699951171875,80637,2026-07-29T16:25:00Z
733.3900146484375,733.6699829101562,733.280029296875,733.6699829101562,41227,2026-07-29T16:26:00Z
733.6500244140625,733.7000122070312,733.47998046875,733.5599975585938,74445,2026-07-29T16:27:00Z
733.5499877929688,733.8300170898438,733.4099731445312,733.75,57040,2026-07-29T16:28:00Z
733.760009765625,733.9199829101562,733.72998046875,733.8499755859375,102799,2026-07-29T16:29:00Z
733.8400268554688,734.3200073242188,733.760009765625,734.1400146484375,106939,2026-07-29T16:30:00Z
734.14697265625,734.2100219726562,733.8400268554688,734.010009765625,141070,2026-07-29T16:31:00Z
734.0,734.02001953125,733.5599975585938,733.64501953125,60672,2026-07-29T16:32:00Z
733.6500244140625,733.8099975585938,733.5800170898438,733.75,38014,2026-07-29T16:33:00Z
733.75,733.9400024414062,733.394775390625,733.394775390625,47248,2026-07-29T16:34:00Z
733.4000244140625,733.4600219726562,733.0800170898438,733.239990234375,425931,2026-07-29T16:35:00Z
733.25,733.3699951171875,732.97998046875,733.0,45561,2026-07-29T16:36:00Z
733.0549926757812,733.4199829101562,733.0549926757812,733.3599853515625,66125,2026-07-29T16:37:00Z
733.3800048828125,733.5,733.27001953125,733.3001098632812,55831,2026-07-29T16:38:00Z
733.3300170898438,733.6799926757812,733.3099975585938,733.5700073242188,69572,2026-07-29T16:39:00Z
733.5499877929688,733.6749877929688,733.2899780273438,733.6500244140625,59140,2026-07-29T16:40:00Z
733.6500244140625,733.7100219726562,733.2999877929688,733.3049926757812,72790,2026-07-29T16:41:00Z
733.3400268554688,733.3499755859375,732.9099731445312,733.0775146484375,64851,2026-07-29T16:42:00Z
733.0999755859375,733.2000122070312,732.9600219726562,732.9600219726562,47515,2026-07-29T16:43:00Z
732.9600219726562,733.22998046875,732.8800048828125,733.2299194335938,59304,2026-07-29T16:44:00Z
733.219970703125,733.3300170898438,733.0499877929688,733.1500244140625,61516,2026-07-29T16:45:00Z
733.1300048828125,733.239990234375,733.030029296875,733.1300048828125,74712,2026-07-29T16:46:00Z
733.1325073242188,733.6099853515625,733.1325073242188,733.5700073242188,58549,2026-07-29T16:47:00Z
733.5800170898438,733.6799926757812,733.489990234375,733.5750122070312,32891,2026-07-29T16:48:00Z
733.5499877929688,733.9600219726562,733.52001953125,733.9299926757812,46904,2026-07-29T16:49:00Z
733.9500122070312,734.1099853515625,733.780029296875,734.0010986328125,51364,2026-07-29T16:50:00Z
734.010009765625,734.1799926757812,733.9299926757812,733.969970703125,46232,2026-07-29T16:51:00Z
733.9600219726562,734.3400268554688,733.7100219726562,734.3350219726562,48124,2026-07-29T16:52:00Z
734.3400268554688,734.5,734.280029296875,734.3900146484375,67092,2026-07-29T16:53:00Z
734.375,734.4199829101562,734.1599731445312,734.2899780273438,41389,2026-07-29T16:54:00Z
734.260009765625,734.5,734.1599731445312,734.3200073242188,42248,2026-07-29T16:55:00Z
734.3300170898438,734.5,734.1400756835938,734.4801025390625,44784,2026-07-29T16:56:00Z
734.5,734.6699829101562,734.4199829101562,734.510009765625,44652,2026-07-29T16:57:00Z
734.510009765625,734.5900268554688,734.3200073242188,734.52001953125,38502,2026-07-29T16:58:00Z
734.5399780273438,734.8699951171875,734.532470703125,734.8699951171875,50223,2026-07-29T16:59:00Z
734.8800048828125,735.0,734.739990234375,734.9199829101562,58440,2026-07-29T17:00:00Z
734.9000244140625,735.1599731445312,734.8599853515625,735.030029296875,78965,2026-07-29T17:01:00Z
735.0399780273438,735.1599731445312,734.8800048828125,735.0599975585938,65260,2026-07-29T17:02:00Z
735.0700073242188,735.5999755859375,735.02099609375,735.5700073242188,66900,2026-07-29T17:03:00Z
735.5499877929688,735.989990234375,735.469970703125,735.8599853515625,93137,2026-07-29T17:04:00Z
735.89501953125,735.9299926757812,735.489990234375,735.6199951171875,80414,2026-07-29T17:05:00Z
735.6400146484375,735.8699951171875,735.530029296875,735.8499755859375,52568,2026-07-29T17:06:00Z
735.8300170898438,735.8499755859375,735.4500122070312,735.4500122070312,91690,2026-07-29T17:07:00Z
735.469970703125,735.6799926757812,735.3400268554688,735.530029296875,74261,2026-07-29T17:08:00Z
735.5,735.6300048828125,735.3699951171875,735.39501953125,54482,2026-07-29T17:09:00Z
735.4000244140625,735.9600219726562,735.3300170898438,735.8699951171875,68403,2026-07-29T17:10:00Z
735.8900146484375,736.0,735.8400268554688,735.9500122070312,64834,2026-07-29T17:11:00Z
735.9598999023438,736.1890258789062,735.75,736.1699829101562,91543,2026-07-29T17:12:00Z
736.1699829101562,736.5,736.1699829101562,736.3150024414062,94608,2026-07-29T17:13:00Z
736.2999877929688,736.6199951171875,736.239990234375,736.5999755859375,110328,2026-07-29T17:14:00Z
736.6099853515625,736.6550903320312,736.344970703125,736.4400024414062,101442,2026-07-29T17:15:00Z
736.4199829101562,736.5399780273438,736.2949829101562,736.4299926757812,82893,2026-07-29T17:16:00Z
736.4299926757812,736.72998046875,736.344970703125,736.6400146484375,53808,2026-07-29T17:17:00Z
736.6599731445312,736.864990234375,736.530029296875,736.6599731445312,95287,2026-07-29T17:18:00Z
736.6500244140625,736.7449951171875,736.5800170898438,736.72998046875,51431,2026-07-29T17:19:00Z
736.72998046875,736.989990234375,736.7000122070312,736.8300170898438,78590,2026-07-29T17:20:00Z
736.8300170898438,737.2399291992188,736.77001953125,737.22998046875,81674,2026-07-29T17:21:00Z
737.219970703125,737.239990234375,736.8699951171875,736.8701171875,57559,2026-07-29T17:22:00Z
736.8800048828125,737.0,736.7100219726562,736.9190063476562,66498,2026-07-29T17:23:00Z
736.9099731445312,736.9199829101562,736.2899780273438,736.3400268554688,84230,2026-07-29T17:24:00Z
736.3300170898438,736.4099731445312,736.125,736.219970703125,101641,2026-07-29T17:25:00Z
736.22998046875,736.4600219726562,736.155029296875,736.4099731445312,73535,2026-07-29T17:26:00Z
736.4099731445312,736.4600219726562,736.1799926757812,736.25,58022,2026-07-29T17:27:00Z
736.239990234375,736.4299926757812,736.1500244140625,736.3200073242188,60623,2026-07-29T17:28:00Z
736.3200073242188,736.3200073242188,735.72998046875,735.739990234375,94504,2026-07-29T17:29:00Z
735.75,735.75,735.3400268554688,735.3699951171875,104958,2026-07-29T17:30:00Z
735.3720092773438,735.760009765625,735.27001953125,735.75,84821,2026-07-29T17:31:00Z
735.75,736.0700073242188,735.6599731445312,736.0599975585938,70558,2026-07-29T17:32:00Z
736.0549926757812,736.2899780273438,736.0399780273438,736.2899780273438,57080,2026-07-29T17:33:00Z
736.2899780273438,736.3499755859375,735.75,735.8400268554688,57124,2026-07-29T17:34:00Z
735.8099975585938,735.969970703125,735.5,735.5599975585938,41496,2026-07-29T17:35:00Z
735.5399780273438,735.6500244140625,735.4000244140625,735.4000244140625,37823,2026-07-29T17:36:00Z
735.4000244140625,735.7000122070312,735.3499755859375,735.52001953125,32117,2026-07-29T17:37:00Z
735.47998046875,735.6699829101562,735.4600219726562,735.530029296875,47163,2026-07-29T17:38:00Z
735.510009765625,735.719970703125,735.5,735.6400146484375,63446,2026-07-29T17:39:00Z
735.6400146484375,735.7100219726562,735.52001953125,735.6099853515625,48280,2026-07-29T17:40:00Z
735.5999755859375,735.7899780273438,735.5800170898438,735.7000122070312,44641,2026-07-29T17:41:00Z
735.7100219726562,735.844970703125,735.4749755859375,735.530029296875,60337,2026-07-29T17:42:00Z
735.52001953125,735.8892822265625,735.3900146484375,735.8499755859375,49772,2026-07-29T17:43:00Z
735.8400268554688,735.9199829101562,735.6900024414062,735.75,28345,2026-07-29T17:44:00Z
735.760009765625,735.8699951171875,735.47998046875,735.5050048828125,45094,2026-07-29T17:45:00Z
735.52001953125,735.7050170898438,735.3900146484375,735.6500244140625,46157,2026-07-29T17:46:00Z
735.6500244140625,735.75,735.5700073242188,735.739990234375,42732,2026-07-29T17:47:00Z
735.760009765625,735.9199829101562,735.6500244140625,735.9199829101562,42429,2026-07-29T17:48:00Z
735.9099731445312,736.030029296875,735.8200073242188,735.97802734375,40990,2026-07-29T17:49:00Z
735.97998046875,736.1300048828125,735.9500122070312,736.1099853515625,44392,2026-07-29T17:50:00Z
736.1199951171875,736.239990234375,736.0700073242188,736.2000122070312,163337,2026-07-29T17:51:00Z
736.1900024414062,736.4000244140625,736.0999755859375,736.1799926757812,68582,2026-07-29T17:52:00Z
736.1599731445312,736.2899780273438,736.0809936523438,736.2550048828125,41828,2026-07-29T17:53:00Z
736.2550048828125,736.27001953125,736.0750122070312,736.1900024414062,51236,2026-07-29T17:54:00Z
736.1900024414062,736.239990234375,735.8099975585938,735.9099731445312,67841,2026-07-29T17:55:00Z
735.9199829101562,735.9199829101562,735.719970703125,735.780029296875,70266,2026-07-29T17:56:00Z
735.7899780273438,735.844970703125,735.6900024414062,735.8099975585938,64470,2026-07-29T17:57:00Z
735.8200073242188,735.9600219726562,735.6099853515625,735.8800048828125,79075,2026-07-29T17:58:00Z
735.8900146484375,736.4199829101562,735.8900146484375,736.407470703125,48936,2026-07-29T17:59:00Z
736.3699951171875,738.97998046875,736.3699951171875,738.9299926757812,760453,2026-07-29T18:00:00Z
738.8300170898438,739.510009765625,738.219970703125,739.22998046875,486515,2026-07-29T18:01:00Z
739.1599731445312,739.5499877929688,738.7000122070312,738.72998046875,205358,2026-07-29T18:02:00Z
738.75,739.030029296875,738.2899780273438,738.5599975585938,222238,2026-07-29T18:03:00Z
738.5499877929688,738.5599975585938,737.8400268554688,738.1400146484375,218590,2026-07-29T18:04:00Z
738.1099853515625,738.6300048828125,737.9500122070312,738.3900146484375,187573,2026-07-29T18:05:00Z
738.4199829101562,739.0399780273438,738.3499755859375,738.7100219726562,157955,2026-07-29T18:06:00Z
738.719970703125,738.7999877929688,738.260009765625,738.2999877929688,124313,2026-07-29T18:07:00Z
738.3049926757812,738.4500122070312,737.97998046875,738.1900024414062,101704,2026-07-29T18:08:00Z
738.1500244140625,738.22998046875,737.6799926757812,738.0900268554688,93646,2026-07-29T18:09:00Z
738.0599975585938,738.3800048828125,737.6699829101562,737.85498046875,275720,2026-07-29T18:10:00Z
737.8300170898438,738.3699951171875,737.6400146484375,738.1799926757812,104537,2026-07-29T18:11:00Z
738.239990234375,738.3499755859375,737.75,737.8499755859375,63072,2026-07-29T18:12:00Z
737.8300170898438,737.97998046875,737.4400024414062,737.6599731445312,79201,2026-07-29T18:13:00Z
737.6588134765625,737.760009765625,736.9600219726562,737.3900146484375,91113,2026-07-29T18:14:00Z
737.4199829101562,738.0900268554688,737.4199829101562,737.9249877929688,66291,2026-07-29T18:15:00Z
737.9000244140625,738.260009765625,737.64501953125,737.72998046875,73433,2026-07-29T18:16:00Z
737.72998046875,737.7899780273438,737.1599731445312,737.5499877929688,198475,2026-07-29T18:17:00Z
737.530029296875,737.6099853515625,737.1599731445312,737.280029296875,53691,2026-07-29T18:18:00Z
737.27001953125,737.3099975585938,736.8200073242188,737.02001953125,89362,2026-07-29T18:19:00Z
737.010009765625,737.1099853515625,736.5499877929688,736.8250122070312,65598,2026-07-29T18:20:00Z
736.8049926757812,737.02001953125,736.510009765625,736.7000122070312,78628,2026-07-29T18:21:00Z
736.6799926757812,736.760009765625,736.4199829101562,736.72998046875,62695,2026-07-29T18:22:00Z
736.72998046875,737.030029296875,736.3182983398438,736.3599853515625,74172,2026-07-29T18:23:00Z
736.3800048828125,736.969970703125,736.35498046875,736.6599731445312,115188,2026-07-29T18:24:00Z
736.6900024414062,736.9400024414062,736.4600219726562,736.7000122070312,232449,2026-07-29T18:25:00Z
736.7000122070312,737.0700073242188,736.5700073242188,736.8300170898438,82481,2026-07-29T18:26:00Z
736.8099975585938,736.8699951171875,736.5,736.6900024414062,48214,2026-07-29T18:27:00Z
736.75,737.0999755859375,736.719970703125,736.9500122070312,64528,2026-07-29T18:28:00Z
736.9600219726562,737.3599853515625,736.8499755859375,737.3099975585938,62643,2026-07-29T18:29:00Z
737.3599853515625,737.8599853515625,737.3499755859375,737.7501220703125,89673,2026-07-29T18:30:00Z
737.8099975585938,738.0800170898438,736.8900146484375,737.0,258495,2026-07-29T18:31:00Z
736.9400024414062,737.0,735.9500122070312,736.72998046875,260030,2026-07-29T18:32:00Z
736.72998046875,737.3499755859375,736.2000122070312,737.0,165236,2026-07-29T18:33:00Z
737.02001953125,737.1300048828125,736.510009765625,736.9099731445312,60581,2026-07-29T18:34:00Z
736.9299926757812,737.0499877929688,736.3400268554688,736.6749877929688,82071,2026-07-29T18:35:00Z
736.7000122070312,737.4600219726562,736.4099731445312,737.4500122070312,64738,2026-07-29T18:36:00Z
737.5,738.0,737.27001953125,737.8900146484375,85410,2026-07-29T18:37:00Z
737.9099731445312,738.9600219726562,737.8699951171875,738.57080078125,176636,2026-07-29T18:38:00Z
738.5900268554688,739.2899780273438,738.2100219726562,738.9400024414062,123645,2026-07-29T18:39:00Z
738.9345703125,739.739990234375,738.8499755859375,739.5750122070312,114783,2026-07-29T18:40:00Z
739.530029296875,740.25,739.530029296875,739.8099975585938,163399,2026-07-29T18:41:00Z
739.8300170898438,740.030029296875,739.1900024414062,739.8400268554688,135178,2026-07-29T18:42:00Z
739.8200073242188,740.4000244140625,739.6400146484375,740.3400268554688,143087,2026-07-29T18:43:00Z
740.3599853515625,741.02001953125,740.1900024414062,740.719970703125,349823,2026-07-29T18:44:00Z
740.719970703125,741.1599731445312,740.469970703125,740.8599853515625,267630,2026-07-29T18:45:00Z
740.8800048828125,741.3400268554688,740.719970703125,741.0802001953125,215899,2026-07-29T18:46:00Z
741.0900268554688,742.02001953125,740.9500122070312,741.5800170898438,220908,2026-07-29T18:47:00Z
741.5700073242188,741.72998046875,741.0399780273438,741.219970703125,161589,2026-07-29T18:48:00Z
741.22998046875,742.1199951171875,741.1900024414062,741.9299926757812,196412,2026-07-29T18:49:00Z
741.9199829101562,742.0700073242188,741.530029296875,741.9099731445312,225572,2026-07-29T18:50:00Z
741.9199829101562,741.9400024414062,741.27001953125,741.9199829101562,280872,2026-07-29T18:51:00Z
741.9099731445312,742.1199951171875,741.6900024414062,741.9299926757812,119959,2026-07-29T18:52:00Z
741.9299926757812,742.489990234375,741.9299926757812,742.2899780273438,178465,2026-07-29T18:53:00Z
742.2999877929688,742.64501953125,742.2000122070312,742.5900268554688,119915,2026-07-29T18:54:00Z
742.6099853515625,742.6799926757812,742.25,742.4149780273438,134765,2026-07-29T18:55:00Z
742.4199829101562,742.47998046875,741.9099731445312,741.9099731445312,174852,2026-07-29T18:56:00Z
741.8599853515625,741.9849853515625,741.5499877929688,741.97998046875,135397,2026-07-29T18:57:00Z
741.9749755859375,742.239990234375,741.8920288085938,741.9500122070312,66387,2026-07-29T18:58:00Z
741.969970703125,742.0499877929688,741.5599975585938,741.9500122070312,96806,2026-07-29T18:59:00Z
741.9450073242188,742.0900268554688,741.3699951171875,741.5449829101562,273806,2026-07-29T19:00:00Z
741.530029296875,742.4600219726562,741.3200073242188,742.4600219726562,120781,2026-07-29T19:01:00Z
742.4299926757812,742.5900268554688,741.8599853515625,741.9039916992188,79763,2026-07-29T19:02:00Z
741.8900146484375,741.9400024414062,740.9600219726562,741.1500244140625,120740,2026-07-29T19:03:00Z
741.1400146484375,741.1799926757812,740.0999755859375,740.5399780273438,267755,2026-07-29T19:04:00Z
740.52001953125,740.5599975585938,739.7100219726562,739.844970703125,129101,2026-07-29T19:05:00Z
739.8599853515625,740.010009765625,739.5800170898438,739.7000122070312,207615,2026-07-29T19:06:00Z
739.760009765625,739.780029296875,739.1099853515625,739.1199951171875,107800,2026-07-29T19:07:00Z
739.1383056640625,739.5,738.6500244140625,738.8400268554688,191166,2026-07-29T19:08:00Z
738.8499755859375,739.010009765625,738.4199829101562,738.4299926757812,242597,2026-07-29T19:09:00Z
738.4099731445312,738.5499877929688,737.9500122070312,738.3400268554688,187546,2026-07-29T19:10:00Z
738.3250122070312,739.2098999023438,738.3099975585938,739.0700073242188,240074,2026-07-29T19:11:00Z
739.0549926757812,739.22998046875,738.3200073242188,738.9199829101562,89875,2026-07-29T19:12:00Z
738.9099731445312,739.25,738.72998046875,738.864990234375,106100,2026-07-29T19:13:00Z
738.8900146484375,739.1300048828125,738.7100219726562,738.91259765625,88263,2026-07-29T19:14:00Z
738.89501953125,739.6900024414062,738.6300048828125,739.6400146484375,161223,2026-07-29T19:15:00Z
739.6400146484375,739.77001953125,738.72998046875,738.9099731445312,135375,2026-07-29T19:16:00Z
738.9000244140625,738.989990234375,738.0700073242188,738.0700073242188,111362,2026-07-29T19:17:00Z
738.0800170898438,738.0800170898438,737.4099731445312,737.72998046875,107032,2026-07-29T19:18:00Z
737.7100219726562,737.8099975585938,737.3800048828125,737.5899047851562,353899,2026-07-29T19:19:00Z
737.5900268554688,737.6699829101562,736.7100219726562,736.739990234375,225433,2026-07-29T19:20:00Z
736.7319946289062,736.7429809570312,735.9400024414062,736.3200073242188,262056,2026-07-29T19:21:00Z
736.3200073242188,736.4199829101562,735.3699951171875,736.0499877929688,235564,2026-07-29T19:22:00Z
736.02001953125,736.1500244140625,735.489990234375,735.719970703125,256437,2026-07-29T19:23:00Z
735.7100219726562,736.1500244140625,735.3300170898438,735.3699951171875,234799,2026-07-29T19:24:00Z
735.3699951171875,735.7100219726562,734.885009765625,734.9249877929688,245894,2026-07-29T19:25:00Z
734.9299926757812,734.97998046875,734.2805786132812,734.8200073242188,295816,2026-07-29T19:26:00Z
734.8200073242188,735.239990234375,734.4603271484375,734.9299926757812,237413,2026-07-29T19:27:00Z
734.9349975585938,735.219970703125,734.6300048828125,735.0999755859375,184456,2026-07-29T19:28:00Z
735.0800170898438,735.3200073242188,734.8300170898438,735.1500244140625,237471,2026-07-29T19:29:00Z
735.2100219726562,735.5900268554688,734.9000244140625,735.4306030273438,1758116,2026-07-29T19:30:00Z
735.4500122070312,735.739990234375,734.9299926757812,735.3200073242188,259878,2026-07-29T19:31:00Z
735.3250122070312,735.4600219726562,734.3499755859375,734.6099853515625,232843,2026-07-29T19:32:00Z
734.6400146484375,734.6699829101562,732.9199829101562,733.0700073242188,279936,2026-07-29T19:33:00Z
733.0999755859375,733.6099853515625,732.6950073242188,733.5899047851562,305982,2026-07-29T19:34:00Z
733.5800170898438,733.7100219726562,732.9400024414062,733.1599731445312,333378,2026-07-29T19:35:00Z
733.1799926757812,733.9199829101562,732.89501953125,733.905029296875,282649,2026-07-29T19:36:00Z
733.8900146484375,734.02001953125,732.8499755859375,732.9400024414062,233026,2026-07-29T19:37:00Z
732.9600219726562,732.989990234375,731.9500122070312,731.989990234375,439777,2026-07-29T19:38:00Z
731.9500122070312,731.989990234375,731.52001953125,731.60498046875,282194,2026-07-29T19:39:00Z
731.594970703125,731.8599853515625,731.0599975585938,731.8599853515625,448319,2026-07-29T19:40:00Z
731.8699951171875,732.27001953125,731.4600219726562,731.760009765625,418323,2026-07-29T19:41:00Z
731.760009765625,732.0,731.5,731.6400146484375,246153,2026-07-29T19:42:00Z
731.6400146484375,731.8900146484375,730.9000244140625,731.72998046875,294831,2026-07-29T19:43:00Z
731.719970703125,731.780029296875,730.9000244140625,731.2999877929688,319104,2026-07-29T19:44:00Z
731.2999877929688,731.489990234375,730.8599853515625,730.8699951171875,341786,2026-07-29T19:45:00Z
730.8800048828125,731.4600219726562,730.77001953125,730.8300170898438,485928,2026-07-29T19:46:00Z
730.8400268554688,731.1099853515625,730.4099731445312,730.8800048828125,722660,2026-07-29T19:47:00Z
730.8800048828125,731.6900024414062,730.7999877929688,731.4400024414062,458946,2026-07-29T19:48:00Z
731.4299926757812,732.0900268554688,731.1699829101562,731.909912109375,447631,2026-07-29T19:49:00Z
731.8900146484375,731.8900146484375,730.6199951171875,731.1199951171875,435307,2026-07-29T19:50:00Z
731.1400146484375,731.1400146484375,730.6699829101562,730.9199829101562,531929,2026-07-29T19:51:00Z
730.9199829101562,730.97998046875,730.1699829101562,730.6622924804688,747933,2026-07-29T19:52:00Z
730.7000122070312,730.9500122070312,730.530029296875,730.6599731445312,231094,2026-07-29T19:53:00Z
730.6199951171875,731.1699829101562,730.5900268554688,730.8300170898438,301319,2026-07-29T19:54:00Z
730.8200073242188,730.8200073242188,729.739990234375,730.0700073242188,933042,2026-07-29T19:55:00Z
730.0650024414062,730.3400268554688,729.6500244140625,729.8300170898438,900319,2026-07-29T19:56:00Z
729.8400268554688,730.0700073242188,729.6099853515625,729.6699829101562,1542694,2026-07-29T19:57:00Z
729.6699829101562,729.8099975585938,729.4600219726562,729.5599975585938,1779840,2026-07-29T19:58:00Z
729.5700073242188,730.0900268554688,729.0999755859375,729.5399780273438,3751037,2026-07-29T19:59:00Z
736.0499877929688,736.27001953125,735.1599731445312,735.5100708007812,2361885,2026-07-30T13:30:00Z
735.52001953125,735.72998046875,735.3107299804688,735.510009765625,268971,2026-07-30T13:31:00Z
735.4949951171875,735.77001953125,735.344970703125,735.47998046875,298830,2026-07-30T13:32:00Z
735.4749755859375,735.6099853515625,734.969970703125,735.2899780273438,277476,2026-07-30T13:33:00Z
735.2999877929688,735.7000122070312,735.0700073242188,735.4451293945312,269471,2026-07-30T13:34:00Z
735.4400024414062,735.7849731445312,735.0374755859375,735.5700073242188,214790,2026-07-30T13:35:00Z
735.5599975585938,735.8400268554688,735.3350219726562,735.72998046875,254885,2026-07-30T13:36:00Z
735.719970703125,736.02001953125,735.22998046875,736.0192260742188,173629,2026-07-30T13:37:00Z
736.0,736.0499877929688,735.4299926757812,735.510009765625,216504,2026-07-30T13:38:00Z
735.510009765625,735.5900268554688,734.97998046875,735.3400268554688,166521,2026-07-30T13:39:00Z
735.3099975585938,735.4400024414062,734.6300048828125,734.7249755859375,234418,2026-07-30T13:40:00Z
734.739990234375,735.3699951171875,734.7000122070312,735.1599731445312,198409,2026-07-30T13:41:00Z
735.1300048828125,736.0499877929688,735.030029296875,735.8800048828125,203455,2026-07-30T13:42:00Z
735.8599853515625,736.489990234375,735.8200073242188,736.4500122070312,228324,2026-07-30T13:43:00Z
736.4600219726562,736.7899780273438,736.3400268554688,736.39501953125,235986,2026-07-30T13:44:00Z
736.3900146484375,736.9099731445312,736.3499755859375,736.8400268554688,332401,2026-07-30T13:45:00Z
736.85498046875,737.3800048828125,736.77001953125,737.280029296875,241003,2026-07-30T13:46:00Z
737.280029296875,737.3099975585938,736.8300170898438,737.1500244140625,286044,2026-07-30T13:47:00Z
737.1500244140625,737.3099975585938,736.9600219726562,737.1400146484375,224641,2026-07-30T13:48:00Z
737.1400146484375,737.4299926757812,737.0800170898438,737.4000244140625,210842,2026-07-30T13:49:00Z
737.3900146484375,738.3099975585938,737.0700073242188,738.1099853515625,320647,2026-07-30T13:50:00Z
738.1199951171875,738.3640747070312,737.8099975585938,737.8699951171875,240946,2026-07-30T13:51:00Z
737.864990234375,737.9099731445312,737.260009765625,737.5800170898438,233707,2026-07-30T13:52:00Z
737.5800170898438,738.1099853515625,737.510009765625,737.6400146484375,121360,2026-07-30T13:53:00Z
737.6300048828125,737.989990234375,737.5599975585938,737.8699951171875,130414,2026-07-30T13:54:00Z
737.864990234375,738.0700073242188,737.5900268554688,737.9299926757812,197958,2026-07-30T13:55:00Z
737.9299926757812,738.0499877929688,737.6400146484375,737.8599853515625,176616,2026-07-30T13:56:00Z
737.8599853515625,738.1300048828125,737.7000122070312,737.9600219726562,154684,2026-07-30T13:57:00Z
737.969970703125,738.0900268554688,737.719970703125,738.0800170898438,219421,2026-07-30T13:58:00Z
738.0800170898438,738.6599731445312,738.0399780273438,738.625,214687,2026-07-30T13:59:00Z
738.625,738.719970703125,738.280029296875,738.719970703125,404411,2026-07-30T14:00:00Z
738.7100219726562,738.89599609375,738.469970703125,738.7100219726562,328905,2026-07-30T14:01:00Z
738.7100219726562,738.989990234375,738.5,738.6900024414062,241976,2026-07-30T14:02:00Z
738.7100219726562,738.7100219726562,738.0800170898438,738.3900146484375,221258,2026-07-30T14:03:00Z
738.4000244140625,738.7999877929688,738.3400268554688,738.5800170898438,183291,2026-07-30T14:04:00Z
738.5800170898438,738.760009765625,738.280029296875,738.6099853515625,172438,2026-07-30T14:05:00Z
738.6199951171875,738.905029296875,738.3599853515625,738.6300048828125,106315,2026-07-30T14:06:00Z
738.6400146484375,738.72998046875,738.0599975585938,738.0900268554688,101451,2026-07-30T14:07:00Z
738.1099853515625,738.1300048828125,737.6500244140625,737.75,207706,2026-07-30T14:08:00Z
737.7550048828125,737.8300170898438,737.5499877929688,737.7672119140625,204308,2026-07-30T14:09:00Z
737.760009765625,737.9550170898438,737.489990234375,737.6500244140625,160709,2026-07-30T14:10:00Z
737.6400146484375,738.05908203125,737.4400024414062,738.0499877929688,182476,2026-07-30T14:11:00Z
738.0449829101562,738.155029296875,737.760009765625,737.9351196289062,103670,2026-07-30T14:12:00Z
737.9500122070312,737.9600219726562,737.5399780273438,737.6599731445312,104421,2026-07-30T14:13:00Z
737.6699829101562,738.030029296875,737.6500244140625,737.97998046875,118907,2026-07-30T14:14:00Z
737.97998046875,738.1300048828125,737.8099975585938,738.0800170898438,98704,2026-07-30T14:15:00Z
738.0900268554688,738.3800048828125,737.9500122070312,738.3300170898438,70756,2026-07-30T14:16:00Z
738.3099975585938,738.47998046875,737.9008178710938,737.9299926757812,109467,2026-07-30T14:17:00Z
737.9299926757812,737.9349975585938,737.3800048828125,737.77001953125,172347,2026-07-30T14:18:00Z
737.760009765625,737.9000244140625,737.5050048828125,737.7899780273438,87772,2026-07-30T14:19:00Z
737.7899780273438,737.9299926757812,737.6199951171875,737.864990234375,102436,2026-07-30T14:20:00Z
737.8699951171875,738.3599853515625,737.8502197265625,738.1500244140625,94819,2026-07-30T14:21:00Z
738.1649780273438,738.3800048828125,737.8720092773438,738.3099975585938,88389,2026-07-30T14:22:00Z
738.2899780273438,738.5700073242188,738.1699829101562,738.1699829101562,78834,2026-07-30T14:23:00Z
738.1699829101562,738.3350219726562,737.7550048828125,737.969970703125,125131,2026-07-30T14:24:00Z
737.969970703125,738.1599731445312,737.8499755859375,738.0999755859375,99950,2026-07-30T14:25:00Z
738.0999755859375,738.25,737.72998046875,738.1599731445312,72148,2026-07-30T14:26:00Z
738.1699829101562,738.75,738.0900268554688,738.7399291992188,118908,2026-07-30T14:27:00Z
738.72998046875,739.2999877929688,738.719970703125,739.010009765625,128793,2026-07-30T14:28:00Z
738.989990234375,739.0700073242188,738.5797729492188,738.5797729492188,263409,2026-07-30T14:29:00Z
738.6400146484375,738.7000122070312,738.1799926757812,738.6400146484375,343614,2026-07-30T14:30:00Z
738.6500244140625,738.8800048828125,738.4000244140625,738.7999877929688,113549,2026-07-30T14:31:00Z
738.8099975585938,738.8699951171875,738.5599975585938,738.75,82872,2026-07-30T14:32:00Z
738.72998046875,738.72998046875,738.3200073242188,738.510009765625,131290,2026-07-30T14:33:00Z
738.5,738.5700073242188,738.0549926757812,738.3599853515625,146414,2026-07-30T14:34:00Z
738.3209838867188,738.3499755859375,738.0371704101562,738.0999755859375,73612,2026-07-30T14:35:00Z
738.0800170898438,738.885009765625,738.0399780273438,738.7899780273438,120421,2026-07-30T14:36:00Z
738.780029296875,738.9398803710938,738.6099853515625,738.8200073242188,0,2026-07-30T14:37:00Z
738.8099975585938,738.8099975585938,738.4937744140625,738.5850219726562,75337,2026-07-30T14:38:00Z
738.5700073242188,738.760009765625,738.489990234375,738.6849975585938,78964,2026-07-30T14:39:00Z
738.6900024414062,738.969970703125,738.5499877929688,738.9199829101562,84589,2026-07-30T14:40:00Z
738.9500122070312,739.1099853515625,738.8201293945312,739.0150146484375,70508,2026-07-30T14:41:00Z
739.030029296875,739.1099853515625,738.510009765625,738.530029296875,72301,2026-07-30T14:42:00Z
738.5250244140625,738.5250244140625,738.0599975585938,738.0800170898438,113501,2026-07-30T14:43:00Z
738.0650024414062,738.0650024414062,737.6799926757812,737.8400268554688,113948,2026-07-30T14:44:00Z
737.8499145507812,738.0599975585938,737.5399780273438,738.0599975585938,101072,2026-07-30T14:45:00Z
738.0599975585938,738.1500244140625,737.5999755859375,737.7100219726562,87862,2026-07-30T14:46:00Z
737.7000122070312,737.8400268554688,737.3399047851562,737.3399047851562,137846,2026-07-30T14:47:00Z
737.3400268554688,737.3400268554688,736.8300170898438,737.1199951171875,146015,2026-07-30T14:48:00Z
737.114990234375,737.3900146484375,736.8499755859375,737.219970703125,119368,2026-07-30T14:49:00Z
737.219970703125,737.35498046875,736.97998046875,737.0399780273438,94285,2026-07-30T14:50:00Z
737.0499877929688,737.1900024414062,736.7000122070312,736.969970703125,598476,2026-07-30T14:51:00Z
736.9749755859375,737.0050048828125,736.6500854492188,736.6599731445312,93855,2026-07-30T14:52:00Z
736.6799926757812,736.6900024414062,736.3400268554688,736.4299926757812,135531,2026-07-30T14:53:00Z
736.4299926757812,736.4400024414062,736.0850219726562,736.2100219726562,255975,2026-07-30T14:54:00Z
736.2000122070312,736.22998046875,735.8499755859375,736.1574096679688,215647,2026-07-30T14:55:00Z
736.1500244140625,736.219970703125,735.6099243164062,735.7999877929688,312707,2026-07-30T14:56:00Z
735.8099975585938,736.0800170898438,735.6400146484375,736.0,117898,2026-07-30T14:57:00Z
736.0,736.2691040039062,735.8250122070312,736.2000122070312,141199,2026-07-30T14:58:00Z
736.2150268554688,736.5700073242188,736.1199951171875,736.22998046875,169219,2026-07-30T14:59:00Z
736.22998046875,736.280029296875,735.3099975585938,735.4749755859375,146917,2026-07-30T15:00:00Z
735.47998046875,735.7095947265625,735.3200073242188,735.4349975585938,113446,2026-07-30T15:01:00Z
735.4299926757812,735.9299926757812,735.260009765625,735.9299926757812,161491,2026-07-30T15:02:00Z
735.9299926757812,736.4000244140625,735.7949829101562,736.4000244140625,142502,2026-07-30T15:03:00Z
736.3699951171875,736.5900268554688,735.9500122070312,736.2650146484375,148264,2026-07-30T15:04:00Z
736.219970703125,736.4199829101562,736.0900268554688,736.1599731445312,144852,2026-07-30T15:05:00Z
736.1699829101562,736.22998046875,735.760009765625,735.8400268554688,119252,2026-07-30T15:06:00Z
735.8400268554688,735.969970703125,735.530029296875,735.5999755859375,82420,2026-07-30T15:07:00Z
735.5999755859375,735.9400024414062,735.3900146484375,735.9199829101562,231708,2026-07-30T15:08:00Z
735.9299926757812,736.8200073242188,735.8099975585938,736.75,124546,2026-07-30T15:09:00Z
736.7401123046875,736.77001953125,735.8499755859375,735.9199829101562,110284,2026-07-30T15:10:00Z
735.9299926757812,735.9500122070312,735.3499755859375,735.4500122070312,85299,2026-07-30T15:11:00Z
735.4401245117188,735.6099853515625,735.3165283203125,735.52001953125,95313,2026-07-30T15:12:00Z
735.52001953125,735.530029296875,734.9400024414062,735.0601196289062,251468,2026-07-30T15:13:00Z
735.0599975585938,735.2550048828125,734.8300170898438,734.8900146484375,91525,2026-07-30T15:14:00Z
734.8699951171875,735.3699951171875,734.5900268554688,735.3699951171875,161580,2026-07-30T15:15:00Z
735.419921875,735.72998046875,735.2999877929688,735.4000244140625,103445,2026-07-30T15:16:00Z
735.4299926757812,735.6500244140625,735.0,735.0900268554688,194596,2026-07-30T15:17:00Z
735.0800170898438,735.469970703125,735.0599975585938,735.3800048828125,75408,2026-07-30T15:18:00Z
735.3599853515625,735.5499877929688,735.2575073242188,735.469970703125,80623,2026-07-30T15:19:00Z
735.47998046875,735.52001953125,735.22998046875,735.4349975585938,59556,2026-07-30T15:20:00Z
735.4600219726562,736.1649780273438,735.4199829101562,735.9199829101562,90616,2026-07-30T15:21:00Z
735.9000244140625,736.0900268554688,735.6699829101562,735.9000244140625,81191,2026-07-30T15:22:00Z
735.8599853515625,735.9099731445312,735.2100219726562,735.6500244140625,85240,2026-07-30T15:23:00Z
735.6300048828125,735.6500244140625,735.27001953125,735.4299926757812,197500,2026-07-30T15:24:00Z
735.4249877929688,735.8200073242188,735.0700073242188,735.1799926757812,74919,2026-07-30T15:25:00Z
735.1500244140625,735.2999877929688,734.6300048828125,735.2949829101562,137446,2026-07-30T15:26:00Z
735.3200073242188,735.4099731445312,734.9849853515625,735.0599975585938,194229,2026-07-30T15:27:00Z
735.0900268554688,735.1400146484375,734.8300170898438,735.02001953125,79375,2026-07-30T15:28:00Z
735.0399780273438,735.2000122070312,734.72998046875,734.7999877929688,74287,2026-07-30T15:29:00Z
734.8400268554688,734.9749755859375,734.6799926757812,734.7999877929688,82322,2026-07-30T15:30:00Z
734.8200073242188,735.239990234375,734.760009765625,735.010009765625,101249,2026-07-30T15:31:00Z
734.989990234375,735.2899780273438,734.9600219726562,735.1400146484375,57439,2026-07-30T15:32:00Z
735.1400146484375,735.2999877929688,734.9299926757812,735.2899780273438,53365,2026-07-30T15:33:00Z
735.2899780273438,736.0800170898438,735.125,736.0800170898438,98045,2026-07-30T15:34:00Z
736.0900268554688,736.239990234375,735.8099975585938,735.8900146484375,77913,2026-07-30T15:35:00Z
735.8699951171875,736.4600219726562,735.8699951171875,736.4600219726562,70101,2026-07-30T15:36:00Z
736.4500122070312,736.4500122070312,735.5399780273438,735.5700073242188,97608,2026-07-30T15:37:00Z
735.5800170898438,735.77001953125,735.4500122070312,735.6500244140625,50175,2026-07-30T15:38:00Z
735.6699829101562,735.9299926757812,735.5800170898438,735.9299926757812,37297,2026-07-30T15:39:00Z
735.9199829101562,736.239990234375,735.780029296875,736.0958862304688,77067,2026-07-30T15:40:00Z
736.0695190429688,736.3400268554688,735.989990234375,736.22998046875,68241,2026-07-30T15:41:00Z
736.219970703125,736.4450073242188,736.0,736.4450073242188,91829,2026-07-30T15:42:00Z
736.4400024414062,736.72998046875,736.3300170898438,736.7100219726562,70718,2026-07-30T15:43:00Z
736.7100219726562,736.969970703125,736.6199951171875,736.6229858398438,91482,2026-07-30T15:44:00Z
736.6500244140625,736.9299926757812,736.6500244140625,736.8200073242188,48535,2026-07-30T15:45:00Z
736.8099975585938,737.1500244140625,736.77001953125,737.0700073242188,79716,2026-07-30T15:46:00Z
737.0599975585938,737.3200073242188,737.0599975585938,737.1400146484375,234050,2026-07-30T15:47:00Z
737.135009765625,737.20751953125,736.8699951171875,736.9301147460938,368270,2026-07-30T15:48:00Z
736.9299926757812,737.0999755859375,736.72998046875,737.0750122070312,85210,2026-07-30T15:49:00Z
737.0800170898438,737.219970703125,736.77001953125,736.8599853515625,72711,2026-07-30T15:50:00Z
736.8499755859375,737.0999755859375,736.5900268554688,737.0999755859375,74243,2026-07-30T15:51:00Z
737.0900268554688,737.0900268554688,736.3800048828125,736.630126953125,82824,2026-07-30T15:52:00Z
736.64990234375,737.1099853515625,736.6099853515625,737.0150146484375,228345,2026-07-30T15:53:00Z
737.0499877929688,737.25,736.875,737.22998046875,66537,2026-07-30T15:54:00Z
737.22998046875,737.5650024414062,737.22998046875,737.5001220703125,69695,2026-07-30T15:55:00Z
737.52001953125,737.6699829101562,737.4000244140625,737.4000244140625,201121,2026-07-30T15:56:00Z
737.4000244140625,737.5650024414062,737.2899780273438,737.5499877929688,102907,2026-07-30T15:57:00Z
737.5700073242188,737.5700073242188,737.25,737.3699951171875,44845,2026-07-30T15:58:00Z
737.3400268554688,737.3499755859375,737.0601196289062,737.1300048828125,172032,2026-07-30T15:59:00Z
737.1500244140625,737.1799926757812,736.8699951171875,737.0700073242188,77236,2026-07-30T16:00:00Z
737.0999755859375,737.489990234375,736.9650268554688,737.47998046875,335206,2026-07-30T16:01:00Z
737.5004272460938,737.75,737.3699951171875,737.75,196358,2026-07-30T16:02:00Z
737.77001953125,737.8599853515625,737.6799926757812,737.8035278320312,51526,2026-07-30T16:03:00Z
737.7899780273438,738.345703125,737.7650146484375,738.280029296875,108490,2026-07-30T16:04:00Z
738.27001953125,738.4299926757812,737.989990234375,738.0999755859375,100747,2026-07-30T16:05:00Z
738.1099853515625,738.27001953125,737.9849853515625,738.0,95823,2026-07-30T16:06:00Z
738.010009765625,738.14501953125,737.8800048828125,738.1199951171875,100740,2026-07-30T16:07:00Z
738.1199951171875,738.25,737.969970703125,738.2249755859375,41065,2026-07-30T16:08:00Z
738.2249755859375,738.25,738.0499877929688,738.1900024414062,46995,2026-07-30T16:09:00Z
738.1799926757812,738.4949951171875,738.1300048828125,738.3900146484375,178464,2026-07-30T16:10:00Z
738.4099731445312,738.6599731445312,738.2999877929688,738.6300048828125,70106,2026-07-30T16:11:00Z
738.6099853515625,738.7999877929688,738.52001953125,738.7999877929688,186158,2026-07-30T16:12:00Z
738.7999877929688,738.97998046875,738.7899780273438,738.9500732421875,267466,2026-07-30T16:13:00Z
738.969970703125,738.97998046875,738.719970703125,738.864990234375,43696,2026-07-30T16:14:00Z
738.8699951171875,738.969970703125,738.8200073242188,738.8400268554688,46884,2026-07-30T16:15:00Z
738.8599853515625,739.0700073242188,738.8499755859375,739.0599975585938,67074,2026-07-30T16:16:00Z
739.0700073242188,739.0800170898438,738.8400268554688,739.0800170898438,72391,2026-07-30T16:17:00Z
739.0700073242188,739.1300048828125,738.8200073242188,739.0900268554688,52112,2026-07-30T16:18:00Z
739.0900268554688,739.219970703125,738.8900146484375,738.9500122070312,46600,2026-07-30T16:19:00Z
738.9500122070312,739.1300048828125,738.8599853515625,739.0800170898438,76636,2026-07-30T16:20:00Z
739.0795288085938,739.1199951171875,738.9400024414062,739.1199951171875,42047,2026-07-30T16:21:00Z
739.1099853515625,739.1199951171875,738.8300170898438,738.8499755859375,37621,2026-07-30T16:22:00Z
738.8300170898438,738.8599853515625,738.5800170898438,738.7899780273438,93581,2026-07-30T16:23:00Z
738.780029296875,738.8599853515625,738.5900268554688,738.6649780273438,159877,2026-07-30T16:24:00Z
738.6500244140625,738.7000122070312,738.5402221679688,738.6699829101562,49182,2026-07-30T16:25:00Z
738.6400146484375,738.77001953125,738.5800170898438,738.719970703125,31170,2026-07-30T16:26:00Z
738.7100219726562,738.9500122070312,738.7000122070312,738.9500122070312,51803,2026-07-30T16:27:00Z
738.969970703125,738.969970703125,738.7100219726562,738.8099975585938,39656,2026-07-30T16:28:00Z
738.8099975585938,738.8800048828125,738.6699829101562,738.760009765625,37125,2026-07-30T16:29:00Z
738.77001953125,738.8900146484375,738.469970703125,738.489990234375,55039,2026-07-30T16:30:00Z
738.4949951171875,738.5900268554688,738.3599853515625,738.5349731445312,62130,2026-07-30T16:31:00Z
738.5800170898438,738.7000122070312,738.4000244140625,738.6801147460938,38641,2026-07-30T16:32:00Z
738.7000122070312,738.760009765625,738.5700073242188,738.719970703125,91066,2026-07-30T16:33:00Z
738.7449951171875,738.8250122070312,738.5900268554688,738.739990234375,61611,2026-07-30T16:34:00Z
738.7650146484375,739.0499877929688,738.7100219726562,738.8474731445312,82934,2026-07-30T16:35:00Z
738.8499755859375,738.969970703125,738.7412109375,738.8400268554688,42074,2026-07-30T16:36:00Z
738.8499755859375,738.8599853515625,738.5900268554688,738.6300048828125,55652,2026-07-30T16:37:00Z
738.6400146484375,738.6699829101562,738.4901123046875,738.5599975585938,29038,2026-07-30T16:38:00Z
738.5599975585938,738.6699829101562,738.4807739257812,738.510009765625,23198,2026-07-30T16:39:00Z
738.510009765625,738.5449829101562,738.0800170898438,738.0900268554688,67920,2026-07-30T16:40:00Z
738.0900268554688,738.2000122070312,737.8900146484375,738.0499877929688,61647,2026-07-30T16:41:00Z
738.0800170898438,738.1300048828125,737.7999877929688,737.905029296875,48936,2026-07-30T16:42:00Z
737.8699951171875,738.219970703125,737.7550048828125,738.010009765625,115981,2026-07-30T16:43:00Z
737.989990234375,738.0800170898438,737.8900146484375,738.030029296875,114966,2026-07-30T16:44:00Z
738.0399780273438,738.47998046875,738.0,738.4000244140625,87847,2026-07-30T16:45:00Z
738.4000244140625,738.75,738.4000244140625,738.56201171875,103614,2026-07-30T16:46:00Z
738.5700073242188,738.6400146484375,738.4299926757812,738.5,48190,2026-07-30T16:47:00Z
738.4849853515625,738.5700073242188,738.4400024414062,738.4600219726562,17828,2026-07-30T16:48:00Z
738.4299926757812,738.6199951171875,738.3900146484375,738.5599975585938,34472,2026-07-30T16:49:00Z
738.5900268554688,738.6699829101562,738.27001953125,738.3900146484375,41602,2026-07-30T16:50:00Z
738.39501953125,738.8499755859375,738.3900146484375,738.8375244140625,39511,2026-07-30T16:51:00Z
738.8400268554688,739.1699829101562,738.7899780273438,739.135009765625,71501,2026-07-30T16:52:00Z
739.1500244140625,739.1599731445312,738.8900146484375,739.0,68630,2026-07-30T16:53:00Z
738.97998046875,739.0800170898438,738.9400024414062,738.969970703125,33233,2026-07-30T16:54:00Z
738.969970703125,739.1199951171875,738.8599853515625,739.0800170898438,53108,2026-07-30T16:55:00Z
739.0700073242188,739.1699829101562,738.97998046875,739.0599975585938,26582,2026-07-30T16:56:00Z
739.0599975585938,739.0900268554688,738.8800048828125,738.8909912109375,28360,2026-07-30T16:57:00Z
738.8900146484375,739.010009765625,738.7800903320312,738.989990234375,49967,2026-07-30T16:58:00Z
739.02001953125,739.0399780273438,738.9299926757812,738.9849853515625,45480,2026-07-30T16:59:00Z
738.97998046875,739.8900146484375,738.9799194335938,739.77001953125,194212,2026-07-30T17:00:00Z
739.7775268554688,740.0499877929688,739.739990234375,740.02001953125,121503,2026-07-30T17:01:00Z
740.02001953125,740.0449829101562,739.72998046875,739.780029296875,99801,2026-07-30T17:02:00Z
739.7899780273438,739.9199829101562,739.72998046875,739.75,74461,2026-07-30T17:03:00Z
739.7899780273438,739.97998046875,739.77001953125,739.9500122070312,44208,2026-07-30T17:04:00Z
739.9600219726562,740.0,739.8499755859375,739.9099731445312,60197,2026-07-30T17:05:00Z
739.9099731445312,740.1300048828125,739.8599853515625,739.9149780273438,74649,2026-07-30T17:06:00Z
739.9400024414062,739.9500122070312,739.6799926757812,739.739990234375,101418,2026-07-30T17:07:00Z
739.739990234375,739.7999877929688,739.655029296875,739.75,59595,2026-07-30T17:08:00Z
739.72998046875,739.7999877929688,739.6195068359375,739.780029296875,31875,2026-07-30T17:09:00Z
739.7899780273438,739.989990234375,739.760009765625,739.844970703125,43336,2026-07-30T17:10:00Z
739.8400268554688,739.9099731445312,739.6699829101562,739.9000244140625,34817,2026-07-30T17:11:00Z
739.9099731445312,739.9299926757812,739.530029296875,739.7050170898438,65651,2026-07-30T17:12:00Z
739.7100219726562,739.780029296875,739.6599731445312,739.72998046875,155507,2026-07-30T17:13:00Z
739.739990234375,739.8099975585938,739.6900024414062,739.7000122070312,280644,2026-07-30T17:14:00Z
739.7000122070312,739.8099975585938,739.6400146484375,739.6400146484375,36635,2026-07-30T17:15:00Z
739.6500244140625,740.0399780273438,739.6500244140625,740.0,44788,2026-07-30T17:16:00Z
740.0,740.091796875,739.9650268554688,739.97998046875,39169,2026-07-30T17:17:00Z
739.9849853515625,740.030029296875,739.7999877929688,739.8400268554688,48528,2026-07-30T17:18:00Z
739.8400268554688,740.239990234375,739.8300170898438,740.1799926757812,70919,2026-07-30T17:19:00Z
740.1699829101562,740.1799926757812,739.9619750976562,740.1500244140625,54694,2026-07-30T17:20:00Z
740.14501953125,740.1699829101562,740.010009765625,740.1099853515625,34467,2026-07-30T17:21:00Z
740.0800170898438,740.0819702148438,739.76123046875,739.7999267578125,46081,2026-07-30T17:22:00Z
739.7999877929688,740.0,739.7899780273438,739.97998046875,51593,2026-07-30T17:23:00Z
739.969970703125,739.989990234375,739.8511962890625,739.97998046875,46072,2026-07-30T17:24:00Z
739.9600219726562,739.969970703125,739.780029296875,739.8599853515625,42123,2026-07-30T17:25:00Z
739.8499755859375,739.8699951171875,739.7100219726562,739.7999877929688,285793,2026-07-30T17:26:00Z
739.7899780273438,739.989990234375,739.7899780273438,739.8599853515625,43631,2026-07-30T17:27:00Z
739.8499755859375,739.9000244140625,739.6500244140625,739.760009765625,52697,2026-07-30T17:28:00Z
739.75,739.7999877929688,739.6599731445312,739.760009765625,39139,2026-07-30T17:29:00Z
739.7650146484375,740.010009765625,739.72998046875,739.844970703125,73280,2026-07-30T17:30:00Z
739.8599853515625,739.8599853515625,739.7025146484375,739.77001953125,52283,2026-07-30T17:31:00Z
739.780029296875,739.7899780273438,739.6199951171875,739.635009765625,55662,2026-07-30T17:32:00Z
739.635009765625,739.6900024414062,739.4550170898438,739.5349731445312,80067,2026-07-30T17:33:00Z
739.5349731445312,739.5800170898438,739.3800048828125,739.530029296875,59372,2026-07-30T17:34:00Z
739.5399780273438,739.75,739.510009765625,739.7399291992188,50189,2026-07-30T17:35:00Z
739.739990234375,739.8900146484375,739.6799926757812,739.8800048828125,93558,2026-07-30T17:36:00Z
739.8800048828125,739.9299926757812,739.47998046875,739.530029296875,64094,2026-07-30T17:37:00Z
739.5499877929688,739.5700073242188,739.1900024414062,739.5,221324,2026-07-30T17:38:00Z
739.52001953125,739.52001953125,739.280029296875,739.2999877929688,53608,2026-07-30T17:39:00Z
739.3499755859375,739.6400146484375,739.3499755859375,739.5750122070312,70069,2026-07-30T17:40:00Z
739.5800170898438,739.760009765625,739.5700073242188,739.7150268554688,98111,2026-07-30T17:41:00Z
739.7100219726562,739.97998046875,739.6900024414062,739.7401123046875,48511,2026-07-30T17:42:00Z
739.77001953125,740.1599731445312,739.77001953125,739.9600219726562,172617,2026-07-30T17:43:00Z
739.9349975585938,739.989990234375,739.8699951171875,739.9099731445312,49769,2026-07-30T17:44:00Z
739.9099731445312,740.02001953125,739.8800048828125,739.8900146484375,52079,2026-07-30T17:45:00Z
739.8900146484375,740.1599731445312,739.875,740.1099853515625,41159,2026-07-30T17:46:00Z
740.1300048828125,740.1599731445312,739.9500122070312,739.9600219726562,34906,2026-07-30T17:47:00Z
739.9500122070312,740.1099853515625,739.9299926757812,740.0999755859375,33567,2026-07-30T17:48:00Z
740.0999755859375,740.0999755859375,739.8599853515625,739.8703002929688,298937,2026-07-30T17:49:00Z
739.8699951171875,740.0999755859375,739.8200073242188,740.0999755859375,44542,2026-07-30T17:50:00Z
740.0900268554688,740.3800048828125,740.0700073242188,740.2949829101562,79479,2026-07-30T17:51:00Z
740.2999877929688,740.3400268554688,739.9849853515625,740.0999755859375,66109,2026-07-30T17:52:00Z
740.0999755859375,740.1099853515625,739.8800048828125,739.8800048828125,41753,2026-07-30T17:53:00Z
739.8499755859375,740.030029296875,739.8499755859375,739.8699951171875,32619,2026-07-30T17:54:00Z
739.8599853515625,739.9099731445312,739.6511840820312,739.9099731445312,43656,2026-07-30T17:55:00Z
739.9099731445312,739.969970703125,739.77001953125,739.89501953125,26190,2026-07-30T17:56:00Z
739.8800048828125,739.989990234375,739.843994140625,739.9400024414062,29058,2026-07-30T17:57:00Z
739.9400024414062,739.9600219726562,739.719970703125,739.8099975585938,41032,2026-07-30T17:58:00Z
739.8200073242188,739.9450073242188,739.72998046875,739.780029296875,34106,2026-07-30T17:59:00Z
739.7849731445312,740.0999755859375,739.7849731445312,740.0399780273438,67276,2026-07-30T18:00:00Z
740.0499877929688,740.25,740.0399780273438,740.2000122070312,102070,2026-07-30T18:01:00Z
740.1900024414062,740.2999877929688,740.0999755859375,740.2000122070312,179715,2026-07-30T18:02:00Z
740.2000122070312,740.25,739.9500122070312,740.010009765625,48962,2026-07-30T18:03:00Z
740.017822265625,740.030029296875,739.719970703125,739.760009765625,189468,2026-07-30T18:04:00Z
739.739990234375,739.989990234375,739.7050170898438,739.9299926757812,83296,2026-07-30T18:05:00Z
739.9500122070312,740.0599975585938,739.9099731445312,740.0599975585938,52984,2026-07-30T18:06:00Z
740.0900268554688,740.1400146484375,739.97998046875,740.02001953125,50930,2026-07-30T18:07:00Z
740.010009765625,740.1599731445312,739.9099731445312,740.155029296875,92888,2026-07-30T18:08:00Z
740.155029296875,740.219970703125,740.0800170898438,740.0850219726562,70085,2026-07-30T18:09:00Z
740.1199951171875,740.1900024414062,740.0,740.114990234375,47226,2026-07-30T18:10:00Z
740.1099853515625,740.1900024414062,740.02001953125,740.1849975585938,53094,2026-07-30T18:11:00Z
740.1849975585938,740.1849975585938,739.97998046875,740.1500244140625,49925,2026-07-30T18:12:00Z
740.1500244140625,740.1799926757812,740.030029296875,740.1400146484375,163522,2026-07-30T18:13:00Z
740.1400146484375,740.2999877929688,740.0900268554688,740.2000122070312,66009,2026-07-30T18:14:00Z
740.219970703125,740.3099975585938,740.1099853515625,740.1799926757812,42503,2026-07-30T18:15:00Z
740.1699829101562,740.2899780273438,740.1500244140625,740.1799926757812,57423,2026-07-30T18:16:00Z
740.1749877929688,740.2000122070312,740.0599975585938,740.1599731445312,42180,2026-07-30T18:17:00Z
740.1599731445312,740.3599853515625,740.1110229492188,740.2650146484375,56942,2026-07-30T18:18:00Z
740.25,740.260009765625,740.0800170898438,740.1699829101562,59756,2026-07-30T18:19:00Z
740.1500244140625,740.27001953125,740.0599975585938,740.1799926757812,69023,2026-07-30T18:20:00Z
740.1801147460938,740.3978881835938,740.1599731445312,740.3101196289062,52093,2026-07-30T18:21:00Z
740.3099975585938,740.4299926757812,740.219970703125,740.4199829101562,59132,2026-07-30T18:22:00Z
740.4000244140625,740.4400024414062,740.2750244140625,740.3298950195312,53830,2026-07-30T18:23:00Z
740.3300170898438,740.3900146484375,740.2999267578125,740.3099975585938,37421,2026-07-30T18:24:00Z
740.2999877929688,740.3900146484375,740.239990234375,740.239990234375,46134,2026-07-30T18:25:00Z
740.239990234375,740.280029296875,740.1199951171875,740.219970703125,40241,2026-07-30T18:26:00Z
740.239990234375,740.3599853515625,740.2308959960938,740.2999877929688,40570,2026-07-30T18:27:00Z
740.27001953125,740.4000244140625,740.219970703125,740.3499755859375,46923,2026-07-30T18:28:00Z
740.3599853515625,740.4099731445312,740.3099975585938,740.3800048828125,46718,2026-07-30T18:29:00Z
740.4000244140625,740.5900268554688,740.3400268554688,740.5700073242188,66578,2026-07-30T18:30:00Z
740.5599975585938,740.5700073242188,740.260009765625,740.3900146484375,99184,2026-07-30T18:31:00Z
740.3900146484375,740.4099731445312,740.2000122070312,740.280029296875,190747,2026-07-30T18:32:00Z
740.2999877929688,740.4290161132812,740.2899780273438,740.3099975585938,53763,2026-07-30T18:33:00Z
740.3099975585938,740.3499755859375,740.2000122070312,740.3200073242188,50735,2026-07-30T18:34:00Z
740.3099975585938,740.3400268554688,740.219970703125,740.3049926757812,46581,2026-07-30T18:35:00Z
740.2899780273438,740.3800048828125,740.22998046875,740.2849731445312,40562,2026-07-30T18:36:00Z
740.2899780273438,740.3099975585938,740.0599975585938,740.1599731445312,84737,2026-07-30T18:37:00Z
740.155029296875,740.3499755859375,740.1199951171875,740.1400146484375,84767,2026-07-30T18:38:00Z
740.1300048828125,740.1699829101562,740.030029296875,740.1199951171875,106273,2026-07-30T18:39:00Z
740.1099853515625,740.3699951171875,740.072509765625,740.3049926757812,179914,2026-07-30T18:40:00Z
740.2899780273438,740.3300170898438,740.1300048828125,740.1599731445312,75166,2026-07-30T18:41:00Z
740.1599731445312,740.2999877929688,740.0900268554688,740.1246948242188,77438,2026-07-30T18:42:00Z
740.1400146484375,740.260009765625,740.1400146484375,740.239990234375,50043,2026-07-30T18:43:00Z
740.239990234375,740.3900146484375,740.1699829101562,740.3300170898438,64541,2026-07-30T18:44:00Z
740.3400268554688,740.4400024414062,740.3099975585938,740.4299926757812,73565,2026-07-30T18:45:00Z
740.4400024414062,740.5349731445312,740.3599853515625,740.5,59706,2026-07-30T18:46:00Z
740.5050048828125,740.5700073242188,740.4400024414062,740.530029296875,45079,2026-07-30T18:47:00Z
740.5399780273438,740.5800170898438,740.4299926757812,740.4349975585938,55455,2026-07-30T18:48:00Z
740.4299926757812,740.52001953125,740.4000244140625,740.510009765625,52725,2026-07-30T18:49:00Z
740.5,740.6900024414062,740.489990234375,740.530029296875,121808,2026-07-30T18:50:00Z
740.5499877929688,740.5599975585938,740.3900146484375,740.489990234375,73604,2026-07-30T18:51:00Z
740.5,740.6199951171875,740.469970703125,740.5,59877,2026-07-30T18:52:00Z
740.510009765625,740.6500244140625,740.4600219726562,740.5900268554688,76307,2026-07-30T18:53:00Z
740.5900268554688,740.6400146484375,740.47998046875,740.5,65012,2026-07-30T18:54:00Z
740.489990234375,740.5999755859375,740.47998046875,740.5,65848,2026-07-30T18:55:00Z
740.4949951171875,740.6300048828125,740.3900146484375,740.60498046875,44306,2026-07-30T18:56:00Z
740.6099853515625,740.6400146484375,740.5050048828125,740.5700073242188,55984,2026-07-30T18:57:00Z
740.5549926757812,740.6099853515625,740.5,740.530029296875,58569,2026-07-30T18:58:00Z
740.5399780273438,740.8300170898438,740.530029296875,740.77001953125,75870,2026-07-30T18:59:00Z
740.75,741.0399780273438,740.739990234375,740.989990234375,126023,2026-07-30T19:00:00Z
741.0075073242188,741.1300048828125,740.969970703125,741.0999755859375,91803,2026-07-30T19:01:00Z
741.0999755859375,741.35498046875,741.0900268554688,741.1599731445312,98664,2026-07-30T19:02:00Z
741.1500244140625,741.2100219726562,741.0750122070312,741.0800170898438,87069,2026-07-30T19:03:00Z
741.0800170898438,741.25,741.0521850585938,741.2150268554688,82654,2026-07-30T19:04:00Z
741.22998046875,741.3200073242188,741.1400146484375,741.2899780273438,144176,2026-07-30T19:05:00Z
741.2849731445312,741.4299926757812,741.2000122070312,741.4199829101562,128013,2026-07-30T19:06:00Z
741.4199829101562,741.5900268554688,741.3900146484375,741.5499877929688,134707,2026-07-30T19:07:00Z
741.5399780273438,741.6849975585938,741.469970703125,741.6799926757812,84487,2026-07-30T19:08:00Z
741.6799926757812,741.8099975585938,741.6500244140625,741.7750244140625,96480,2026-07-30T19:09:00Z
741.780029296875,742.25,741.760009765625,742.1500244140625,132614,2026-07-30T19:10:00Z
742.1599731445312,742.2050170898438,742.0,742.0,95690,2026-07-30T19:11:00Z
742.010009765625,742.2999877929688,742.010009765625,742.25,148049,2026-07-30T19:12:00Z
742.239990234375,742.2999877929688,742.1099853515625,742.2100219726562,100843,2026-07-30T19:13:00Z
742.2000122070312,742.25,742.0700073242188,742.0700073242188,85632,2026-07-30T19:14:00Z
742.0599975585938,742.1099853515625,741.8099975585938,741.9400024414062,124541,2026-07-30T19:15:00Z
741.9199829101562,742.2000122070312,741.9099731445312,742.1699829101562,136643,2026-07-30T19:16:00Z
742.2000122070312,742.27001953125,742.1400146484375,742.239990234375,52422,2026-07-30T19:17:00Z
742.25,742.4500122070312,742.1799926757812,742.4199829101562,68578,2026-07-30T19:18:00Z
742.4199829101562,742.4199829101562,742.22998046875,742.2899780273438,77381,2026-07-30T19:19:00Z
742.3095703125,742.3099975585938,742.1500244140625,742.239990234375,201665,2026-07-30T19:20:00Z
742.2100219726562,742.2999877929688,742.0999755859375,742.0999755859375,196245,2026-07-30T19:21:00Z
742.1199951171875,742.1799926757812,741.9600219726562,742.010009765625,202917,2026-07-30T19:22:00Z
742.010009765625,742.1599731445312,741.9600219726562,742.1599731445312,73008,2026-07-30T19:23:00Z
742.1599731445312,742.25,742.030029296875,742.0399780273438,180129,2026-07-30T19:24:00Z
742.030029296875,742.1527709960938,741.989990234375,742.0599975585938,71148,2026-07-30T19:25:00Z
742.052490234375,742.2100219726562,742.0,742.1699829101562,88178,2026-07-30T19:26:00Z
742.1699829101562,742.1900024414062,741.989990234375,742.0650024414062,120853,2026-07-30T19:27:00Z
742.0700073242188,742.1400146484375,741.9299926757812,741.97998046875,102378,2026-07-30T19:28:00Z
741.989990234375,742.0,741.739990234375,741.780029296875,156892,2026-07-30T19:29:00Z
741.77001953125,741.989990234375,741.7100219726562,741.9500122070312,146342,2026-07-30T19:30:00Z
741.9450073242188,741.989990234375,741.7100219726562,741.8599853515625,131620,2026-07-30T19:31:00Z
741.8699951171875,741.9099731445312,741.6500244140625,741.7000122070312,98188,2026-07-30T19:32:00Z
741.6950073242188,741.8400268554688,741.6799926757812,741.8099975585938,88168,2026-07-30T19:33:00Z
741.8099975585938,741.8900146484375,741.6900024414062,741.7650146484375,109247,2026-07-30T19:34:00Z
741.77001953125,741.8499755859375,741.6400146484375,741.64501953125,293137,2026-07-30T19:35:00Z
741.6400146484375,741.6400146484375,741.4299926757812,741.469970703125,334861,2026-07-30T19:36:00Z
741.469970703125,741.739990234375,741.4500122070312,741.6599731445312,245914,2026-07-30T19:37:00Z
741.6599731445312,741.9000244140625,741.6199951171875,741.7000122070312,102533,2026-07-30T19:38:00Z
741.719970703125,741.8200073242188,741.6699829101562,741.72998046875,160616,2026-07-30T19:39:00Z
741.72998046875,741.7899780273438,741.5499877929688,741.7000122070312,152836,2026-07-30T19:40:00Z
741.6799926757812,741.8400268554688,741.6300048828125,741.780029296875,155422,2026-07-30T19:41:00Z
741.780029296875,741.7849731445312,741.52001953125,741.6799926757812,252222,2026-07-30T19:42:00Z
741.6799926757812,741.9099731445312,741.6199951171875,741.8499755859375,118004,2026-07-30T19:43:00Z
741.8499755859375,741.885009765625,741.780029296875,741.7899780273438,162493,2026-07-30T19:44:00Z
741.7999877929688,741.8800048828125,741.6900024414062,741.7899780273438,189859,2026-07-30T19:45:00Z
741.780029296875,741.8699951171875,741.5900268554688,741.60498046875,516074,2026-07-30T19:46:00Z
741.60498046875,741.6900024414062,741.5,741.6099853515625,398570,2026-07-30T19:47:00Z
741.5900268554688,741.6400146484375,741.416015625,741.416015625,508256,2026-07-30T19:48:00Z
741.4299926757812,741.6199951171875,741.3099975585938,741.6099853515625,811855,2026-07-30T19:49:00Z
741.5900268554688,741.6500244140625,741.2899780273438,741.4500122070312,435728,2026-07-30T19:50:00Z
741.4199829101562,741.489990234375,741.1599731445312,741.3599853515625,590274,2026-07-30T19:51:00Z
741.35498046875,741.5,741.280029296875,741.5,334394,2026-07-30T19:52:00Z
741.489990234375,741.5900268554688,741.1699829101562,741.1900024414062,519874,2026-07-30T19:53:00Z
741.1599731445312,741.5800170898438,741.1400146484375,741.3900146484375,343144,2026-07-30T19:54:00Z
741.4099731445312,741.4099731445312,741.0,741.1799926757812,833218,2026-07-30T19:55:00Z
741.1799926757812,741.5900268554688,741.155029296875,741.405029296875,402717,2026-07-30T19:56:00Z
741.3900146484375,741.6300048828125,741.3499755859375,741.6099853515625,662848,2026-07-30T19:57:00Z
741.5999755859375,741.6799926757812,741.4099731445312,741.530029296875,1038028,2026-07-30T19:58:00Z
741.52001953125,742.0999755859375,741.27001953125,741.72998046875,2447312,2026-07-30T19:59:00Z
744.6799926757812,745.2999877929688,744.5800170898438,744.969970703125,1517378,2026-07-31T13:30:00Z
744.97998046875,745.52001953125,744.7703857421875,745.4299926757812,163260,2026-07-31T13:31:00Z
745.4500122070312,745.8900146484375,745.4000244140625,745.8400268554688,216840,2026-07-31T13:32:00Z
745.8400268554688,746.1500244140625,745.7100219726562,745.8099975585938,267142,2026-07-31T13:33:00Z
745.7899780273438,746.301025390625,745.75,746.0,196707,2026-07-31T13:34:00Z
745.97998046875,746.260009765625,745.8499755859375,746.0499877929688,243907,2026-07-31T13:35:00Z
746.0399780273438,746.260009765625,745.72998046875,745.97998046875,279400,2026-07-31T13:36:00Z
745.97998046875,746.030029296875,745.385009765625,745.6300048828125,151775,2026-07-31T13:37:00Z
745.6400146484375,745.6699829101562,744.8920288085938,745.219970703125,191956,2026-07-31T13:38:00Z
745.1900024414062,745.219970703125,744.1099853515625,744.1220092773438,274915,2026-07-31T13:39:00Z
744.1300048828125,744.2100219726562,743.5,743.614990234375,269196,2026-07-31T13:40:00Z
743.6005859375,744.1699829101562,743.52001953125,743.7100219726562,233382,2026-07-31T13:41:00Z
743.7000122070312,743.780029296875,743.1099853515625,743.3400268554688,216627,2026-07-31T13:42:00Z
743.3499755859375,743.6199951171875,742.8400268554688,743.530029296875,342225,2026-07-31T13:43:00Z
743.5250244140625,743.780029296875,743.0499877929688,743.0999755859375,282002,2026-07-31T13:44:00Z
743.0999755859375,743.5999755859375,742.6300048828125,742.9299926757812,404392,2026-07-31T13:45:00Z
742.9500122070312,743.0062255859375,742.5900268554688,742.8499755859375,166996,2026-07-31T13:46:00Z
742.85498046875,743.0700073242188,742.52001953125,742.60498046875,185769,2026-07-31T13:47:00Z
742.6400146484375,742.739990234375,742.1500244140625,742.4400024414062,147473,2026-07-31T13:48:00Z
742.469970703125,742.5999755859375,741.989990234375,742.2750244140625,168096,2026-07-31T13:49:00Z
742.2849731445312,742.4400024414062,741.8699951171875,742.010009765625,215202,2026-07-31T13:50:00Z
742.030029296875,742.677490234375,741.9500122070312,742.625,166760,2026-07-31T13:51:00Z
742.6099853515625,742.6799926757812,741.8499755859375,742.010009765625,186838,2026-07-31T13:52:00Z
741.9949951171875,742.1599731445312,741.5499877929688,741.989990234375,182969,2026-07-31T13:53:00Z
741.97998046875,742.0599975585938,741.6699829101562,742.0,176280,2026-07-31T13:54:00Z
742.010009765625,742.3298950195312,741.6900024414062,742.239990234375,163477,2026-07-31T13:55:00Z
742.22998046875,742.8200073242188,742.030029296875,742.7949829101562,161737,2026-07-31T13:56:00Z
742.8099975585938,742.8300170898438,742.2899780273438,742.3200073242188,153710,2026-07-31T13:57:00Z
742.3200073242188,742.4500122070312,741.8900146484375,741.919921875,141382,2026-07-31T13:58:00Z
741.9000244140625,742.22998046875,741.8900146484375,741.9400024414062,99304,2026-07-31T13:59:00Z
741.9400024414062,742.364990234375,741.5020141601562,741.8400268554688,251988,2026-07-31T14:00:00Z
741.8300170898438,741.8900146484375,741.0,741.5499877929688,141470,2026-07-31T14:01:00Z
741.530029296875,741.5999755859375,740.780029296875,741.030029296875,179019,2026-07-31T14:02:00Z
741.0407104492188,741.1599731445312,740.6699829101562,740.9600219726562,142293,2026-07-31T14:03:00Z
740.9400024414062,740.97998046875,740.2899780273438,740.322509765625,131907,2026-07-31T14:04:00Z
740.2949829101562,740.5700073242188,740.1199951171875,740.5164794921875,192917,2026-07-31T14:05:00Z
740.5,740.75,739.8800048828125,739.8800048828125,217132,2026-07-31T14:06:00Z
739.8900146484375,739.9149780273438,739.010009765625,739.419921875,269301,2026-07-31T14:07:00Z
739.4099731445312,739.4400024414062,738.4299926757812,738.8599853515625,231604,2026-07-31T14:08:00Z
738.8800048828125,739.1699829101562,738.4500122070312,739.1400146484375,306998,2026-07-31T14:09:00Z
739.1500244140625,739.3900146484375,738.280029296875,738.4500122070312,241158,2026-07-31T14:10:00Z
738.4600219726562,738.9199829101562,738.4000244140625,738.9199829101562,287761,2026-07-31T14:11:00Z
738.9199829101562,739.1699829101562,738.3200073242188,738.3499755859375,278436,2026-07-31T14:12:00Z
738.3300170898438,738.530029296875,738.0399780273438,738.239990234375,301925,2026-07-31T14:13:00Z
738.2100219726562,738.6199951171875,737.969970703125,738.47802734375,171027,2026-07-31T14:14:00Z
738.469970703125,738.9000244140625,738.0700073242188,738.2999877929688,191226,2026-07-31T14:15:00Z
738.3300170898438,738.3350219726562,737.6799926757812,738.114990234375,239344,2026-07-31T14:16:00Z
738.1199951171875,738.9500122070312,738.1199951171875,738.5399780273438,267446,2026-07-31T14:17:00Z
738.5399780273438,739.4000244140625,738.530029296875,739.385009765625,226466,2026-07-31T14:18:00Z
739.3800048828125,739.5,738.5599975585938,738.6300048828125,311263,2026-07-31T14:19:00Z
738.6099853515625,739.469970703125,738.3800048828125,739.2849731445312,169458,2026-07-31T14:20:00Z
739.260009765625,739.4299926757812,738.8099975585938,739.3300170898438,275568,2026-07-31T14:21:00Z
739.3300170898438,740.0599975585938,739.280029296875,739.989990234375,197681,2026-07-31T14:22:00Z
739.9849853515625,740.1199951171875,739.6099853515625,739.9349975585938,157268,2026-07-31T14:23:00Z
739.9349975585938,739.9349975585938,738.969970703125,739.510009765625,145605,2026-07-31T14:24:00Z
739.510009765625,739.9099731445312,739.3900756835938,739.6500244140625,132101,2026-07-31T14:25:00Z
739.6400146484375,739.8800048828125,739.47998046875,739.72998046875,269559,2026-07-31T14:26:00Z
739.77001953125,740.1400146484375,739.280029296875,740.0999755859375,96037,2026-07-31T14:27:00Z
740.14501953125,740.530029296875,739.97998046875,740.4500122070312,139750,2026-07-31T14:28:00Z
740.4600219726562,740.5700073242188,740.0150146484375,740.489990234375,117789,2026-07-31T14:29:00Z
740.47998046875,740.6290283203125,740.1300048828125,740.3300170898438,108325,2026-07-31T14:30:00Z
740.3400268554688,740.9149169921875,740.3200073242188,740.7000122070312,130007,2026-07-31T14:31:00Z
740.7000122070312,740.8200073242188,740.3534545898438,740.8200073242188,107521,2026-07-31T14:32:00Z
740.8400268554688,741.0800170898438,740.5205078125,740.5900268554688,119797,2026-07-31T14:33:00Z
740.530029296875,741.1799926757812,740.3900146484375,740.489990234375,213630,2026-07-31T14:34:00Z
740.47998046875,741.1900024414062,740.4500122070312,741.1900024414062,93665,2026-07-31T14:35:00Z
741.1900024414062,741.239990234375,740.9199829101562,741.1599731445312,100027,2026-07-31T14:36:00Z
741.1699829101562,741.4099731445312,741.02001953125,741.2150268554688,92690,2026-07-31T14:37:00Z
741.2100219726562,741.3400268554688,741.0300903320312,741.0650024414062,66175,2026-07-31T14:38:00Z
741.0700073242188,741.3800048828125,741.0250244140625,741.2249755859375,186884,2026-07-31T14:39:00Z
741.2100219726562,741.6082153320312,741.2000122070312,741.510009765625,113651,2026-07-31T14:40:00Z
741.530029296875,741.594970703125,741.0599975585938,741.094970703125,78041,2026-07-31T14:41:00Z
741.0700073242188,741.0800170898438,740.5800170898438,740.969970703125,131670,2026-07-31T14:42:00Z
740.9600219726562,741.4000244140625,740.7899780273438,741.3699951171875,78515,2026-07-31T14:43:00Z
741.3800048828125,741.6599731445312,741.3800048828125,741.625,103163,2026-07-31T14:44:00Z
741.5999755859375,742.010009765625,741.4400024414062,741.5700073242188,127740,2026-07-31T14:45:00Z
741.5599975585938,742.2794799804688,741.47998046875,741.8499755859375,120026,2026-07-31T14:46:00Z
741.8499755859375,741.9500122070312,741.530029296875,741.8499755859375,71754,2026-07-31T14:47:00Z
741.8599243164062,742.219970703125,741.75,742.219970703125,71745,2026-07-31T14:48:00Z
742.2100219726562,742.4970092773438,742.0449829101562,742.4229125976562,171568,2026-07-31T14:49:00Z
742.4199829101562,742.59130859375,742.3200073242188,742.4199829101562,116441,2026-07-31T14:50:00Z
742.4400024414062,742.7301025390625,742.4310302734375,742.6900024414062,84486,2026-07-31T14:51:00Z
742.6749877929688,742.8363037109375,742.489990234375,742.760009765625,76898,2026-07-31T14:52:00Z
742.739990234375,742.9500122070312,742.6099853515625,742.8300170898438,102335,2026-07-31T14:53:00Z
742.8499755859375,742.8800048828125,742.0488891601562,742.1900024414062,148479,2026-07-31T14:54:00Z
742.1900024414062,742.25,741.7100219726562,741.8400268554688,93137,2026-07-31T14:55:00Z
741.8300170898438,742.531982421875,741.510009765625,742.4210205078125,91543,2026-07-31T14:56:00Z
742.4299926757812,742.6900024414062,742.3350219726562,742.4000244140625,68026,2026-07-31T14:57:00Z
742.4199829101562,742.6699829101562,742.030029296875,742.6500244140625,92995,2026-07-31T14:58:00Z
742.655029296875,742.6699829101562,742.2899780273438,742.5,64981,2026-07-31T14:59:00Z
742.530029296875,742.7050170898438,742.1599731445312,742.1699829101562,80624,2026-07-31T15:00:00Z
742.1699829101562,742.4199829101562,742.0800170898438,742.1500244140625,67601,2026-07-31T15:01:00Z
742.1400146484375,742.5050048828125,742.0399780273438,742.239990234375,57684,2026-07-31T15:02:00Z
742.219970703125,742.3900146484375,741.760009765625,741.9500122070312,69664,2026-07-31T15:03:00Z
741.9400024414062,742.5899047851562,741.8800048828125,742.5050048828125,49606,2026-07-31T15:04:00Z
742.5200805664062,742.8200073242188,742.3800048828125,742.4099731445312,104711,2026-07-31T15:05:00Z
742.4000244140625,742.6799926757812,742.22998046875,742.239990234375,47471,2026-07-31T15:06:00Z
742.219970703125,742.3400268554688,741.8900146484375,742.1900024414062,50615,2026-07-31T15:07:00Z
742.1749877929688,742.27001953125,741.75,741.885009765625,109042,2026-07-31T15:08:00Z
741.8699951171875,741.9600219726562,741.4600219726562,741.8300170898438,67907,2026-07-31T15:09:00Z
741.8400268554688,742.0399780273438,741.5599975585938,741.8499755859375,55064,2026-07-31T15:10:00Z
741.8499755859375,741.9099731445312,741.2100219726562,741.3474731445312,87285,2026-07-31T15:11:00Z
741.3499755859375,741.9149780273438,741.1237182617188,741.8699951171875,65860,2026-07-31T15:12:00Z
741.8699951171875,742.1900024414062,741.5999755859375,742.1799926757812,58688,2026-07-31T15:13:00Z
742.1900024414062,742.489990234375,742.0800170898438,742.1500244140625,48579,2026-07-31T15:14:00Z
742.1400146484375,743.0999755859375,742.1099853515625,742.47998046875,155272,2026-07-31T15:15:00Z
742.4600219726562,742.52001953125,741.75,741.969970703125,67691,2026-07-31T15:16:00Z
741.9500122070312,742.0,741.530029296875,741.7000122070312,50035,2026-07-31T15:17:00Z
741.7125244140625,741.909912109375,741.510009765625,741.8250122070312,75831,2026-07-31T15:18:00Z
741.8099975585938,742.0399780273438,741.739990234375,741.9500122070312,40052,2026-07-31T15:19:00Z
741.9199829101562,742.1699829101562,741.6300048828125,741.719970703125,39011,2026-07-31T15:20:00Z
741.7100219726562,742.0,741.4500122070312,741.52001953125,56869,2026-07-31T15:21:00Z
741.510009765625,741.7100219726562,741.2301025390625,741.3499755859375,178234,2026-07-31T15:22:00Z
741.3599853515625,741.52001953125,741.239990234375,741.3900146484375,61357,2026-07-31T15:23:00Z
741.3900146484375,741.4099731445312,741.0,741.0800170898438,52044,2026-07-31T15:24:00Z
741.02001953125,741.211181640625,740.77001953125,740.7999877929688,82505,2026-07-31T15:25:00Z
740.8200073242188,740.9299926757812,740.2000122070312,740.3499755859375,109645,2026-07-31T15:26:00Z
740.3400268554688,740.489990234375,740.1599731445312,740.2000122070312,222432,2026-07-31T15:27:00Z
740.2100219726562,740.5700073242188,740.0900268554688,740.489990234375,120323,2026-07-31T15:28:00Z
740.5,740.6199951171875,740.0999755859375,740.2999877929688,71851,2026-07-31T15:29:00Z
740.2899780273438,740.510009765625,740.0,740.2098999023438,102211,2026-07-31T15:30:00Z
740.1950073242188,741.0,740.0700073242188,740.3300170898438,123424,2026-07-31T15:31:00Z
740.3099975585938,740.4000244140625,740.1199951171875,740.375,39363,2026-07-31T15:32:00Z
740.3200073242188,740.489990234375,740.0700073242188,740.2949829101562,93189,2026-07-31T15:33:00Z
740.3099975585938,740.739990234375,739.8099975585938,740.739990234375,112921,2026-07-31T15:34:00Z
740.75,741.1799926757812,740.6799926757812,741.010009765625,237796,2026-07-31T15:35:00Z
741.0399780273438,741.47998046875,740.97998046875,741.280029296875,212047,2026-07-31T15:36:00Z
741.260009765625,741.7487182617188,741.260009765625,741.72998046875,68901,2026-07-31T15:37:00Z
741.72998046875,742.3350219726562,741.72998046875,742.1799926757812,90956,2026-07-31T15:38:00Z
742.1599731445312,742.330078125,742.010009765625,742.0650024414062,56035,2026-07-31T15:39:00Z
742.0599975585938,742.3400268554688,741.969970703125,742.0700073242188,73172,2026-07-31T15:40:00Z
742.094970703125,742.0999755859375,741.1699829101562,741.2208251953125,65999,2026-07-31T15:41:00Z
741.22998046875,741.3599853515625,741.0349731445312,741.1799926757812,43375,2026-07-31T15:42:00Z
741.1699829101562,741.530029296875,740.9700927734375,741.530029296875,36004,2026-07-31T15:43:00Z
741.510986328125,741.8300170898438,741.4500122070312,741.8200073242188,49667,2026-07-31T15:44:00Z
741.8300170898438,741.97998046875,741.4199829101562,741.719970703125,40389,2026-07-31T15:45:00Z
741.7000122070312,741.9299926757812,741.6099853515625,741.6400146484375,44736,2026-07-31T15:46:00Z
741.6400146484375,741.7899780273438,741.10498046875,741.3099975585938,64464,2026-07-31T15:47:00Z
741.3099975585938,741.5999755859375,741.1199951171875,741.594970703125,47562,2026-07-31T15:48:00Z
741.5650024414062,741.6995239257812,741.25,741.4299926757812,60791,2026-07-31T15:49:00Z
741.4199829101562,742.0399780273438,741.2899780273438,741.9500122070312,53067,2026-07-31T15:50:00Z
741.950927734375,742.5,741.9299926757812,742.4749755859375,76588,2026-07-31T15:51:00Z
742.5,742.8200073242188,742.1599731445312,742.739990234375,71076,2026-07-31T15:52:00Z
742.7330932617188,742.8099975585938,742.3400268554688,742.530029296875,65138,2026-07-31T15:53:00Z
742.52001953125,742.9400024414062,742.4450073242188,742.8049926757812,56641,2026-07-31T15:54:00Z
742.780029296875,742.8900146484375,742.5499877929688,742.6849975585938,73599,2026-07-31T15:55:00Z
742.7000122070312,742.8800048828125,742.6500244140625,742.7849731445312,55929,2026-07-31T15:56:00Z
742.7778930664062,743.1099853515625,742.7778930664062,743.030029296875,76031,2026-07-31T15:57:00Z
743.02001953125,743.3300170898438,743.0,743.02001953125,128815,2026-07-31T15:58:00Z
743.010009765625,743.1749877929688,742.75,743.0908203125,78202,2026-07-31T15:59:00Z
743.0900268554688,743.375,742.9199829101562,743.3599853515625,65936,2026-07-31T16:00:00Z
743.3800048828125,743.5599975585938,743.22998046875,743.239990234375,91576,2026-07-31T16:01:00Z
743.27001953125,743.4099731445312,742.97998046875,743.1400146484375,76238,2026-07-31T16:02:00Z
743.155517578125,743.239990234375,743.0650024414062,743.2100219726562,61427,2026-07-31T16:03:00Z
743.2050170898438,743.4400024414062,743.1649780273438,743.25,82881,2026-07-31T16:04:00Z
743.239990234375,743.3900146484375,742.9669189453125,742.9711303710938,68779,2026-07-31T16:05:00Z
742.989990234375,743.030029296875,742.6599731445312,742.844970703125,60119,2026-07-31T16:06:00Z
742.8400268554688,742.8800048828125,742.4600219726562,742.6500244140625,224954,2026-07-31T16:07:00Z
742.6699829101562,743.0750122070312,742.6500244140625,743.0499877929688,49001,2026-07-31T16:08:00Z
743.0700073242188,743.1500244140625,743.0,743.0399780273438,93092,2026-07-31T16:09:00Z
743.0449829101562,743.219970703125,743.0,743.1849975585938,62310,2026-07-31T16:10:00Z
743.1900024414062,743.510009765625,743.1199951171875,743.4849853515625,132125,2026-07-31T16:11:00Z
743.4802856445312,743.5700073242188,743.280029296875,743.3699951171875,66341,2026-07-31T16:12:00Z
743.3900146484375,743.6400146484375,743.2899780273438,743.6199951171875,57953,2026-07-31T16:13:00Z
743.6199951171875,743.6599731445312,743.3300170898438,743.5499877929688,75259,2026-07-31T16:14:00Z
743.52001953125,743.5999755859375,742.8800048828125,742.9299926757812,73633,2026-07-31T16:15:00Z
742.9099731445312,743.22998046875,742.780029296875,743.1849975585938,57994,2026-07-31T16:16:00Z
743.1599731445312,743.3900146484375,743.030029296875,743.3099975585938,50257,2026-07-31T16:17:00Z
743.3150024414062,743.3800048828125,743.0800170898438,743.3800048828125,51847,2026-07-31T16:18:00Z
743.3900146484375,743.4299926757812,743.1599731445312,743.3049926757812,43854,2026-07-31T16:19:00Z
743.2899780273438,743.6699829101562,743.25,743.6690063476562,51526,2026-07-31T16:20:00Z
743.6599731445312,743.780029296875,743.5700073242188,743.72998046875,75519,2026-07-31T16:21:00Z
743.7100219726562,743.9099731445312,743.6599731445312,743.8400268554688,74488,2026-07-31T16:22:00Z
743.8350219726562,744.0599975585938,743.8201293945312,744.0399780273438,106834,2026-07-31T16:23:00Z
744.0399780273438,744.4299926757812,744.0349731445312,744.285888671875,89081,2026-07-31T16:24:00Z
744.2899780273438,744.3099975585938,743.8599853515625,743.9600219726562,67827,2026-07-31T16:25:00Z
743.9600219726562,744.0800170898438,743.8099975585938,744.0335083007812,30918,2026-07-31T16:26:00Z
744.0499877929688,744.1799926757812,743.8800048828125,743.8900146484375,43988,2026-07-31T16:27:00Z
743.9000244140625,744.1900024414062,743.7999877929688,744.135009765625,36368,2026-07-31T16:28:00Z
744.1400146484375,744.4199829101562,744.1199951171875,744.4199829101562,65270,2026-07-31T16:29:00Z
744.4299926757812,744.719970703125,744.3599853515625,744.39501953125,125857,2026-07-31T16:30:00Z
744.375,744.77001953125,744.280029296875,744.77001953125,74991,2026-07-31T16:31:00Z
744.7650146484375,744.8099975585938,744.6099853515625,744.6300048828125,58092,2026-07-31T16:32:00Z
744.6199951171875,744.8298950195312,744.5399780273438,744.7999877929688,52513,2026-07-31T16:33:00Z
744.7999877929688,744.8099975585938,744.6400146484375,744.780029296875,61712,2026-07-31T16:34:00Z
744.780029296875,745.030029296875,744.719970703125,744.9000244140625,112282,2026-07-31T16:35:00Z
744.9000244140625,744.9199829101562,744.530029296875,744.5349731445312,50824,2026-07-31T16:36:00Z
744.5250244140625,744.6649780273438,744.489990234375,744.6300048828125,60405,2026-07-31T16:37:00Z
744.6099853515625,744.6300048828125,744.3499755859375,744.4400024414062,47558,2026-07-31T16:38:00Z
744.4199829101562,744.6199951171875,744.4000244140625,744.5499877929688,37438,2026-07-31T16:39:00Z
744.530029296875,744.77001953125,744.530029296875,744.6900024414062,50818,2026-07-31T16:40:00Z
744.7100219726562,744.7100219726562,744.22998046875,744.25,50782,2026-07-31T16:41:00Z
744.25,744.4500122070312,744.0900268554688,744.3704223632812,61532,2026-07-31T16:42:00Z
744.3800048828125,744.4299926757812,744.1900024414062,744.260009765625,46916,2026-07-31T16:43:00Z
744.27001953125,744.3300170898438,744.1199951171875,744.1699829101562,59147,2026-07-31T16:44:00Z
744.1599731445312,744.3599853515625,743.989990234375,744.219970703125,54108,2026-07-31T16:45:00Z
744.239990234375,744.5900268554688,744.0800170898438,744.5900268554688,61382,2026-07-31T16:46:00Z
744.5700073242188,744.5999755859375,744.4486083984375,744.489990234375,42233,2026-07-31T16:47:00Z
744.5,744.5499877929688,744.3800048828125,744.469970703125,34825,2026-07-31T16:48:00Z
744.4600219726562,744.5499877929688,744.2899780273438,744.530029296875,46043,2026-07-31T16:49:00Z
744.5700073242188,744.7899780273438,744.4299926757812,744.6849975585938,36030,2026-07-31T16:50:00Z
744.6699829101562,745.02001953125,744.6099853515625,744.8049926757812,73737,2026-07-31T16:51:00Z
744.780029296875,744.8300170898438,744.6900024414062,744.719970703125,37078,2026-07-31T16:52:00Z
744.7100219726562,744.8200073242188,744.6699829101562,744.8099975585938,34149,2026-07-31T16:53:00Z
744.8200073242188,744.9249877929688,744.5700073242188,744.592529296875,35364,2026-07-31T16:54:00Z
744.5800170898438,744.77001953125,744.5250244140625,744.6699829101562,34465,2026-07-31T16:55:00Z
744.6799926757812,744.7999877929688,744.6699829101562,744.6749877929688,27650,2026-07-31T16:56:00Z
744.6799926757812,744.8599853515625,744.6500244140625,744.8400268554688,39036,2026-07-31T16:57:00Z
744.8499755859375,744.8599853515625,744.75,744.7949829101562,46911,2026-07-31T16:58:00Z
744.780029296875,744.7999877929688,744.5999755859375,744.6199951171875,45818,2026-07-31T16:59:00Z
744.6199951171875,744.8499755859375,744.5,744.8350219726562,38207,2026-07-31T17:00:00Z
744.8400268554688,745.2100219726562,744.7899780273438,745.1599731445312,206516,2026-07-31T17:01:00Z
745.1799926757812,745.1900024414062,745.0999755859375,745.1300048828125,51112,2026-07-31T17:02:00Z
745.1400146484375,745.3060302734375,745.125,745.2449951171875,47752,2026-07-31T17:03:00Z
745.27001953125,745.27001953125,745.0499877929688,745.0599975585938,43583,2026-07-31T17:04:00Z
745.030029296875,745.260009765625,745.0,745.14501953125,41629,2026-07-31T17:05:00Z
745.1400146484375,745.1799926757812,744.8800048828125,744.9000244140625,63243,2026-07-31T17:06:00Z
744.8800048828125,744.9000244140625,744.5800170898438,744.5800170898438,45739,2026-07-31T17:07:00Z
744.5599975585938,744.7725219726562,744.5499877929688,744.739990234375,66925,2026-07-31T17:08:00Z
744.72998046875,744.8599853515625,744.7000122070312,744.8099975585938,51141,2026-07-31T17:09:00Z
744.7899780273438,745.030029296875,744.6300048828125,744.9099731445312,330422,2026-07-31T17:10:00Z
744.9000244140625,745.2100219726562,744.9000244140625,745.1799926757812,40598,2026-07-31T17:11:00Z
745.1900024414062,745.280029296875,745.1600952148438,745.2000122070312,38753,2026-07-31T17:12:00Z
745.2000122070312,745.2598876953125,745.1599731445312,745.1749877929688,28841,2026-07-31T17:13:00Z
745.1624755859375,745.2899780273438,745.0700073242188,745.2249755859375,40346,2026-07-31T17:14:00Z
745.219970703125,745.47998046875,745.1500244140625,745.3699951171875,60175,2026-07-31T17:15:00Z
745.3704223632812,745.510009765625,745.25,745.3099975585938,69962,2026-07-31T17:16:00Z
745.3049926757812,745.3099975585938,745.0999755859375,745.1699829101562,39380,2026-07-31T17:17:00Z
745.1500244140625,745.3499755859375,745.0999755859375,745.260009765625,45437,2026-07-31T17:18:00Z
745.260009765625,745.4849853515625,745.260009765625,745.4500122070312,44405,2026-07-31T17:19:00Z
745.4400024414062,745.5999755859375,745.4099731445312,745.5499877929688,91103,2026-07-31T17:20:00Z
745.5700073242188,745.5800170898438,745.3499755859375,745.364990234375,60933,2026-07-31T17:21:00Z
745.3800048828125,745.4099731445312,745.2000122070312,745.405029296875,52164,2026-07-31T17:22:00Z
745.4149780273438,745.6599731445312,745.4000244140625,745.6500244140625,46602,2026-07-31T17:23:00Z
745.6599731445312,746.0999755859375,745.6500244140625,746.0399780273438,103832,2026-07-31T17:24:00Z
746.0399780273438,746.1099853515625,745.9500122070312,746.0599975585938,31754,2026-07-31T17:25:00Z
746.0671997070312,746.1599731445312,745.9099731445312,746.1599731445312,293566,2026-07-31T17:26:00Z
746.1699829101562,746.4000244140625,746.0599975585938,746.0599975585938,78980,2026-07-31T17:27:00Z
746.0701293945312,746.3200073242188,746.0599975585938,746.155029296875,49624,2026-07-31T17:28:00Z
746.155029296875,746.3699951171875,746.1300048828125,746.2899780273438,270285,2026-07-31T17:29:00Z
746.2999877929688,746.3200073242188,746.1199951171875,746.1900024414062,84971,2026-07-31T17:30:00Z
746.1799926757812,746.3200073242188,746.1599731445312,746.239990234375,43890,2026-07-31T17:31:00Z
746.22998046875,746.2899780273438,746.0599975585938,746.1500244140625,86734,2026-07-31T17:32:00Z
746.155029296875,746.4199829101562,746.14501953125,746.4000244140625,60015,2026-07-31T17:33:00Z
746.4000244140625,746.4400024414062,746.3200073242188,746.364990234375,73701,2026-07-31T17:34:00Z
746.3499755859375,746.4500122070312,746.239990234375,746.3800048828125,73737,2026-07-31T17:35:00Z
746.3828735351562,746.5,746.2999877929688,746.3499755859375,49304,2026-07-31T17:36:00Z
746.3400268554688,746.47998046875,746.3200073242188,746.4099731445312,174358,2026-07-31T17:37:00Z
746.4099731445312,746.4500122070312,746.0349731445312,746.0399780273438,156901,2026-07-31T17:38:00Z
746.030029296875,746.030029296875,745.75,745.7899169921875,87013,2026-07-31T17:39:00Z
745.77001953125,746.030029296875,745.7319946289062,745.9099731445312,91673,2026-07-31T17:40:00Z
745.9199829101562,745.9299926757812,745.7449951171875,745.8200073242188,79406,2026-07-31T17:41:00Z
745.8099975585938,745.8099975585938,745.6099853515625,745.6799926757812,62455,2026-07-31T17:42:00Z
745.6849975585938,745.8400268554688,745.6849975585938,745.8300170898438,56673,2026-07-31T17:43:00Z
745.8099975585938,745.9500122070312,745.75,745.842529296875,49944,2026-07-31T17:44:00Z
745.8599853515625,745.969970703125,745.7750244140625,745.7999877929688,44931,2026-07-31T17:45:00Z
745.7899780273438,746.1099853515625,745.7899780273438,745.97998046875,169616,2026-07-31T17:46:00Z
745.989990234375,746.030029296875,745.47998046875,745.489990234375,180059,2026-07-31T17:47:00Z
745.489990234375,745.530029296875,745.2899780273438,745.4199829101562,201781,2026-07-31T17:48:00Z
745.4299926757812,745.4749755859375,745.22998046875,745.2899780273438,176021,2026-07-31T17:49:00Z
745.27001953125,745.4099731445312,745.1900024414062,745.3900146484375,170841,2026-07-31T17:50:00Z
745.4000244140625,745.5800170898438,745.27001953125,745.5750122070312,45374,2026-07-31T17:51:00Z
745.5800170898438,745.8599853515625,745.5700073242188,745.5800170898438,66728,2026-07-31T17:52:00Z
745.5999755859375,745.72998046875,745.530029296875,745.530029296875,34364,2026-07-31T17:53:00Z
745.5308837890625,745.6699829101562,745.52001953125,745.5900268554688,32959,2026-07-31T17:54:00Z
745.5850219726562,745.719970703125,745.5599975585938,745.5999755859375,30847,2026-07-31T17:55:00Z
745.5999755859375,745.77001953125,745.5999755859375,745.6799926757812,156443,2026-07-31T17:56:00Z
745.6649780273438,745.72998046875,745.530029296875,745.7100219726562,26738,2026-07-31T17:57:00Z
745.7000122070312,745.760009765625,745.5999755859375,745.64990234375,37392,2026-07-31T17:58:00Z
745.6356201171875,745.6400146484375,745.4099731445312,745.4400024414062,27162,2026-07-31T17:59:00Z
745.4400024414062,745.760009765625,745.2949829101562,745.7550048828125,47537,2026-07-31T18:00:00Z
745.77001953125,746.0198974609375,745.739990234375,745.8900146484375,62939,2026-07-31T18:01:00Z
745.8900146484375,745.9299926757812,745.75,745.8300170898438,193768,2026-07-31T18:02:00Z
745.7999877929688,745.8800048828125,745.6699829101562,745.7100219726562,59963,2026-07-31T18:03:00Z
745.7100219726562,745.8300170898438,745.6400146484375,745.6400146484375,57447,2026-07-31T18:04:00Z
745.6400146484375,745.6799926757812,745.469970703125,745.6199951171875,39840,2026-07-31T18:05:00Z
745.6599731445312,746.0399780273438,745.6209716796875,745.9600219726562,69060,2026-07-31T18:06:00Z
745.9500122070312,745.969970703125,745.780029296875,745.8699951171875,43687,2026-07-31T18:07:00Z
745.8400268554688,745.9600219726562,745.7603149414062,745.8900146484375,61276,2026-07-31T18:08:00Z
745.8900146484375,745.9600219726562,745.8599853515625,745.8900146484375,61309,2026-07-31T18:09:00Z
745.8900146484375,746.030029296875,745.8099975585938,745.8400268554688,85198,2026-07-31T18:10:00Z
745.8400268554688,745.8400268554688,745.530029296875,745.625,38655,2026-07-31T18:11:00Z
745.6400146484375,745.75,745.5289916992188,745.5399780273438,37477,2026-07-31T18:12:00Z
745.5700073242188,745.719970703125,745.52001953125,745.7100219726562,34711,2026-07-31T18:13:00Z
745.719970703125,745.8599853515625,745.6199951171875,745.719970703125,45313,2026-07-31T18:14:00Z
745.6900024414062,745.885009765625,745.6300048828125,745.822509765625,52986,2026-07-31T18:15:00Z
745.8300170898438,745.9749755859375,745.7899780273438,745.9000244140625,63602,2026-07-31T18:16:00Z
745.9099731445312,746.0700073242188,745.8300170898438,745.9500122070312,57690,2026-07-31T18:17:00Z
745.969970703125,746.260009765625,745.9600219726562,746.1799926757812,83733,2026-07-31T18:18:00Z
746.1699829101562,746.260009765625,746.0700073242188,746.0850219726562,64007,2026-07-31T18:19:00Z
746.0800170898438,746.2999877929688,746.010009765625,746.1500244140625,60891,2026-07-31T18:20:00Z
746.1599731445312,746.3400268554688,746.094970703125,746.219970703125,69740,2026-07-31T18:21:00Z
746.219970703125,746.3499755859375,746.1699829101562,746.27001953125,68598,2026-07-31T18:22:00Z
746.27001953125,746.3699951171875,746.219970703125,746.2750244140625,60254,2026-07-31T18:23:00Z
746.2750244140625,746.4299926757812,746.2550048828125,746.3300170898438,131547,2026-07-31T18:24:00Z
746.3400268554688,746.3599853515625,746.0399780273438,746.0800170898438,122303,2026-07-31T18:25:00Z
746.0800170898438,746.1300048828125,746.0,746.0,64769,2026-07-31T18:26:00Z
746.02001953125,746.0599975585938,745.9099731445312,746.02001953125,58447,2026-07-31T18:27:00Z
746.0,746.1079711914062,745.9500122070312,746.0,735860,2026-07-31T18:28:00Z
746.0,746.1599731445312,745.9600219726562,746.010009765625,51551,2026-07-31T18:29:00Z
746.0399780273438,746.2550048828125,746.0399780273438,746.219970703125,59978,2026-07-31T18:30:00Z
746.22998046875,746.22998046875,746.0800170898438,746.2100219726562,64784,2026-07-31T18:31:00Z
746.2249755859375,746.2750244140625,746.1699829101562,746.219970703125,72351,2026-07-31T18:32:00Z
746.22998046875,746.22998046875,746.030029296875,746.0900268554688,52262,2026-07-31T18:33:00Z
746.0999755859375,746.25,746.0700073242188,746.0900268554688,45828,2026-07-31T18:34:00Z
746.0700073242188,746.0800170898438,745.75,745.9598999023438,216460,2026-07-31T18:35:00Z
745.9600219726562,746.0999755859375,745.9099731445312,745.97998046875,48105,2026-07-31T18:36:00Z
745.969970703125,745.969970703125,745.7999877929688,745.8800048828125,135968,2026-07-31T18:37:00Z
745.8800048828125,745.989990234375,745.8499755859375,745.8900146484375,71725,2026-07-31T18:38:00Z
745.9000244140625,745.9299926757812,745.7899780273438,745.8200073242188,116086,2026-07-31T18:39:00Z
745.8099975585938,745.9199829101562,745.6699829101562,745.8400268554688,143904,2026-07-31T18:40:00Z
745.8499755859375,746.0800170898438,745.8300170898438,745.9349975585938,88784,2026-07-31T18:41:00Z
745.9400024414062,746.17431640625,745.9000244140625,746.1599731445312,50628,2026-07-31T18:42:00Z
746.155029296875,746.1799926757812,746.0900268554688,746.0999755859375,45456,2026-07-31T18:43:00Z
746.0900268554688,746.1400146484375,746.010009765625,746.0650024414062,68825,2026-07-31T18:44:00Z
746.0800170898438,746.260009765625,746.0499877929688,746.1950073242188,58944,2026-07-31T18:45:00Z
746.2000122070312,746.219970703125,745.9600219726562,745.9600219726562,179688,2026-07-31T18:46:00Z
745.9600219726562,746.0900268554688,745.9199829101562,746.0900268554688,67549,2026-07-31T18:47:00Z
746.0900268554688,746.2000122070312,746.02001953125,746.1950073242188,47423,2026-07-31T18:48:00Z
746.1900024414062,746.3699951171875,746.1699829101562,746.3400268554688,89135,2026-07-31T18:49:00Z
746.3300170898438,746.5399780273438,746.2999877929688,746.469970703125,133932,2026-07-31T18:50:00Z
746.47998046875,746.5,746.3499755859375,746.4099731445312,180140,2026-07-31T18:51:00Z
746.4199829101562,746.4500122070312,746.2999877929688,746.3200073242188,63680,2026-07-31T18:52:00Z
746.3200073242188,746.3900146484375,746.27001953125,746.322509765625,73527,2026-07-31T18:53:00Z
746.3250122070312,746.3477783203125,746.1900024414062,746.239990234375,47320,2026-07-31T18:54:00Z
746.239990234375,746.3699951171875,746.0599975585938,746.0599975585938,64156,2026-07-31T18:55:00Z
746.0700073242188,746.1699829101562,746.0,746.1599731445312,124942,2026-07-31T18:56:00Z
746.1699829101562,746.1699829101562,745.9000244140625,746.0599975585938,102363,2026-07-31T18:57:00Z
746.0499877929688,746.1199951171875,746.0150146484375,746.1099853515625,64076,2026-07-31T18:58:00Z
746.0999755859375,746.1900024414062,746.02001953125,746.155029296875,80261,2026-07-31T18:59:00Z
746.1400146484375,746.5700073242188,746.1300048828125,746.4014282226562,134156,2026-07-31T19:00:00Z
746.4149780273438,746.4550170898438,746.1900024414062,746.25,81740,2026-07-31T19:01:00Z
746.260009765625,746.3499755859375,746.1599731445312,746.1799926757812,60498,2026-07-31T19:02:00Z
746.1749877929688,746.239990234375,746.030029296875,746.030029296875,56880,2026-07-31T19:03:00Z
746.02001953125,746.030029296875,745.8800048828125,745.8800048828125,50807,2026-07-31T19:04:00Z
745.9199829101562,746.094970703125,745.7899780273438,746.0374755859375,74967,2026-07-31T19:05:00Z
746.030029296875,746.0599975585938,745.8300170898438,745.9299926757812,35926,2026-07-31T19:06:00Z
745.9299926757812,746.0399169921875,745.8200073242188,746.0250244140625,44849,2026-07-31T19:07:00Z
746.030029296875,746.1699829101562,745.97998046875,746.1500244140625,178855,2026-07-31T19:08:00Z
746.1599731445312,746.239990234375,746.1099853515625,746.1599731445312,205616,2026-07-31T19:09:00Z
746.1599731445312,746.405029296875,746.1400146484375,746.3400268554688,208912,2026-07-31T19:10:00Z
746.3200073242188,746.3699951171875,746.1799926757812,746.219970703125,63056,2026-07-31T19:11:00Z
746.2100219726562,746.530029296875,746.1199951171875,746.489990234375,227662,2026-07-31T19:12:00Z
746.47998046875,746.489990234375,746.3800048828125,746.4099731445312,70524,2026-07-31T19:13:00Z
746.4349975585938,746.47998046875,746.2999877929688,746.3300170898438,58112,2026-07-31T19:14:00Z
746.3250122070312,746.5499877929688,746.260009765625,746.5250244140625,220731,2026-07-31T19:15:00Z
746.52001953125,746.6199951171875,746.4400024414062,746.6199951171875,210862,2026-07-31T19:16:00Z
746.5900268554688,747.030029296875,746.5800170898438,747.030029296875,321336,2026-07-31T19:17:00Z
747.02001953125,747.2999877929688,747.02001953125,747.2750244140625,316486,2026-07-31T19:18:00Z
747.2750244140625,747.5549926757812,747.260009765625,747.52001953125,224713,2026-07-31T19:19:00Z
747.52001953125,747.5999755859375,747.4099731445312,747.5800170898438,157299,2026-07-31T19:20:00Z
747.5700073242188,747.72998046875,747.5399780273438,747.6912231445312,310552,2026-07-31T19:21:00Z
747.7100219726562,747.9199829101562,747.6950073242188,747.739990234375,133716,2026-07-31T19:22:00Z
747.7349853515625,747.8099975585938,747.5800170898438,747.6300048828125,123032,2026-07-31T19:23:00Z
747.625,747.6400146484375,747.4400024414062,747.4949951171875,276779,2026-07-31T19:24:00Z
747.489990234375,747.5750122070312,747.3300170898438,747.5,366712,2026-07-31T19:25:00Z
747.510009765625,747.6500244140625,747.469970703125,747.52001953125,117066,2026-07-31T19:26:00Z
747.510009765625,747.5999755859375,747.469970703125,747.5800170898438,579757,2026-07-31T19:27:00Z
747.5700073242188,747.6699829101562,747.5,747.5150146484375,138343,2026-07-31T19:28:00Z
747.5150146484375,747.5900268554688,747.4000244140625,747.489990234375,134520,2026-07-31T19:29:00Z
747.489990234375,747.510009765625,746.9299926757812,747.0999755859375,226260,2026-07-31T19:30:00Z
747.094970703125,747.1199951171875,746.8699951171875,747.0449829101562,106135,2026-07-31T19:31:00Z
747.0449829101562,747.1199951171875,746.9299926757812,747.114990234375,365144,2026-07-31T19:32:00Z
747.0999755859375,747.239990234375,747.0050048828125,747.0150146484375,97421,2026-07-31T19:33:00Z
747.010009765625,747.1900024414062,746.9400024414062,747.1699829101562,157737,2026-07-31T19:34:00Z
747.1799926757812,747.3997192382812,747.1500244140625,747.3997192382812,148584,2026-07-31T19:35:00Z
747.3900146484375,747.5700073242188,747.2999877929688,747.530029296875,306008,2026-07-31T19:36:00Z
747.52001953125,747.530029296875,747.3900146484375,747.510009765625,221274,2026-07-31T19:37:00Z
747.510009765625,747.635009765625,747.4000244140625,747.5,120321,2026-07-31T19:38:00Z
747.5,747.64501953125,747.4400024414062,747.5599975585938,178552,2026-07-31T19:39:00Z
747.5399780273438,747.6699829101562,747.3699951171875,747.4500122070312,140132,2026-07-31T19:40:00Z
747.4600219726562,747.530029296875,747.2999877929688,747.3499755859375,265908,2026-07-31T19:41:00Z
747.3400268554688,747.5599975585938,747.3200073242188,747.530029296875,135112,2026-07-31T19:42:00Z
747.5499877929688,747.9400024414062,747.5399780273438,747.9400024414062,164244,2026-07-31T19:43:00Z
747.9500122070312,748.1099853515625,747.844970703125,748.094970703125,308979,2026-07-31T19:44:00Z
748.0999755859375,748.4199829101562,748.0850219726562,748.1699829101562,510839,2026-07-31T19:45:00Z
748.1699829101562,748.4896850585938,748.1599731445312,748.4000244140625,271116,2026-07-31T19:46:00Z
748.4099731445312,748.489990234375,748.0750122070312,748.1099853515625,260636,2026-07-31T19:47:00Z
748.1099853515625,748.25,748.0700073242188,748.1900024414062,323629,2026-07-31T19:48:00Z
748.1900024414062,748.510009765625,748.1599731445312,748.5,199960,2026-07-31T19:49:00Z
748.489990234375,748.8099975585938,748.2899780273438,748.364990234375,340527,2026-07-31T19:50:00Z
748.364990234375,748.3699951171875,747.8400268554688,748.094970703125,245646,2026-07-31T19:51:00Z
748.0900268554688,748.5150146484375,748.0750122070312,748.375,180070,2026-07-31T19:52:00Z
748.3699951171875,748.7349853515625,748.2999877929688,748.6799926757812,471974,2026-07-31T19:53:00Z
748.6699829101562,748.89501953125,748.510009765625,748.594970703125,301689,2026-07-31T19:54:00Z
748.5800170898438,748.6900024414062,747.9600219726562,748.1900024414062,620453,2026-07-31T19:55:00Z
748.1699829101562,748.3300170898438,748.0999755859375,748.1900024414062,544597,2026-07-31T19:56:00Z
748.1849975585938,748.3350219726562,747.9600219726562,747.9949951171875,609094,2026-07-31T19:57:00Z
747.989990234375,748.280029296875,747.8200073242188,748.1500244140625,1158487,2026-07-31T19:58:00Z
748.1500244140625,748.2000122070312,746.3400268554688,746.8099975585938,1335055,2026-07-31T19:59:00Z
749.4400024414062,750.2899780273438,749.0999755859375,749.75,1958717,2026-08-03T13:30:00Z
749.75,749.989990234375,749.5900268554688,749.9500122070312,213136,2026-08-03T13:31:00Z
749.9500122070312,750.4099731445312,749.6900024414062,750.22998046875,149387,2026-08-03T13:32:00Z
750.22998046875,750.77001953125,750.0599975585938,750.719970703125,206487,2026-08-03T13:33:00Z
750.7000122070312,751.3200073242188,750.6099853515625,750.780029296875,286363,2026-08-03T13:34:00Z
750.760009765625,751.469970703125,750.739990234375,751.25,311017,2026-08-03T13:35:00Z
751.2449951171875,751.75,751.2449951171875,751.7100219726562,229856,2026-08-03T13:36:00Z
751.7000122070312,751.9400024414062,751.469970703125,751.5599975585938,306295,2026-08-03T13:37:00Z
751.5700073242188,751.6300048828125,751.2899780273438,751.5750122070312,160920,2026-08-03T13:38:00Z
751.5750122070312,751.8599853515625,751.4849853515625,751.719970703125,174295,2026-08-03T13:39:00Z
751.7000122070312,751.8300170898438,751.0900268554688,751.5800170898438,248917,2026-08-03T13:40:00Z
751.5700073242188,751.72998046875,751.1950073242188,751.5399780273438,122188,2026-08-03T13:41:00Z
751.530029296875,751.6400146484375,751.0599975585938,751.10498046875,119822,2026-08-03T13:42:00Z
751.0800170898438,751.3099975585938,750.969970703125,751.1099853515625,123881,2026-08-03T13:43:00Z
751.125,751.5999755859375,751.1199951171875,751.5800170898438,165122,2026-08-03T13:44:00Z
751.5900268554688,751.9299926757812,751.510009765625,751.6099853515625,154037,2026-08-03T13:45:00Z
751.6199951171875,751.75,751.3699951171875,751.4149780273438,130506,2026-08-03T13:46:00Z
751.4400024414062,752.0399780273438,751.4400024414062,752.0399780273438,147322,2026-08-03T13:47:00Z
752.038818359375,752.3300170898438,751.6699829101562,751.8499145507812,330186,2026-08-03T13:48:00Z
751.8400268554688,752.1699829101562,751.7501220703125,751.9099731445312,226990,2026-08-03T13:49:00Z
751.9199829101562,752.1400146484375,751.5999755859375,751.8900146484375,139343,2026-08-03T13:50:00Z
751.8900146484375,752.5,751.8400268554688,752.4949951171875,201440,2026-08-03T13:51:00Z
752.4949951171875,752.5700073242188,752.2899780273438,752.5599975585938,198919,2026-08-03T13:52:00Z
752.5599975585938,752.9099731445312,752.5399780273438,752.8912963867188,311151,2026-08-03T13:53:00Z
752.8919067382812,752.9500122070312,752.6099853515625,752.760009765625,201102,2026-08-03T13:54:00Z
752.7650146484375,753.1400146484375,752.6500854492188,753.0750122070312,175415,2026-08-03T13:55:00Z
753.0800170898438,753.1599731445312,752.9299926757812,753.0399780273438,168843,2026-08-03T13:56:00Z
753.0599975585938,753.2999877929688,752.969970703125,753.2650146484375,176619,2026-08-03T13:57:00Z
753.260009765625,753.489990234375,753.0399780273438,753.4199829101562,188969,2026-08-03T13:58:00Z
753.4199829101562,753.638671875,753.2449951171875,753.5999755859375,155702,2026-08-03T13:59:00Z
753.6199951171875,753.6300048828125,753.1900024414062,753.39501953125,172813,2026-08-03T14:00:00Z
753.39501953125,753.4600219726562,753.280029296875,753.375,110696,2026-08-03T14:01:00Z
753.385009765625,753.7650146484375,753.3800048828125,753.760009765625,114971,2026-08-03T14:02:00Z
753.75,753.9500122070312,753.5599975585938,753.5999755859375,138132,2026-08-03T14:03:00Z
753.5800170898438,753.6099853515625,753.0,753.4099731445312,150766,2026-08-03T14:04:00Z
753.4099731445312,753.530029296875,753.25,753.4849853515625,125833,2026-08-03T14:05:00Z
753.5,753.6300048828125,753.4299926757812,753.530029296875,118980,2026-08-03T14:06:00Z
753.530029296875,753.5999755859375,753.2849731445312,753.2899780273438,91738,2026-08-03T14:07:00Z
753.2899780273438,753.6199951171875,753.1699829101562,753.469970703125,126093,2026-08-03T14:08:00Z
753.5,753.6400146484375,753.469970703125,753.5800170898438,106459,2026-08-03T14:09:00Z
753.5701293945312,753.9299926757812,753.5499877929688,753.8350219726562,125792,2026-08-03T14:10:00Z
753.8400268554688,753.9500122070312,753.7000122070312,753.885009765625,140765,2026-08-03T14:11:00Z
753.9099731445312,754.0499877929688,753.7999877929688,753.9299926757812,183774,2026-08-03T14:12:00Z
753.9249877929688,753.9299926757812,753.7100219726562,753.760009765625,184329,2026-08-03T14:13:00Z
753.760009765625,753.9199829101562,753.5700073242188,753.9000244140625,121502,2026-08-03T14:14:00Z
753.8900146484375,754.030029296875,753.8300170898438,754.0150146484375,115776,2026-08-03T14:15:00Z
754.030029296875,754.3800048828125,754.030029296875,754.3099975585938,192883,2026-08-03T14:16:00Z
754.3200073242188,754.4298706054688,754.2210083007812,754.3800048828125,122297,2026-08-03T14:17:00Z
754.3800048828125,754.5399780273438,754.344970703125,754.4500122070312,124499,2026-08-03T14:18:00Z
754.4500122070312,754.4500122070312,754.1699829101562,754.1826782226562,150247,2026-08-03T14:19:00Z
754.1900024414062,754.3900146484375,754.1599731445312,754.3300170898438,134617,2026-08-03T14:20:00Z
754.344970703125,754.5,754.3099975585938,754.47998046875,170623,2026-08-03T14:21:00Z
754.489990234375,754.530029296875,754.3699951171875,754.469970703125,182504,2026-08-03T14:22:00Z
754.469970703125,754.6599731445312,754.4500122070312,754.6400146484375,214396,2026-08-03T14:23:00Z
754.6500244140625,754.780029296875,754.5800170898438,754.619873046875,153055,2026-08-03T14:24:00Z
754.6199951171875,754.77001953125,754.5449829101562,754.580078125,173962,2026-08-03T14:25:00Z
754.5850219726562,754.5999755859375,754.4199829101562,754.5999755859375,238458,2026-08-03T14:26:00Z
754.5999755859375,754.6400146484375,754.3619995117188,754.489990234375,314559,2026-08-03T14:27:00Z
754.5,754.6099853515625,754.4099731445312,754.47998046875,101131,2026-08-03T14:28:00Z
754.47998046875,754.5800170898438,754.4525146484375,754.5,89533,2026-08-03T14:29:00Z
754.5,754.5599975585938,754.3925170898438,754.4600219726562,126018,2026-08-03T14:30:00Z
754.4600219726562,754.6400146484375,754.4099731445312,754.4500122070312,248020,2026-08-03T14:31:00Z
754.4500122070312,754.5499877929688,754.364990234375,754.4199829101562,149546,2026-08-03T14:32:00Z
754.4299926757812,754.530029296875,754.3099975585938,754.3905029296875,97308,2026-08-03T14:33:00Z
754.4099731445312,754.530029296875,754.3099975585938,754.510009765625,235670,2026-08-03T14:34:00Z
754.52001953125,754.5599975585938,754.4301147460938,754.530029296875,109374,2026-08-03T14:35:00Z
754.530029296875,754.72998046875,754.47998046875,754.6984252929688,92466,2026-08-03T14:36:00Z
754.7000122070312,754.7899169921875,754.6599731445312,754.719970703125,153216,2026-08-03T14:37:00Z
754.719970703125,754.77001953125,754.6699829101562,754.7150268554688,123836,2026-08-03T14:38:00Z
754.7150268554688,754.9349975585938,754.7000122070312,754.7949829101562,143491,2026-08-03T14:39:00Z
754.7899780273438,755.0700073242188,754.75,755.0599975585938,263918,2026-08-03T14:40:00Z
755.0599975585938,755.1649780273438,754.9099731445312,754.9650268554688,189283,2026-08-03T14:41:00Z
754.9500122070312,755.0,754.7999877929688,754.9598999023438,118308,2026-08-03T14:42:00Z
754.969970703125,754.9849853515625,754.7999877929688,754.9849853515625,83789,2026-08-03T14:43:00Z
754.989990234375,755.0109252929688,754.8499755859375,754.9000244140625,73444,2026-08-03T14:44:00Z
754.9099731445312,754.9299926757812,754.7050170898438,754.719970703125,105777,2026-08-03T14:45:00Z
754.7150268554688,754.9500122070312,754.7150268554688,754.8699951171875,162045,2026-08-03T14:46:00Z
754.8699951171875,754.9299926757812,754.75,754.8699951171875,88319,2026-08-03T14:47:00Z
754.8699951171875,754.9600219726562,754.7999877929688,754.8400268554688,99427,2026-08-03T14:48:00Z
754.8400268554688,754.926025390625,754.7999877929688,754.8699951171875,90738,2026-08-03T14:49:00Z
754.8699951171875,754.969970703125,754.8150024414062,754.9600219726562,205177,2026-08-03T14:50:00Z
754.9600219726562,755.1199951171875,754.9349975585938,755.0776977539062,137641,2026-08-03T14:51:00Z
755.0800170898438,755.094970703125,754.9149780273438,754.969970703125,97849,2026-08-03T14:52:00Z
754.9749755859375,755.0800170898438,754.9099731445312,755.0700073242188,142426,2026-08-03T14:53:00Z
755.0700073242188,755.1400146484375,754.9000244140625,754.9199829101562,131075,2026-08-03T14:54:00Z
754.9149780273438,755.1500244140625,754.9149780273438,755.0800170898438,86078,2026-08-03T14:55:00Z
755.0750122070312,755.405517578125,755.0750122070312,755.2802734375,131984,2026-08-03T14:56:00Z
755.280029296875,755.280029296875,755.1699829101562,755.219970703125,140997,2026-08-03T14:57:00Z
755.2249755859375,755.3099975585938,755.1500244140625,755.3001098632812,96058,2026-08-03T14:58:00Z
755.3099975585938,755.3800048828125,755.219970703125,755.3701171875,97534,2026-08-03T14:59:00Z
755.3800048828125,755.4299926757812,755.2899780273438,755.2899780273438,309955,2026-08-03T15:00:00Z
755.2999877929688,755.4000244140625,755.239990234375,755.3300170898438,115241,2026-08-03T15:01:00Z
755.3300170898438,755.3699951171875,755.27001953125,755.2899780273438,84041,2026-08-03T15:02:00Z
755.2949829101562,755.3099975585938,755.1649780273438,755.239990234375,134762,2026-08-03T15:03:00Z
755.2349853515625,755.27001953125,755.094970703125,755.239990234375,117863,2026-08-03T15:04:00Z
755.239990234375,755.25,755.02001953125,755.02001953125,96337,2026-08-03T15:05:00Z
755.030029296875,755.030029296875,754.7899780273438,755.02001953125,108626,2026-08-03T15:06:00Z
755.0250244140625,755.22998046875,754.8800048828125,755.0800170898438,74231,2026-08-03T15:07:00Z
755.0700073242188,755.1099853515625,754.9199829101562,754.9849853515625,65980,2026-08-03T15:08:00Z
754.97998046875,754.989990234375,754.8800048828125,754.9500122070312,71364,2026-08-03T15:09:00Z
754.9400024414062,754.9849853515625,754.7999877929688,754.9149780273438,114958,2026-08-03T15:10:00Z
754.9254760742188,754.989990234375,754.8599853515625,754.97998046875,99207,2026-08-03T15:11:00Z
754.9849853515625,755.0999755859375,754.8300170898438,755.0999755859375,96518,2026-08-03T15:12:00Z
755.0999755859375,755.1300048828125,755.010009765625,755.0800170898438,141991,2026-08-03T15:13:00Z
755.0800170898438,755.0800170898438,754.9500122070312,755.0549926757812,84245,2026-08-03T15:14:00Z
755.0549926757812,755.3099975585938,755.0499877929688,755.22998046875,99938,2026-08-03T15:15:00Z
755.22998046875,755.2949829101562,755.1799926757812,755.25,273873,2026-08-03T15:16:00Z
755.239990234375,755.25,755.0999755859375,755.22998046875,76672,2026-08-03T15:17:00Z
755.22998046875,755.3250122070312,755.2150268554688,755.3200073242188,55260,2026-08-03T15:18:00Z
755.3099975585938,755.4000244140625,755.2899780273438,755.3900146484375,68661,2026-08-03T15:19:00Z
755.4000244140625,755.5900268554688,755.4000244140625,755.5900268554688,101591,2026-08-03T15:20:00Z
755.5800170898438,755.5999755859375,755.3800048828125,755.4299926757812,141546,2026-08-03T15:21:00Z
755.4299926757812,755.6099243164062,755.3900146484375,755.5999755859375,87916,2026-08-03T15:22:00Z
755.6099853515625,755.6300048828125,755.5,755.6199951171875,100632,2026-08-03T15:23:00Z
755.6199951171875,755.6900024414062,755.5449829101562,755.5800170898438,93764,2026-08-03T15:24:00Z
755.5750122070312,755.7000122070312,755.0999755859375,755.3800048828125,172022,2026-08-03T15:25:00Z
755.3900146484375,755.5599975585938,755.239990234375,755.4199829101562,266508,2026-08-03T15:26:00Z
755.4249877929688,755.510009765625,755.3599853515625,755.4000244140625,74133,2026-08-03T15:27:00Z
755.4199829101562,755.4500122070312,755.02001953125,755.1400146484375,114782,2026-08-03T15:28:00Z
755.1599731445312,755.2299194335938,755.030029296875,755.1099853515625,73483,2026-08-03T15:29:00Z
755.1199951171875,755.4099731445312,755.0750122070312,755.2589721679688,132552,2026-08-03T15:30:00Z
755.25,755.385009765625,755.219970703125,755.27001953125,74613,2026-08-03T15:31:00Z
755.25,755.3400268554688,755.2100219726562,755.2650146484375,64538,2026-08-03T15:32:00Z
755.260009765625,755.4400024414062,755.2100219726562,755.4349975585938,194277,2026-08-03T15:33:00Z
755.4400024414062,755.469970703125,755.2899780273438,755.2999877929688,80024,2026-08-03T15:34:00Z
755.2899780273438,755.3900146484375,755.2000122070312,755.3900146484375,65980,2026-08-03T15:35:00Z
755.3900146484375,755.4500122070312,755.2899780273438,755.344970703125,72103,2026-08-03T15:36:00Z
755.344970703125,755.4500122070312,755.3300170898438,755.3900146484375,1063855,2026-08-03T15:37:00Z
755.3699951171875,755.5399780273438,755.3300170898438,755.47998046875,95883,2026-08-03T15:38:00Z
755.489990234375,755.6199951171875,755.4199829101562,755.5599975585938,379193,2026-08-03T15:39:00Z
755.5449829101562,755.760009765625,755.530029296875,755.7000122070312,89146,2026-08-03T15:40:00Z
755.7000122070312,755.8300170898438,755.6900024414062,755.7550048828125,132647,2026-08-03T15:41:00Z
755.7598876953125,755.7598876953125,755.6801147460938,755.7000122070312,81986,2026-08-03T15:42:00Z
755.6900024414062,755.739990234375,755.594970703125,755.6199951171875,73282,2026-08-03T15:43:00Z
755.6199951171875,755.6699829101562,755.5800170898438,755.6400756835938,48438,2026-08-03T15:44:00Z
755.6500244140625,755.9299926757812,755.6500244140625,755.8800048828125,99998,2026-08-03T15:45:00Z
755.8900146484375,756.02001953125,755.8779907226562,755.9500122070312,235545,2026-08-03T15:46:00Z
755.9500122070312,755.989990234375,755.8499755859375,755.9749755859375,61232,2026-08-03T15:47:00Z
755.9749755859375,755.97998046875,755.8800048828125,755.8900146484375,131135,2026-08-03T15:48:00Z
755.8800048828125,756.0700073242188,755.8699951171875,756.02001953125,155295,2026-08-03T15:49:00Z
756.030029296875,756.1300048828125,756.0,756.0300903320312,80955,2026-08-03T15:50:00Z
756.030029296875,756.1099853515625,755.969970703125,756.0800170898438,64792,2026-08-03T15:51:00Z
756.0800170898438,756.1328125,756.02001953125,756.0349731445312,49130,2026-08-03T15:52:00Z
756.0399780273438,756.1950073242188,756.02001953125,756.1799926757812,57920,2026-08-03T15:53:00Z
756.1749877929688,756.2100219726562,756.14501953125,756.1799926757812,62379,2026-08-03T15:54:00Z
756.1699829101562,756.1900024414062,755.97998046875,756.0399780273438,127200,2026-08-03T15:55:00Z
756.030029296875,756.1400146484375,755.9400024414062,755.9801025390625,67330,2026-08-03T15:56:00Z
755.97998046875,756.0150146484375,755.8300170898438,755.9000244140625,73990,2026-08-03T15:57:00Z
755.8900146484375,756.02001953125,755.8214111328125,755.9564208984375,57638,2026-08-03T15:58:00Z
755.9400024414062,756.010009765625,755.8499755859375,755.9550170898438,66266,2026-08-03T15:59:00Z
755.9600219726562,756.1699829101562,755.9500122070312,756.0,57707,2026-08-03T16:00:00Z
756.0300903320312,756.1199951171875,755.9301147460938,756.0900268554688,54966,2026-08-03T16:01:00Z
756.0900268554688,756.1300048828125,755.97998046875,756.0499267578125,64767,2026-08-03T16:02:00Z
756.0300903320312,756.0599975585938,755.9705810546875,756.0499877929688,54011,2026-08-03T16:03:00Z
756.0499877929688,756.1400146484375,755.989990234375,756.0,65811,2026-08-03T16:04:00Z
756.0025024414062,756.0499877929688,755.97998046875,756.030029296875,283055,2026-08-03T16:05:00Z
756.030029296875,756.0399780273438,755.9400024414062,755.969970703125,59753,2026-08-03T16:06:00Z
755.97998046875,756.030029296875,755.9500122070312,755.969970703125,70141,2026-08-03T16:07:00Z
755.969970703125,756.0900268554688,755.8800048828125,755.8800048828125,59692,2026-08-03T16:08:00Z
755.8900146484375,756.0499877929688,755.864990234375,756.0291137695312,63834,2026-08-03T16:09:00Z
756.0499267578125,756.0499877929688,755.875,755.8800048828125,57047,2026-08-03T16:10:00Z
755.8699951171875,755.9000244140625,755.7899780273438,755.8200073242188,58758,2026-08-03T16:11:00Z
755.8099975585938,755.9299926757812,755.7999877929688,755.9199829101562,46033,2026-08-03T16:12:00Z
755.9249877929688,755.9249877929688,755.760009765625,755.8599853515625,149056,2026-08-03T16:13:00Z
755.8699951171875,756.030029296875,755.8300170898438,755.989990234375,77397,2026-08-03T16:14:00Z
755.989990234375,756.0900268554688,755.9600219726562,756.0900268554688,314407,2026-08-03T16:15:00Z
756.0900268554688,756.260009765625,756.0800170898438,756.1799926757812,76165,2026-08-03T16:16:00Z
756.1851196289062,756.25,756.1599731445312,756.25,40888,2026-08-03T16:17:00Z
756.2449951171875,756.260009765625,756.155029296875,756.1900024414062,89459,2026-08-03T16:18:00Z
756.1900024414062,756.27001953125,756.1900024414062,756.2349853515625,66201,2026-08-03T16:19:00Z
756.2349853515625,756.2598266601562,756.0900268554688,756.0900268554688,60287,2026-08-03T16:20:00Z
756.094970703125,756.1900024414062,756.0750122070312,756.1599731445312,60708,2026-08-03T16:21:00Z
756.1699829101562,756.260009765625,756.1649780273438,756.260009765625,47202,2026-08-03T16:22:00Z
756.260009765625,756.2899780273438,756.1849975585938,756.1950073242188,57228,2026-08-03T16:23:00Z
756.2000122070312,756.260009765625,756.1849975585938,756.260009765625,43292,2026-08-03T16:24:00Z
756.260009765625,756.3099975585938,756.2249755859375,756.2899780273438,109031,2026-08-03T16:25:00Z
756.2849731445312,756.3599853515625,756.1799926757812,756.239990234375,104304,2026-08-03T16:26:00Z
756.25,756.469970703125,756.219970703125,756.4400024414062,59879,2026-08-03T16:27:00Z
756.4400024414062,756.5698852539062,756.4000244140625,756.4749755859375,61320,2026-08-03T16:28:00Z
756.469970703125,756.5999755859375,756.4450073242188,756.5700073242188,98822,2026-08-03T16:29:00Z
756.5700073242188,756.5700073242188,756.4600219726562,756.47998046875,70516,2026-08-03T16:30:00Z
756.4849853515625,756.5900268554688,756.4600219726562,756.469970703125,67209,2026-08-03T16:31:00Z
756.4650268554688,756.6199951171875,756.3217163085938,756.469970703125,411053,2026-08-03T16:32:00Z
756.4600219726562,756.47998046875,756.4099731445312,756.4450073242188,71636,2026-08-03T16:33:00Z
756.4450073242188,756.5800170898438,756.4349975585938,756.4349975585938,84353,2026-08-03T16:34:00Z
756.4299926757812,756.4299926757812,756.25,756.3400268554688,59259,2026-08-03T16:35:00Z
756.3400268554688,756.3599853515625,756.27001953125,756.3300170898438,184583,2026-08-03T16:36:00Z
756.3200073242188,756.4299926757812,756.2999877929688,756.3599853515625,44506,2026-08-03T16:37:00Z
756.3599853515625,756.4099731445312,756.2899780273438,756.385009765625,68350,2026-08-03T16:38:00Z
756.389892578125,756.4199829101562,756.2100219726562,756.2899780273438,43080,2026-08-03T16:39:00Z
756.2899780273438,756.4149780273438,756.2899780273438,756.3699951171875,46023,2026-08-03T16:40:00Z
756.3699951171875,756.3900146484375,756.2999877929688,756.3200073242188,44206,2026-08-03T16:41:00Z
756.3200073242188,756.3200073242188,756.22998046875,756.27001953125,42523,2026-08-03T16:42:00Z
756.260009765625,756.4149780273438,756.22998046875,756.4099731445312,46967,2026-08-03T16:43:00Z
756.4199829101562,756.5050048828125,756.4099731445312,756.469970703125,181180,2026-08-03T16:44:00Z
756.47998046875,756.489990234375,756.3800048828125,756.3900146484375,160086,2026-08-03T16:45:00Z
756.3900146484375,756.5,756.3800048828125,756.4600219726562,52571,2026-08-03T16:46:00Z
756.4500122070312,756.4500122070312,756.3499755859375,756.3699951171875,43247,2026-08-03T16:47:00Z
756.3699951171875,756.4000244140625,756.3099975585938,756.3214111328125,60455,2026-08-03T16:48:00Z
756.3250122070312,756.375,756.2999877929688,756.3099975585938,53756,2026-08-03T16:49:00Z
756.3200073242188,756.3800048828125,756.2899780273438,756.3499755859375,42541,2026-08-03T16:50:00Z
756.3599853515625,756.364990234375,756.1400146484375,756.1500244140625,217347,2026-08-03T16:51:00Z
756.14501953125,756.1594848632812,756.0399780273438,756.0599975585938,89146,2026-08-03T16:52:00Z
756.0549926757812,756.1900024414062,756.0549926757812,756.1699829101562,46236,2026-08-03T16:53:00Z
756.1799926757812,756.22998046875,756.030029296875,756.0499877929688,36339,2026-08-03T16:54:00Z
756.0499877929688,756.0999755859375,756.0150146484375,756.0399780273438,53925,2026-08-03T16:55:00Z
756.0399780273438,756.1500244140625,756.0399780273438,756.1500244140625,76093,2026-08-03T16:56:00Z
756.1400146484375,756.3400268554688,756.1400146484375,756.3400268554688,47350,2026-08-03T16:57:00Z
756.3400268554688,756.3499755859375,756.2100219726562,756.2100219726562,60016,2026-08-03T16:58:00Z
756.219970703125,756.239990234375,756.1599731445312,756.219970703125,45108,2026-08-03T16:59:00Z
756.219970703125,756.2999877929688,756.0900268554688,756.10009765625,70112,2026-08-03T17:00:00Z
756.10498046875,756.260009765625,756.094970703125,756.1950073242188,50415,2026-08-03T17:01:00Z
756.1950073242188,756.2849731445312,756.1400146484375,756.1799926757812,59151,2026-08-03T17:02:00Z
756.1799926757812,756.1799926757812,756.030029296875,756.1099853515625,163401,2026-08-03T17:03:00Z
756.0999755859375,756.2100219726562,756.0700073242188,756.2100219726562,73834,2026-08-03T17:04:00Z
756.2100219726562,756.2999877929688,756.0900268554688,756.14501953125,70939,2026-08-03T17:05:00Z
756.1400146484375,756.1400146484375,756.0250244140625,756.0700073242188,78060,2026-08-03T17:06:00Z
756.0700073242188,756.0700073242188,755.97998046875,756.0399780273438,70459,2026-08-03T17:07:00Z
756.0399780273438,756.0999755859375,756.02001953125,756.094970703125,69401,2026-08-03T17:08:00Z
756.0900268554688,756.280029296875,756.0900268554688,756.2150268554688,204041,2026-08-03T17:09:00Z
756.2100219726562,756.4299926757812,756.2100219726562,756.4299926757812,46240,2026-08-03T17:10:00Z
756.4299926757812,756.6099853515625,756.4299926757812,756.5349731445312,65506,2026-08-03T17:11:00Z
756.5349731445312,756.5999755859375,756.489990234375,756.5250244140625,79962,2026-08-03T17:12:00Z
756.530029296875,756.5549926757812,756.4801025390625,756.5449829101562,43126,2026-08-03T17:13:00Z
756.5449829101562,756.5598754882812,756.489990234375,756.510009765625,68932,2026-08-03T17:14:00Z
756.51171875,756.6694946289062,756.4949951171875,756.5150146484375,126249,2026-08-03T17:15:00Z
756.52001953125,756.5999755859375,756.5150146484375,756.5599975585938,41316,2026-08-03T17:16:00Z
756.5700073242188,756.6500244140625,756.52001953125,756.6300048828125,68479,2026-08-03T17:17:00Z
756.6400146484375,756.72998046875,756.5800170898438,756.6799926757812,81237,2026-08-03T17:18:00Z
756.6900024414062,756.7899780273438,756.6300048828125,756.77001953125,57947,2026-08-03T17:19:00Z
756.77001953125,756.7899780273438,756.6699829101562,756.6799926757812,67166,2026-08-03T17:20:00Z
756.6900024414062,756.8200073242188,756.6849975585938,756.7999877929688,91758,2026-08-03T17:21:00Z
756.7999877929688,756.969970703125,756.7849731445312,756.9400024414062,64023,2026-08-03T17:22:00Z
756.9500122070312,756.9600219726562,756.9100952148438,756.9349975585938,65381,2026-08-03T17:23:00Z
756.9299926757812,757.0150146484375,756.905029296875,756.9650268554688,91921,2026-08-03T17:24:00Z
756.9650268554688,757.010009765625,756.8900146484375,756.8900146484375,48796,2026-08-03T17:25:00Z
756.8900146484375,756.97998046875,756.8400268554688,756.97998046875,49324,2026-08-03T17:26:00Z
756.9849853515625,757.155029296875,756.969970703125,757.0349731445312,55126,2026-08-03T17:27:00Z
757.0349731445312,757.1400146484375,757.010009765625,757.0399780273438,76855,2026-08-03T17:28:00Z
757.0499877929688,757.0900268554688,757.02001953125,757.0850219726562,181969,2026-08-03T17:29:00Z
757.083984375,757.14501953125,757.0650024414062,757.135009765625,170459,2026-08-03T17:30:00Z
757.135009765625,757.1500244140625,757.02001953125,757.0850219726562,57727,2026-08-03T17:31:00Z
757.0850219726562,757.0999755859375,757.010009765625,757.0850219726562,38084,2026-08-03T17:32:00Z
757.0900268554688,757.239990234375,757.0700073242188,757.1849975585938,52446,2026-08-03T17:33:00Z
757.1950073242188,757.3599853515625,757.1500244140625,757.35498046875,67425,2026-08-03T17:34:00Z
757.3499755859375,757.469970703125,757.27001953125,757.3499755859375,207138,2026-08-03T17:35:00Z
757.3499755859375,757.3900146484375,757.280029296875,757.2849731445312,71240,2026-08-03T17:36:00Z
757.2849731445312,757.3400268554688,757.22998046875,757.239990234375,58023,2026-08-03T17:37:00Z
757.239990234375,757.260009765625,757.1199951171875,757.1801147460938,79889,2026-08-03T17:38:00Z
757.1799926757812,757.25,757.1199951171875,757.2100219726562,46136,2026-08-03T17:39:00Z
757.22998046875,757.27001953125,757.1599731445312,757.2449951171875,35036,2026-08-03T17:40:00Z
757.25,757.280029296875,757.219970703125,757.219970703125,36114,2026-08-03T17:41:00Z
757.22998046875,757.2899780273438,757.2100219726562,757.27001953125,40086,2026-08-03T17:42:00Z
757.260009765625,757.2999877929688,757.22412109375,757.22998046875,33282,2026-08-03T17:43:00Z
757.25,757.3400268554688,757.219970703125,757.3300170898438,43046,2026-08-03T17:44:00Z
757.3200073242188,757.4600219726562,757.3200073242188,757.4400024414062,54414,2026-08-03T17:45:00Z
757.4400024414062,757.52001953125,757.4299926757812,757.469970703125,111256,2026-08-03T17:46:00Z
757.469970703125,757.489990234375,757.4199829101562,757.4400024414062,115579,2026-08-03T17:47:00Z
757.4550170898438,757.4600219726562,757.3699951171875,757.4349975585938,218595,2026-08-03T17:48:00Z
757.4349975585938,757.4500122070312,757.3800048828125,757.4400024414062,68646,2026-08-03T17:49:00Z
757.4500122070312,757.5399780273438,757.4099731445312,757.4349975585938,162083,2026-08-03T17:50:00Z
757.4299926757812,757.5250244140625,757.4199829101562,757.5,1606081,2026-08-03T17:51:00Z
757.5,757.510009765625,757.4500122070312,757.489990234375,53476,2026-08-03T17:52:00Z
757.47998046875,757.5399780273438,757.4500122070312,757.5150146484375,35468,2026-08-03T17:53:00Z
757.530029296875,757.6199951171875,757.52001953125,757.5999755859375,61981,2026-08-03T17:54:00Z
757.5999755859375,757.7349853515625,757.5999755859375,757.6500244140625,75207,2026-08-03T17:55:00Z
757.6500244140625,757.7000122070312,757.5599975585938,757.625,97196,2026-08-03T17:56:00Z
757.625,757.75,757.6199951171875,757.7454223632812,201972,2026-08-03T17:57:00Z
757.75,757.780029296875,757.72998046875,757.7468872070312,52390,2026-08-03T17:58:00Z
757.739990234375,757.7650146484375,757.64501953125,757.6450805664062,79612,2026-08-03T17:59:00Z
757.64501953125,757.8200073242188,757.6400146484375,757.72998046875,153997,2026-08-03T18:00:00Z
757.719970703125,757.8150024414062,757.6599731445312,757.6699829101562,96798,2026-08-03T18:01:00Z
757.6799926757812,757.7899780273438,757.6799926757812,757.7899780273438,124108,2026-08-03T18:02:00Z
757.7849731445312,757.9450073242188,757.7849731445312,757.9349975585938,103737,2026-08-03T18:03:00Z
757.9349975585938,758.1400146484375,757.9299926757812,758.1400146484375,107153,2026-08-03T18:04:00Z
758.135009765625,758.2899780273438,758.0999755859375,758.2650146484375,251197,2026-08-03T18:05:00Z
758.27001953125,758.280029296875,758.1500244140625,758.239990234375,102483,2026-08-03T18:06:00Z
758.239990234375,758.2899780273438,758.1400146484375,758.1500854492188,79019,2026-08-03T18:07:00Z
758.1599731445312,758.22998046875,758.0800170898438,758.219970703125,95069,2026-08-03T18:08:00Z
758.22998046875,758.3200073242188,758.219970703125,758.3049926757812,61619,2026-08-03T18:09:00Z
758.3099975585938,758.3300170898438,758.22998046875,758.3150024414062,91204,2026-08-03T18:10:00Z
758.3200073242188,758.3200073242188,757.9600219726562,757.9849853515625,142688,2026-08-03T18:11:00Z
757.97998046875,758.0499877929688,757.8635864257812,757.989990234375,108559,2026-08-03T18:12:00Z
757.9949951171875,758.1400146484375,757.9600219726562,758.0499877929688,86952,2026-08-03T18:13:00Z
758.0499877929688,758.0850219726562,758.010009765625,758.010009765625,68950,2026-08-03T18:14:00Z
758.0150146484375,758.239990234375,758.010009765625,758.2000122070312,226365,2026-08-03T18:15:00Z
758.1950073242188,758.2750244140625,758.155029296875,758.239990234375,65695,2026-08-03T18:16:00Z
758.239990234375,758.3099975585938,758.1099853515625,758.1099853515625,69214,2026-08-03T18:17:00Z
758.1099853515625,758.1400146484375,758.0150146484375,758.0499877929688,55971,2026-08-03T18:18:00Z
758.0479736328125,758.0499877929688,757.9000244140625,757.9600219726562,51959,2026-08-03T18:19:00Z
757.969970703125,757.969970703125,757.7999877929688,757.9099731445312,101904,2026-08-03T18:20:00Z
757.9199829101562,758.0700073242188,757.8599853515625,758.0601196289062,62215,2026-08-03T18:21:00Z
758.0800170898438,758.1699829101562,758.010986328125,758.1400146484375,51287,2026-08-03T18:22:00Z
758.1400146484375,758.1599731445312,758.0700073242188,758.1400146484375,66817,2026-08-03T18:23:00Z
758.1500244140625,758.1500244140625,757.9299926757812,757.9500122070312,48901,2026-08-03T18:24:00Z
757.9400024414062,758.0499877929688,757.8499755859375,757.8900146484375,53797,2026-08-03T18:25:00Z
757.89501953125,757.9000244140625,757.7999877929688,757.7999877929688,65327,2026-08-03T18:26:00Z
757.8049926757812,757.8049926757812,757.6300048828125,757.6900024414062,108047,2026-08-03T18:27:00Z
757.7000122070312,757.719970703125,757.47998046875,757.5050048828125,83224,2026-08-03T18:28:00Z
757.5050048828125,757.6300048828125,757.5,757.5700073242188,88682,2026-08-03T18:29:00Z
757.5800170898438,757.8200073242188,757.5349731445312,757.5399780273438,94329,2026-08-03T18:30:00Z
757.5399780273438,757.6099853515625,757.47998046875,757.60498046875,82212,2026-08-03T18:31:00Z
757.5900268554688,757.7050170898438,757.5599975585938,757.6400146484375,83435,2026-08-03T18:32:00Z
757.6500244140625,757.6799926757812,757.3405151367188,757.4000244140625,244968,2026-08-03T18:33:00Z
757.385009765625,757.5900268554688,757.3400268554688,757.510009765625,106173,2026-08-03T18:34:00Z
757.52001953125,757.6849975585938,757.4949951171875,757.6599731445312,194578,2026-08-03T18:35:00Z
757.6649780273438,757.719970703125,757.47998046875,757.5599975585938,68575,2026-08-03T18:36:00Z
757.5650024414062,757.6699829101562,757.47998046875,757.6699829101562,70757,2026-08-03T18:37:00Z
757.6699829101562,757.7999877929688,757.5800170898438,757.7999877929688,51504,2026-08-03T18:38:00Z
757.7899780273438,757.8099975585938,757.6300048828125,757.6699829101562,179668,2026-08-03T18:39:00Z
757.6799926757812,757.7000122070312,757.5800170898438,757.6799926757812,83282,2026-08-03T18:40:00Z
757.6649780273438,757.8499755859375,757.639892578125,757.8499755859375,80933,2026-08-03T18:41:00Z
757.8599853515625,757.9481811523438,757.8499755859375,757.9000244140625,105473,2026-08-03T18:42:00Z
757.9000244140625,758.0050048828125,757.8800048828125,757.97998046875,70161,2026-08-03T18:43:00Z
757.9849853515625,758.1099853515625,757.9600219726562,758.0850219726562,55840,2026-08-03T18:44:00Z
758.0900268554688,758.1900024414062,757.97998046875,757.9849853515625,129902,2026-08-03T18:45:00Z
757.989990234375,757.9998779296875,757.760009765625,757.9749755859375,105422,2026-08-03T18:46:00Z
757.9749755859375,757.97998046875,757.8300170898438,757.8800048828125,198070,2026-08-03T18:47:00Z
757.8900146484375,757.969970703125,757.875,757.9650268554688,56037,2026-08-03T18:48:00Z
757.9600219726562,758.113525390625,757.9199829101562,758.10498046875,70020,2026-08-03T18:49:00Z
758.10498046875,758.1599731445312,757.9299926757812,757.9600219726562,109776,2026-08-03T18:50:00Z
757.9500122070312,758.0349731445312,757.9199829101562,758.030029296875,51997,2026-08-03T18:51:00Z
758.0250244140625,758.1500244140625,758.010009765625,758.0526123046875,43819,2026-08-03T18:52:00Z
758.0499877929688,758.2899780273438,758.030029296875,758.27001953125,105874,2026-08-03T18:53:00Z
758.27001953125,758.27001953125,758.0599975585938,758.0800170898438,74135,2026-08-03T18:54:00Z
758.0800170898438,758.1500244140625,758.0700073242188,758.0900268554688,62977,2026-08-03T18:55:00Z
758.10498046875,758.1300048828125,757.989990234375,758.02001953125,60086,2026-08-03T18:56:00Z
758.02001953125,758.125,758.0,758.1199951171875,55227,2026-08-03T18:57:00Z
758.1300048828125,758.22998046875,758.0999755859375,758.1599731445312,39012,2026-08-03T18:58:00Z
758.1699829101562,758.1699829101562,757.9199829101562,757.9349975585938,126974,2026-08-03T18:59:00Z
757.9400024414062,758.2999877929688,757.9400024414062,758.239990234375,77947,2026-08-03T19:00:00Z
758.239990234375,758.47998046875,758.1900024414062,758.39501953125,114353,2026-08-03T19:01:00Z
758.39501953125,758.5800170898438,758.3800048828125,758.5499877929688,91085,2026-08-03T19:02:00Z
758.52001953125,758.5499877929688,758.4299926757812,758.4949951171875,99174,2026-08-03T19:03:00Z
758.4949951171875,758.5150146484375,758.4550170898438,758.5,51083,2026-08-03T19:04:00Z
758.5004272460938,758.5399780273438,758.280029296875,758.375,118179,2026-08-03T19:05:00Z
758.3800048828125,758.4199829101562,758.2432861328125,758.375,77302,2026-08-03T19:06:00Z
758.3800048828125,758.3900146484375,758.2249755859375,758.2249755859375,84529,2026-08-03T19:07:00Z
758.219970703125,758.239990234375,758.0700073242188,758.219970703125,61749,2026-08-03T19:08:00Z
758.2100219726562,758.219970703125,758.1400146484375,758.1900024414062,46687,2026-08-03T19:09:00Z
758.1950073242188,758.3599853515625,758.1799926757812,758.280029296875,66253,2026-08-03T19:10:00Z
758.2700805664062,758.4099731445312,758.2650146484375,758.3699951171875,61211,2026-08-03T19:11:00Z
758.3699951171875,758.3800048828125,758.280029296875,758.3200073242188,76981,2026-08-03T19:12:00Z
758.2999877929688,758.3099975585938,758.0850219726562,758.2000122070312,62037,2026-08-03T19:13:00Z
758.1799926757812,758.27001953125,758.155029296875,758.1799926757812,107424,2026-08-03T19:14:00Z
758.1810302734375,758.3300170898438,758.1799926757812,758.2899780273438,126085,2026-08-03T19:15:00Z
758.2999877929688,758.4000244140625,758.22998046875,758.2949829101562,74374,2026-08-03T19:16:00Z
758.2899780273438,758.4099731445312,758.2274169921875,758.3978271484375,64269,2026-08-03T19:17:00Z
758.3900146484375,758.4299926757812,758.3200073242188,758.3200073242188,58150,2026-08-03T19:18:00Z
758.2999877929688,758.4400024414062,758.2899780273438,758.3400268554688,128851,2026-08-03T19:19:00Z
758.3499755859375,758.4000244140625,758.22998046875,758.239990234375,105534,2026-08-03T19:20:00Z
758.239990234375,758.3400268554688,758.219970703125,758.3300170898438,103146,2026-08-03T19:21:00Z
758.3201293945312,758.4000244140625,758.282470703125,758.2949829101562,46040,2026-08-03T19:22:00Z
758.3099975585938,758.3699951171875,758.280029296875,758.3400268554688,69064,2026-08-03T19:23:00Z
758.3300170898438,758.4500122070312,758.3300170898438,758.4149780273438,95799,2026-08-03T19:24:00Z
758.4149780273438,758.489990234375,758.3499755859375,758.4400024414062,102504,2026-08-03T19:25:00Z
758.4400024414062,758.52001953125,758.4149780273438,758.4299926757812,103356,2026-08-03T19:26:00Z
758.4400024414062,758.4949951171875,758.4099731445312,758.4949951171875,85209,2026-08-03T19:27:00Z
758.489990234375,758.5499877929688,758.2901000976562,758.2901000976562,125465,2026-08-03T19:28:00Z
758.2999877929688,758.4099731445312,758.260009765625,758.3400268554688,78717,2026-08-03T19:29:00Z
758.3499755859375,758.510009765625,758.3300170898438,758.3800048828125,95982,2026-08-03T19:30:00Z
758.385009765625,758.469970703125,758.35498046875,758.4349975585938,202359,2026-08-03T19:31:00Z
758.4400024414062,758.5,758.3599853515625,758.3599853515625,115868,2026-08-03T19:32:00Z
758.3800048828125,758.3900146484375,758.260009765625,758.27001953125,190510,2026-08-03T19:33:00Z
758.260009765625,758.375,758.2000122070312,758.3406982421875,114387,2026-08-03T19:34:00Z
758.3599853515625,758.4500122070312,758.3400268554688,758.4000244140625,114249,2026-08-03T19:35:00Z
758.405029296875,758.4600219726562,758.0900268554688,758.1099853515625,291514,2026-08-03T19:36:00Z
758.1099853515625,758.1500244140625,757.9650268554688,758.0800170898438,160543,2026-08-03T19:37:00Z
758.0800170898438,758.125,757.989990234375,757.9949951171875,146701,2026-08-03T19:38:00Z
757.9949951171875,758.1099853515625,757.9600219726562,758.0,108107,2026-08-03T19:39:00Z
758.010009765625,758.0700073242188,757.8599853515625,758.0499267578125,239954,2026-08-03T19:40:00Z
758.0449829101562,758.1649780273438,757.9099731445312,757.9600219726562,287055,2026-08-03T19:41:00Z
757.9500122070312,758.02001953125,757.9099731445312,757.97998046875,155187,2026-08-03T19:42:00Z
757.97998046875,758.0399780273438,757.9199829101562,757.9201049804688,157329,2026-08-03T19:43:00Z
757.9400024414062,758.1649780273438,757.9400024414062,758.0700073242188,168698,2026-08-03T19:44:00Z
758.0700073242188,758.1500244140625,758.02001953125,758.0999755859375,206645,2026-08-03T19:45:00Z
758.0999755859375,758.1500244140625,757.9400024414062,758.0075073242188,212145,2026-08-03T19:46:00Z
758.010009765625,758.1400146484375,757.9299926757812,758.1400146484375,239100,2026-08-03T19:47:00Z
758.1400146484375,758.25,758.0800170898438,758.0999755859375,265051,2026-08-03T19:48:00Z
758.0999755859375,758.1900024414062,758.0800170898438,758.1400146484375,166334,2026-08-03T19:49:00Z
758.1500244140625,758.3300170898438,757.9600219726562,758.02001953125,324066,2026-08-03T19:50:00Z
758.02001953125,758.3800048828125,758.0,758.27001953125,379471,2026-08-03T19:51:00Z
758.260009765625,758.4099731445312,758.25,758.2899169921875,235682,2026-08-03T19:52:00Z
758.280029296875,758.3696899414062,758.0150146484375,758.02001953125,296154,2026-08-03T19:53:00Z
758.0150146484375,758.0150146484375,757.6400146484375,757.780029296875,350485,2026-08-03T19:54:00Z
757.77001953125,757.8200073242188,757.5499877929688,757.6649780273438,501154,2026-08-03T19:55:00Z
757.6599731445312,757.760009765625,757.5,757.7249755859375,415108,2026-08-03T19:56:00Z
757.7349853515625,757.8900146484375,757.7349853515625,757.7449951171875,494161,2026-08-03T19:57:00Z
757.7449951171875,757.8800048828125,757.6699829101562,757.7899780273438,758849,2026-08-03T19:58:00Z
757.7750244140625,757.9849853515625,757.4400024414062,757.6699829101562,1027442,2026-08-03T19:59:00Z
760.6300048828125,761.47998046875,760.52001953125,761.3800048828125,1647550,2026-08-04T13:30:00Z
761.3699951171875,761.5700073242188,761.219970703125,761.530029296875,239212,2026-08-04T13:31:00Z
761.5399780273438,761.86767578125,761.52001953125,761.8419799804688,201961,2026-08-04T13:32:00Z
761.8499755859375,761.8800048828125,761.6900024414062,761.7650146484375,114963,2026-08-04T13:33:00Z
761.760009765625,761.8599853515625,761.6300048828125,761.8499755859375,200113,2026-08-04T13:34:00Z
761.8300170898438,762.0800170898438,761.7899780273438,762.0549926757812,242143,2026-08-04T13:35:00Z
762.0599975585938,762.1900024414062,761.8900146484375,761.905029296875,203803,2026-08-04T13:36:00Z
761.9000244140625,761.9349975585938,761.5900268554688,761.8204956054688,217630,2026-08-04T13:37:00Z
761.8499755859375,762.0499877929688,761.5399780273438,761.6099853515625,98575,2026-08-04T13:38:00Z
761.6099853515625,761.9600219726562,761.5800170898438,761.9500122070312,91120,2026-08-04T13:39:00Z
761.9600219726562,762.0499877929688,761.6799926757812,761.8699951171875,158943,2026-08-04T13:40:00Z
761.9000244140625,762.1599731445312,761.8499755859375,762.0700073242188,125500,2026-08-04T13:41:00Z
762.0599975585938,762.2100219726562,761.9000244140625,762.146728515625,95568,2026-08-04T13:42:00Z
762.14501953125,762.2000122070312,762.02001953125,762.0349731445312,99943,2026-08-04T13:43:00Z
762.0399780273438,762.0399780273438,761.6199951171875,761.8524780273438,165590,2026-08-04T13:44:00Z
761.8599853515625,762.4700927734375,761.8599853515625,762.4700927734375,232721,2026-08-04T13:45:00Z
762.47998046875,762.52001953125,762.1599731445312,762.1624755859375,169756,2026-08-04T13:46:00Z
762.1699829101562,762.3499755859375,761.9600219726562,762.0025024414062,137469,2026-08-04T13:47:00Z
762.0050048828125,762.4099731445312,761.97998046875,762.2999877929688,148540,2026-08-04T13:48:00Z
762.2999877929688,762.5349731445312,762.22998046875,762.530029296875,179687,2026-08-04T13:49:00Z
762.5399780273438,763.0800170898438,762.4000244140625,762.9400024414062,269941,2026-08-04T13:50:00Z
762.9500122070312,763.1004028320312,762.8900146484375,762.9199829101562,186887,2026-08-04T13:51:00Z
762.9299926757812,763.0999755859375,762.9000244140625,763.0399780273438,97916,2026-08-04T13:52:00Z
763.0499877929688,763.22998046875,762.9400024414062,763.2150268554688,146063,2026-08-04T13:53:00Z
763.219970703125,763.47998046875,763.1799926757812,763.4199829101562,137789,2026-08-04T13:54:00Z
763.4400024414062,763.4400024414062,762.9299926757812,762.9299926757812,216904,2026-08-04T13:55:00Z
762.9400024414062,762.9699096679688,762.6651000976562,762.864990234375,184791,2026-08-04T13:56:00Z
762.8599853515625,763.0700073242188,762.77001953125,762.8599853515625,124263,2026-08-04T13:57:00Z
762.8400268554688,763.25,762.8400268554688,763.1950073242188,129746,2026-08-04T13:58:00Z
763.2000122070312,763.3900146484375,762.9600219726562,763.3900146484375,137112,2026-08-04T13:59:00Z
763.3699951171875,763.4600219726562,763.0900268554688,763.4500122070312,230301,2026-08-04T14:00:00Z
763.4500122070312,763.780029296875,763.3900146484375,763.760009765625,225108,2026-08-04T14:01:00Z
763.77001953125,764.0999755859375,763.719970703125,763.97998046875,232876,2026-08-04T14:02:00Z
763.97998046875,764.0999755859375,763.739990234375,764.0800170898438,219401,2026-08-04T14:03:00Z
764.0900268554688,764.1300048828125,763.864990234375,763.8699951171875,119900,2026-08-04T14:04:00Z
763.8800048828125,764.3599853515625,763.7999877929688,764.2899780273438,157973,2026-08-04T14:05:00Z
764.280029296875,764.4500122070312,764.219970703125,764.3499755859375,176716,2026-08-04T14:06:00Z
764.3400268554688,764.52001953125,764.239990234375,764.5117797851562,179818,2026-08-04T14:07:00Z
764.52001953125,764.5499877929688,764.2999877929688,764.52001953125,107179,2026-08-04T14:08:00Z
764.510009765625,764.5399780273438,764.27001953125,764.3400268554688,135392,2026-08-04T14:09:00Z
764.3400268554688,764.5,764.3099975585938,764.4702758789062,90364,2026-08-04T14:10:00Z
764.4749755859375,764.5050048828125,764.3300170898438,764.4299926757812,91838,2026-08-04T14:11:00Z
764.4400024414062,764.6300048828125,764.4099731445312,764.6099853515625,100545,2026-08-04T14:12:00Z
764.6099853515625,764.75,764.6099853515625,764.6799926757812,154182,2026-08-04T14:13:00Z
764.6900024414062,764.8599853515625,764.6699829101562,764.85498046875,85252,2026-08-04T14:14:00Z
764.8499755859375,765.0499877929688,764.8200073242188,765.0250244140625,136032,2026-08-04T14:15:00Z
765.0250244140625,765.0399780273438,764.77001953125,764.9199829101562,143544,2026-08-04T14:16:00Z
764.9000244140625,765.2899780273438,764.8400268554688,765.2899780273438,126259,2026-08-04T14:17:00Z
765.2999877929688,765.3699951171875,765.1099853515625,765.239990234375,117116,2026-08-04T14:18:00Z
765.2324829101562,765.3828125,765.135009765625,765.2449951171875,148679,2026-08-04T14:19:00Z
765.25,765.280029296875,764.6799926757812,764.844970703125,171964,2026-08-04T14:20:00Z
764.844970703125,764.8494873046875,764.47998046875,764.5999755859375,249328,2026-08-04T14:21:00Z
764.5599975585938,764.7750244140625,764.3400268554688,764.47998046875,182301,2026-08-04T14:22:00Z
764.489990234375,764.5700073242188,764.2000122070312,764.5579833984375,163565,2026-08-04T14:23:00Z
764.5700073242188,764.6199951171875,764.1699829101562,764.3300170898438,148924,2026-08-04T14:24:00Z
764.3300170898438,764.7000122070312,764.3198852539062,764.7000122070312,144486,2026-08-04T14:25:00Z
764.7100219726562,764.8499755859375,764.6199951171875,764.6749877929688,102944,2026-08-04T14:26:00Z
764.6749877929688,764.8049926757812,764.5999755859375,764.72998046875,82982,2026-08-04T14:27:00Z
764.72998046875,764.8400268554688,764.489990234375,764.510009765625,115893,2026-08-04T14:28:00Z
764.52001953125,764.6799926757812,764.3800048828125,764.489990234375,150571,2026-08-04T14:29:00Z
764.489990234375,764.5,764.0999755859375,764.1500244140625,145189,2026-08-04T14:30:00Z
764.1699829101562,764.489990234375,764.1099853515625,764.3300170898438,128555,2026-08-04T14:31:00Z
764.3300170898438,764.7999877929688,764.2899780273438,764.7899780273438,100436,2026-08-04T14:32:00Z
764.7949829101562,764.97998046875,764.7000122070312,764.9400024414062,173790,2026-08-04T14:33:00Z
764.9299926757812,765.02001953125,764.8800048828125,764.9349975585938,95482,2026-08-04T14:34:00Z
764.9299926757812,765.1099853515625,764.9299926757812,765.0800170898438,86492,2026-08-04T14:35:00Z
765.0900268554688,765.0999755859375,764.8900146484375,764.9000244140625,137055,2026-08-04T14:36:00Z
764.8900146484375,765.1599731445312,764.760009765625,765.0900268554688,124977,2026-08-04T14:37:00Z
765.0900268554688,765.719970703125,764.969970703125,765.0401000976562,305455,2026-08-04T14:38:00Z
765.0399780273438,765.1599731445312,764.9500122070312,765.1599731445312,80417,2026-08-04T14:39:00Z
765.1672973632812,765.3400268554688,765.094970703125,765.27001953125,97943,2026-08-04T14:40:00Z
765.260009765625,765.280029296875,765.1300048828125,765.280029296875,72834,2026-08-04T14:41:00Z
765.280029296875,765.5,765.260009765625,765.4600219726562,77664,2026-08-04T14:42:00Z
765.4450073242188,765.6799926757812,765.4000244140625,765.6500244140625,285908,2026-08-04T14:43:00Z
765.6599731445312,765.8599853515625,765.5999755859375,765.7899780273438,203264,2026-08-04T14:44:00Z
765.780029296875,765.8200073242188,765.5900268554688,765.6724853515625,152509,2026-08-04T14:45:00Z
765.6799926757812,765.77001953125,765.6220092773438,765.7000122070312,101791,2026-08-04T14:46:00Z
765.6849975585938,765.802001953125,765.5999755859375,765.802001953125,93396,2026-08-04T14:47:00Z
765.7760009765625,765.8200073242188,765.6199951171875,765.8101196289062,200373,2026-08-04T14:48:00Z
765.8150024414062,765.9600219726562,765.7899780273438,765.9199829101562,84803,2026-08-04T14:49:00Z
765.9199829101562,766.030029296875,765.7100219726562,765.72998046875,83910,2026-08-04T14:50:00Z
765.72998046875,765.8099975585938,765.6400146484375,765.75,104308,2026-08-04T14:51:00Z
765.75,765.9199829101562,765.719970703125,765.9000244140625,99618,2026-08-04T14:52:00Z
765.8704833984375,765.9199829101562,765.780029296875,765.8300170898438,76003,2026-08-04T14:53:00Z
765.8200073242188,765.989990234375,765.7249755859375,765.9000244140625,127399,2026-08-04T14:54:00Z
765.9000244140625,765.9400024414062,765.8099975585938,765.9099731445312,210334,2026-08-04T14:55:00Z
765.9349975585938,766.0999755859375,765.9000244140625,765.989990234375,95044,2026-08-04T14:56:00Z
765.9749755859375,766.1500244140625,765.9550170898438,766.0050048828125,70351,2026-08-04T14:57:00Z
766.0,766.22998046875,766.0,766.1900024414062,235248,2026-08-04T14:58:00Z
766.1900024414062,766.4199829101562,766.1799926757812,766.2999877929688,294228,2026-08-04T14:59:00Z
766.3300170898438,766.4099731445312,766.2000122070312,766.2100219726562,97780,2026-08-04T15:00:00Z
766.1950073242188,766.635009765625,766.1699829101562,766.5399780273438,85199,2026-08-04T15:01:00Z
766.531005859375,766.719970703125,766.47998046875,766.6900024414062,118198,2026-08-04T15:02:00Z
766.6900024414062,766.8400268554688,766.614990234375,766.72998046875,102327,2026-08-04T15:03:00Z
766.739990234375,766.8900146484375,766.7227783203125,766.8499755859375,137412,2026-08-04T15:04:00Z
766.8599853515625,766.8699951171875,766.6901245117188,766.75,155926,2026-08-04T15:05:00Z
766.75,766.75,766.5399780273438,766.7100219726562,67890,2026-08-04T15:06:00Z
766.7100219726562,766.780029296875,766.5700073242188,766.5800170898438,218359,2026-08-04T15:07:00Z
766.5850219726562,766.5850219726562,766.3900146484375,766.530029296875,190088,2026-08-04T15:08:00Z
766.510009765625,766.8599853515625,766.510009765625,766.8499755859375,66628,2026-08-04T15:09:00Z
766.85498046875,766.8800048828125,766.719970703125,766.7949829101562,76787,2026-08-04T15:10:00Z
766.8095092773438,766.8599853515625,766.72998046875,766.8599853515625,45395,2026-08-04T15:11:00Z
766.8499755859375,767.02001953125,766.8300170898438,766.9849853515625,140131,2026-08-04T15:12:00Z
766.989990234375,767.1599731445312,766.9249877929688,767.1400146484375,90189,2026-08-04T15:13:00Z
767.114990234375,767.1527709960938,766.9005737304688,766.9099731445312,65675,2026-08-04T15:14:00Z
766.9199829101562,767.2100219726562,766.8900146484375,767.2000122070312,82004,2026-08-04T15:15:00Z
767.2000122070312,767.2899780273438,767.1749877929688,767.22998046875,230402,2026-08-04T15:16:00Z
767.22998046875,767.2899780273438,767.125,767.1649780273438,104679,2026-08-04T15:17:00Z
767.1599731445312,767.3300170898438,767.1599731445312,767.2750244140625,123698,2026-08-04T15:18:00Z
767.2799072265625,767.3499755859375,767.25,767.3250122070312,98532,2026-08-04T15:19:00Z
767.3300170898438,767.4199829101562,767.280029296875,767.4199829101562,101041,2026-08-04T15:20:00Z
767.4199829101562,767.4199829101562,767.3150024414062,767.35498046875,87818,2026-08-04T15:21:00Z
767.3599853515625,767.489990234375,767.2050170898438,767.2999877929688,112278,2026-08-04T15:22:00Z
767.2999877929688,767.6400146484375,767.2999877929688,767.6199951171875,140673,2026-08-04T15:23:00Z
767.6300048828125,767.7514038085938,767.6099853515625,767.739990234375,134608,2026-08-04T15:24:00Z
767.75,767.8699951171875,767.7000122070312,767.780029296875,128433,2026-08-04T15:25:00Z
767.7899780273438,767.8300170898438,767.7000122070312,767.72998046875,81745,2026-08-04T15:26:00Z
767.739990234375,767.77001953125,767.3699951171875,767.4299926757812,173737,2026-08-04T15:27:00Z
767.4199829101562,767.489990234375,767.280029296875,767.4500122070312,123826,2026-08-04T15:28:00Z
767.4500732421875,767.4899291992188,767.3099975585938,767.3499755859375,226768,2026-08-04T15:29:00Z
767.3400268554688,767.5599975585938,767.3099975585938,767.489990234375,197893,2026-08-04T15:30:00Z
767.5,767.5689086914062,767.3300170898438,767.5499877929688,60376,2026-08-04T15:31:00Z
767.5499877929688,767.5700073242188,767.4299926757812,767.4400024414062,44927,2026-08-04T15:32:00Z
767.4400024414062,767.47998046875,767.1599731445312,767.1799926757812,61137,2026-08-04T15:33:00Z
767.1799926757812,767.280029296875,767.1699829101562,767.260009765625,94909,2026-08-04T15:34:00Z
767.27001953125,767.5399780273438,767.2249755859375,767.4299926757812,216685,2026-08-04T15:35:00Z
767.4349975585938,767.489990234375,767.3599853515625,767.4299926757812,60959,2026-08-04T15:36:00Z
767.4400024414062,767.5,767.3699951171875,767.4598999023438,37770,2026-08-04T15:37:00Z
767.4500122070312,768.030029296875,767.3499755859375,767.9099731445312,182966,2026-08-04T15:38:00Z
767.9149780273438,768.0899047851562,767.7100219726562,767.7999877929688,122538,2026-08-04T15:39:00Z
767.780029296875,767.9699096679688,767.7349853515625,767.7899780273438,215441,2026-08-04T15:40:00Z
767.77001953125,768.0,767.77001953125,767.8800048828125,593263,2026-08-04T15:41:00Z
767.8800048828125,768.010009765625,767.780029296875,767.989990234375,192607,2026-08-04T15:42:00Z
767.989990234375,768.1500244140625,767.97998046875,768.1110229492188,125618,2026-08-04T15:43:00Z
768.1300048828125,768.3400268554688,768.0800170898438,768.280029296875,189831,2026-08-04T15:44:00Z
768.280029296875,768.5,768.260009765625,768.4500122070312,191240,2026-08-04T15:45:00Z
768.4500122070312,768.5700073242188,768.4500122070312,768.5700073242188,135953,2026-08-04T15:46:00Z
768.5499877929688,768.6300048828125,768.4149780273438,768.5750122070312,108507,2026-08-04T15:47:00Z
768.5750122070312,768.7000122070312,768.5750122070312,768.7000122070312,91832,2026-08-04T15:48:00Z
768.6900024414062,768.7000122070312,768.6199951171875,768.64990234375,71595,2026-08-04T15:49:00Z
768.6400146484375,768.8599853515625,768.60498046875,768.8200073242188,94368,2026-08-04T15:50:00Z
768.8150024414062,768.8599853515625,768.75,768.7899780273438,192472,2026-08-04T15:51:00Z
768.7999877929688,768.9000244140625,768.7650146484375,768.8200073242188,67496,2026-08-04T15:52:00Z
768.8250122070312,768.8400268554688,768.3400268554688,768.3499755859375,107311,2026-08-04T15:53:00Z
768.3400268554688,768.3895263671875,768.1799926757812,768.27001953125,177493,2026-08-04T15:54:00Z
768.260009765625,768.5,768.1900024414062,768.469970703125,87560,2026-08-04T15:55:00Z
768.489990234375,768.5532836914062,768.385009765625,768.4299926757812,61052,2026-08-04T15:56:00Z
768.4299926757812,768.5800170898438,768.3699951171875,768.5800170898438,90403,2026-08-04T15:57:00Z
768.5700073242188,768.6400146484375,768.530029296875,768.5599975585938,65702,2026-08-04T15:58:00Z
768.5650024414062,768.5650024414062,768.4000244140625,768.4400024414062,54381,2026-08-04T15:59:00Z
768.4450073242188,768.72998046875,768.4149780273438,768.72998046875,65093,2026-08-04T16:00:00Z
768.7100219726562,768.8200073242188,768.6199951171875,768.8131103515625,99412,2026-08-04T16:01:00Z
768.8099975585938,768.8599853515625,768.72998046875,768.7999877929688,85997,2026-08-04T16:02:00Z
768.8099975585938,768.8300170898438,768.760009765625,768.7899780273438,60450,2026-08-04T16:03:00Z
768.7999877929688,768.8599853515625,768.719970703125,768.7249755859375,197183,2026-08-04T16:04:00Z
768.7249755859375,768.9400024414062,768.7249755859375,768.8200073242188,95758,2026-08-04T16:05:00Z
768.8200073242188,768.8200073242188,768.530029296875,768.5499877929688,118326,2026-08-04T16:06:00Z
768.5499877929688,768.6699829101562,768.5399780273438,768.5650024414062,104433,2026-08-04T16:07:00Z
768.5700073242188,768.6599731445312,768.403076171875,768.4299926757812,101900,2026-08-04T16:08:00Z
768.4299926757812,768.4400024414062,768.3400268554688,768.3800048828125,64812,2026-08-04T16:09:00Z
768.3995971679688,768.52001953125,768.3900146484375,768.5,299529,2026-08-04T16:10:00Z
768.489990234375,768.489990234375,768.22998046875,768.22998046875,205431,2026-08-04T16:11:00Z
768.22998046875,768.3400268554688,768.1400146484375,768.2999877929688,200305,2026-08-04T16:12:00Z
768.3099975585938,768.489990234375,768.2449951171875,768.4299926757812,62156,2026-08-04T16:13:00Z
768.4299926757812,768.4306030273438,768.25,768.2550048828125,169438,2026-08-04T16:14:00Z
768.2650146484375,768.4400024414062,768.239990234375,768.4400024414062,109088,2026-08-04T16:15:00Z
768.4299926757812,768.5900268554688,768.4099731445312,768.5700073242188,72336,2026-08-04T16:16:00Z
768.5499877929688,768.6300048828125,768.510009765625,768.5800170898438,53044,2026-08-04T16:17:00Z
768.5900268554688,768.7100219726562,768.5499877929688,768.6400146484375,77869,2026-08-04T16:18:00Z
768.6400146484375,768.7899780273438,768.6300048828125,768.75,384847,2026-08-04T16:19:00Z
768.760009765625,768.8900146484375,768.719970703125,768.8499755859375,64706,2026-08-04T16:20:00Z
768.8599853515625,769.0800170898438,768.8350219726562,769.02001953125,94969,2026-08-04T16:21:00Z
769.030029296875,769.1599731445312,769.02001953125,769.1300048828125,85867,2026-08-04T16:22:00Z
769.1099853515625,769.2050170898438,769.0800170898438,769.2000122070312,81134,2026-08-04T16:23:00Z
769.2000122070312,769.280029296875,769.1799926757812,769.219970703125,58738,2026-08-04T16:24:00Z
769.2150268554688,769.22998046875,769.02001953125,769.1950073242188,116597,2026-08-04T16:25:00Z
769.2100219726562,769.27001953125,769.1300048828125,769.2349853515625,105704,2026-08-04T16:26:00Z
769.239990234375,769.25048828125,769.1400146484375,769.2249755859375,175929,2026-08-04T16:27:00Z
769.2249755859375,769.3400268554688,769.2249755859375,769.2999877929688,74607,2026-08-04T16:28:00Z
769.2949829101562,769.3099975585938,769.1900024414062,769.239990234375,47465,2026-08-04T16:29:00Z
769.219970703125,769.27001953125,769.0,769.2100219726562,113262,2026-08-04T16:30:00Z
769.2149047851562,769.3200073242188,769.2000122070312,769.2999877929688,75766,2026-08-04T16:31:00Z
769.3049926757812,769.4901123046875,769.3049926757812,769.4600219726562,120432,2026-08-04T16:32:00Z
769.4550170898438,769.5700073242188,769.4000244140625,769.5599975585938,201742,2026-08-04T16:33:00Z
769.5599975585938,769.5999755859375,769.4600219726562,769.4749755859375,85942,2026-08-04T16:34:00Z
769.47998046875,769.5900268554688,769.4500122070312,769.5175170898438,101066,2026-08-04T16:35:00Z
769.5150146484375,769.6099853515625,769.4500122070312,769.594970703125,99019,2026-08-04T16:36:00Z
769.594970703125,769.6799926757812,769.489990234375,769.510009765625,465020,2026-08-04T16:37:00Z
769.4949951171875,769.5,769.239990234375,769.3800048828125,93769,2026-08-04T16:38:00Z
769.3619995117188,769.530029296875,769.3619995117188,769.4849853515625,69429,2026-08-04T16:39:00Z
769.4849853515625,769.5499877929688,769.4400024414062,769.47998046875,86962,2026-08-04T16:40:00Z
769.47998046875,769.510009765625,769.3900146484375,769.4600219726562,91883,2026-08-04T16:41:00Z
769.4600219726562,769.5999755859375,769.4600219726562,769.5899047851562,102558,2026-08-04T16:42:00Z
769.5700073242188,769.7100219726562,769.5700073242188,769.6900024414062,92384,2026-08-04T16:43:00Z
769.6900024414062,770.010009765625,769.6900024414062,769.97998046875,260808,2026-08-04T16:44:00Z
769.989990234375,770.1699829101562,769.97998046875,770.1199951171875,124627,2026-08-04T16:45:00Z
770.125,770.1749877929688,770.0449829101562,770.0700073242188,84677,2026-08-04T16:46:00Z
770.0700073242188,770.1400146484375,769.97998046875,770.1300048828125,91916,2026-08-04T16:47:00Z
770.1300048828125,770.1799926757812,770.0,770.0,68417,2026-08-04T16:48:00Z
770.010009765625,770.2249755859375,769.989990234375,770.1950073242188,68014,2026-08-04T16:49:00Z
770.1898803710938,770.2100219726562,770.10498046875,770.1749877929688,71173,2026-08-04T16:50:00Z
770.1749877929688,770.280029296875,770.1199951171875,770.1649780273438,69954,2026-08-04T16:51:00Z
770.1699829101562,770.2650146484375,770.1099853515625,770.1400146484375,73987,2026-08-04T16:52:00Z
770.14501953125,770.260009765625,770.0549926757812,770.25,75938,2026-08-04T16:53:00Z
770.260009765625,770.3200073242188,770.1699829101562,770.1900024414062,69520,2026-08-04T16:54:00Z
770.1900024414062,770.25,770.0999755859375,770.1199951171875,69634,2026-08-04T16:55:00Z
770.0999755859375,770.1500244140625,770.0499877929688,770.1300048828125,67546,2026-08-04T16:56:00Z
770.1400146484375,770.2349853515625,770.1300048828125,770.2199096679688,48071,2026-08-04T16:57:00Z
770.2100219726562,770.27001953125,770.0999755859375,770.125,65200,2026-08-04T16:58:00Z
770.1199951171875,770.2650146484375,770.0900268554688,770.2650146484375,63176,2026-08-04T16:59:00Z
770.27001953125,770.5599975585938,770.1649780273438,770.5599975585938,276196,2026-08-04T17:00:00Z
770.5695190429688,770.8200073242188,770.5599975585938,770.764404296875,140737,2026-08-04T17:01:00Z
770.77001953125,770.8499755859375,770.7000122070312,770.719970703125,102569,2026-08-04T17:02:00Z
770.719970703125,770.9000244140625,770.7100219726562,770.8900146484375,122026,2026-08-04T17:03:00Z
770.89501953125,771.030029296875,770.89501953125,771.0089721679688,135946,2026-08-04T17:04:00Z
771.010009765625,771.2849731445312,770.9000244140625,770.9000244140625,394225,2026-08-04T17:05:00Z
770.8900146484375,770.9099731445312,770.72998046875,770.8499755859375,217393,2026-08-04T17:06:00Z
770.8400268554688,771.1699829101562,770.8400268554688,771.1699829101562,83012,2026-08-04T17:07:00Z
771.1699829101562,771.2000122070312,771.0599975585938,771.1849975585938,58753,2026-08-04T17:08:00Z
771.1849975585938,771.2000122070312,770.9749755859375,771.0499877929688,69142,2026-08-04T17:09:00Z
771.0399780273438,771.1400146484375,770.989990234375,771.0,88269,2026-08-04T17:10:00Z
771.0,771.1900024414062,770.9199829101562,771.1199951171875,228257,2026-08-04T17:11:00Z
771.1199951171875,771.219970703125,771.0800170898438,771.1998901367188,52636,2026-08-04T17:12:00Z
771.1900024414062,771.2050170898438,770.9299926757812,771.0900268554688,102370,2026-08-04T17:13:00Z
771.09130859375,771.22998046875,771.0499877929688,771.219970703125,70518,2026-08-04T17:14:00Z
771.22998046875,771.405029296875,771.219970703125,771.405029296875,178442,2026-08-04T17:15:00Z
771.4000244140625,771.4199829101562,771.239990234375,771.280029296875,212096,2026-08-04T17:16:00Z
771.2899780273438,771.60498046875,771.2650146484375,771.4749755859375,115968,2026-08-04T17:17:00Z
771.47998046875,771.5150146484375,771.2899780273438,771.3400268554688,119227,2026-08-04T17:18:00Z
771.3300170898438,771.4400024414062,771.3099975585938,771.3699951171875,70309,2026-08-04T17:19:00Z
771.375,771.4099731445312,771.0999755859375,771.0999755859375,63594,2026-08-04T17:20:00Z
771.0999755859375,771.1699829101562,771.0499877929688,771.1300048828125,78118,2026-08-04T17:21:00Z
771.1300048828125,771.1400146484375,770.9500122070312,771.010009765625,111668,2026-08-04T17:22:00Z
771.02001953125,771.25,770.9500122070312,771.1900024414062,62385,2026-08-04T17:23:00Z
771.2000122070312,771.25,771.1099853515625,771.2050170898438,78438,2026-08-04T17:24:00Z
771.2050170898438,771.27001953125,771.1300048828125,771.25341796875,80659,2026-08-04T17:25:00Z
771.2650146484375,771.4650268554688,771.2501220703125,771.2949829101562,108402,2026-08-04T17:26:00Z
771.2999877929688,771.4400024414062,771.1900024414062,771.3900146484375,85202,2026-08-04T17:27:00Z
771.4000244140625,771.47998046875,771.280029296875,771.2999877929688,69352,2026-08-04T17:28:00Z
771.280029296875,771.3099975585938,771.2000122070312,771.280029296875,44583,2026-08-04T17:29:00Z
771.2899780273438,771.2899780273438,770.97998046875,771.1199951171875,137738,2026-08-04T17:30:00Z
771.1300048828125,771.1599731445312,770.9650268554688,771.125,68698,2026-08-04T17:31:00Z
771.125,771.3699951171875,771.125,771.3699951171875,61253,2026-08-04T17:32:00Z
771.3699951171875,771.4000244140625,771.2000122070312,771.239990234375,99569,2026-08-04T17:33:00Z
771.25,771.3800048828125,771.1699829101562,771.3800048828125,76500,2026-08-04T17:34:00Z
771.3599853515625,771.489990234375,771.3400268554688,771.4896240234375,80629,2026-08-04T17:35:00Z
771.4600830078125,771.68798828125,771.4500122070312,771.68798828125,64911,2026-08-04T17:36:00Z
771.6900024414062,771.781982421875,771.6749877929688,771.6925048828125,95151,2026-08-04T17:37:00Z
771.7100219726562,771.8699951171875,771.6699829101562,771.780029296875,116773,2026-08-04T17:38:00Z
771.7899780273438,771.905029296875,771.72998046875,771.8599853515625,55353,2026-08-04T17:39:00Z
771.8599853515625,772.0900268554688,771.8599853515625,772.0700073242188,96449,2026-08-04T17:40:00Z
772.0900268554688,772.1599731445312,772.030029296875,772.0999755859375,126280,2026-08-04T17:41:00Z
772.1099853515625,772.219970703125,772.1099853515625,772.219970703125,350999,2026-08-04T17:42:00Z
772.1900024414062,772.2000122070312,772.0499877929688,772.1400146484375,70398,2026-08-04T17:43:00Z
772.1300048828125,772.344970703125,772.1199951171875,772.3300170898438,88626,2026-08-04T17:44:00Z
772.3250122070312,772.510009765625,772.3250122070312,772.469970703125,99003,2026-08-04T17:45:00Z
772.469970703125,772.5850219726562,772.3800048828125,772.5499877929688,125017,2026-08-04T17:46:00Z
772.5499877929688,772.739990234375,772.5399780273438,772.7100219726562,173954,2026-08-04T17:47:00Z
772.7000122070312,773.0499877929688,772.6799926757812,773.0499877929688,141596,2026-08-04T17:48:00Z
773.0399780273438,773.0850219726562,772.6599731445312,772.72998046875,318091,2026-08-04T17:49:00Z
772.7150268554688,772.7150268554688,772.0449829101562,772.0700073242188,145934,2026-08-04T17:50:00Z
772.0599975585938,772.1099853515625,771.6599731445312,771.7249755859375,430896,2026-08-04T17:51:00Z
771.72998046875,771.969970703125,771.64501953125,771.9450073242188,93730,2026-08-04T17:52:00Z
771.9199829101562,772.1500244140625,771.8800048828125,772.1110229492188,202568,2026-08-04T17:53:00Z
772.125,772.1400146484375,771.8610229492188,771.8699951171875,102497,2026-08-04T17:54:00Z
771.8800048828125,772.0499877929688,771.72998046875,771.9990234375,142937,2026-08-04T17:55:00Z
771.9949951171875,772.1500244140625,771.9000244140625,772.0,177136,2026-08-04T17:56:00Z
772.0,772.010009765625,771.8699951171875,772.010009765625,111691,2026-08-04T17:57:00Z
772.010009765625,772.0900268554688,771.9600219726562,771.9600219726562,52255,2026-08-04T17:58:00Z
771.9550170898438,771.97998046875,771.5700073242188,771.5700073242188,115248,2026-08-04T17:59:00Z
771.5700073242188,771.72998046875,771.0800170898438,771.2750244140625,294694,2026-08-04T18:00:00Z
771.27001953125,771.739990234375,771.239990234375,771.7000122070312,167711,2026-08-04T18:01:00Z
771.7000122070312,771.989990234375,771.6401977539062,771.7999877929688,117640,2026-08-04T18:02:00Z
771.8200073242188,771.8400268554688,771.6300048828125,771.760009765625,93082,2026-08-04T18:03:00Z
771.7597045898438,771.7597045898438,771.2750244140625,771.330078125,69615,2026-08-04T18:04:00Z
771.3400268554688,771.8499755859375,771.27001953125,771.8400268554688,84560,2026-08-04T18:05:00Z
771.840087890625,771.8699951171875,771.4400024414062,771.677978515625,81930,2026-08-04T18:06:00Z
771.6900024414062,771.989990234375,771.6900024414062,771.780029296875,219643,2026-08-04T18:07:00Z
771.7899780273438,771.8200073242188,771.6405029296875,771.75,66003,2026-08-04T18:08:00Z
771.72998046875,771.97998046875,771.6799926757812,771.8499755859375,57715,2026-08-04T18:09:00Z
771.844970703125,772.0900268554688,771.7899780273438,771.905029296875,136526,2026-08-04T18:10:00Z
771.905029296875,772.010009765625,771.760009765625,771.8300170898438,50695,2026-08-04T18:11:00Z
771.8350219726562,771.9099731445312,771.7100219726562,771.8400268554688,54725,2026-08-04T18:12:00Z
771.8400268554688,772.0,771.719970703125,771.97998046875,61182,2026-08-04T18:13:00Z
771.9600219726562,772.239990234375,771.8699951171875,772.1799926757812,238366,2026-08-04T18:14:00Z
772.1981201171875,772.3699951171875,772.1900024414062,772.280029296875,91439,2026-08-04T18:15:00Z
772.280029296875,772.280029296875,772.0499877929688,772.135009765625,74241,2026-08-04T18:16:00Z
772.1300048828125,772.219970703125,772.0,772.0291748046875,59948,2026-08-04T18:17:00Z
772.010009765625,772.219970703125,771.97998046875,772.1699829101562,53293,2026-08-04T18:18:00Z
772.1699829101562,772.2100219726562,772.0599975585938,772.1099853515625,52037,2026-08-04T18:19:00Z
772.1099853515625,772.3099975585938,772.0700073242188,772.3099975585938,90326,2026-08-04T18:20:00Z
772.3099975585938,772.3400268554688,772.0499877929688,772.1400146484375,76399,2026-08-04T18:21:00Z
772.1500244140625,772.4500122070312,772.1400146484375,772.239990234375,108683,2026-08-04T18:22:00Z
772.25,772.405029296875,772.25,772.2899780273438,112443,2026-08-04T18:23:00Z
772.2899780273438,772.3099975585938,772.0900268554688,772.1300048828125,197358,2026-08-04T18:24:00Z
772.1199951171875,772.2899780273438,772.1199951171875,772.1599731445312,67413,2026-08-04T18:25:00Z
772.1500244140625,772.239990234375,772.02001953125,772.1300048828125,61578,2026-08-04T18:26:00Z
772.114990234375,772.2000122070312,772.010009765625,772.0599975585938,72431,2026-08-04T18:27:00Z
772.0800170898438,772.22998046875,772.0499877929688,772.2249755859375,66110,2026-08-04T18:28:00Z
772.239990234375,772.3800048828125,772.1900024414062,772.3699951171875,58548,2026-08-04T18:29:00Z
772.3798828125,772.4797973632812,772.3300170898438,772.469970703125,60591,2026-08-04T18:30:00Z
772.4550170898438,772.469970703125,772.22998046875,772.280029296875,169084,2026-08-04T18:31:00Z
772.2650146484375,772.4349975585938,772.2650146484375,772.3900146484375,60777,2026-08-04T18:32:00Z
772.3900146484375,772.3900146484375,772.1799926757812,772.280029296875,69023,2026-08-04T18:33:00Z
772.27001953125,772.3400268554688,772.125,772.1699829101562,203819,2026-08-04T18:34:00Z
772.1649780273438,772.3200073242188,772.1199951171875,772.1799926757812,61474,2026-08-04T18:35:00Z
772.1950073242188,772.3179931640625,772.1799926757812,772.27001953125,53037,2026-08-04T18:36:00Z
772.260009765625,772.27001953125,771.8699951171875,771.9600219726562,296188,2026-08-04T18:37:00Z
771.97998046875,772.0,771.8300170898438,771.8800048828125,247117,2026-08-04T18:38:00Z
771.8739013671875,771.9299926757812,771.7899780273438,771.8900146484375,71723,2026-08-04T18:39:00Z
771.8800048828125,771.8800048828125,771.5599975585938,771.6320190429688,119905,2026-08-04T18:40:00Z
771.6300048828125,771.9000244140625,771.5999755859375,771.8300170898438,100728,2026-08-04T18:41:00Z
771.8300170898438,771.8400268554688,771.5250244140625,771.5399780273438,79540,2026-08-04T18:42:00Z
771.5499877929688,771.6199951171875,771.4099731445312,771.6099853515625,86218,2026-08-04T18:43:00Z
771.6099853515625,771.7999877929688,771.5999145507812,771.719970703125,64426,2026-08-04T18:44:00Z
771.72998046875,772.0,771.719970703125,771.889892578125,142819,2026-08-04T18:45:00Z
771.885009765625,772.0900268554688,771.8701782226562,772.0750122070312,425109,2026-08-04T18:46:00Z
772.0750122070312,772.1300048828125,771.969970703125,772.1099853515625,101440,2026-08-04T18:47:00Z
772.1300048828125,772.239990234375,772.0700073242188,772.155029296875,84733,2026-08-04T18:48:00Z
772.2000122070312,772.280029296875,772.0499877929688,772.0700073242188,52871,2026-08-04T18:49:00Z
772.0499877929688,772.27001953125,772.0449829101562,772.2550048828125,95635,2026-08-04T18:50:00Z
772.2437133789062,772.2899780273438,772.1196899414062,772.1900024414062,67452,2026-08-04T18:51:00Z
772.1799926757812,772.260009765625,772.0900268554688,772.1699829101562,86004,2026-08-04T18:52:00Z
772.1599731445312,772.1799926757812,772.0386962890625,772.1099853515625,91384,2026-08-04T18:53:00Z
772.09619140625,772.2000122070312,771.9210205078125,771.989990234375,82342,2026-08-04T18:54:00Z
771.9949951171875,772.1300048828125,771.9299926757812,771.9849853515625,55360,2026-08-04T18:55:00Z
771.989990234375,772.1300048828125,771.969970703125,772.0700073242188,73621,2026-08-04T18:56:00Z
772.0800170898438,772.1300048828125,772.010009765625,772.0800170898438,60384,2026-08-04T18:57:00Z
772.0850219726562,772.1300048828125,772.0449829101562,772.0700073242188,73736,2026-08-04T18:58:00Z
772.0499877929688,772.1199951171875,771.9550170898438,772.0700073242188,101266,2026-08-04T18:59:00Z
772.0850219726562,772.4998779296875,772.0499877929688,772.47998046875,182392,2026-08-04T19:00:00Z
772.5,772.8499755859375,772.489990234375,772.72998046875,109766,2026-08-04T19:01:00Z
772.75,772.8499755859375,772.6599731445312,772.780029296875,272297,2026-08-04T19:02:00Z
772.7899780273438,772.9600219726562,772.77001953125,772.9500122070312,102212,2026-08-04T19:03:00Z
772.9550170898438,772.9550170898438,772.7349853515625,772.780029296875,79014,2026-08-04T19:04:00Z
772.77001953125,772.969970703125,772.6500244140625,772.7100219726562,112973,2026-08-04T19:05:00Z
772.6799926757812,772.9000244140625,772.5499877929688,772.844970703125,87884,2026-08-04T19:06:00Z
772.8400268554688,772.8599853515625,772.6900024414062,772.75,902691,2026-08-04T19:07:00Z
772.77001953125,772.8900146484375,772.6400146484375,772.8699951171875,82142,2026-08-04T19:08:00Z
772.8701171875,773.02001953125,772.8300170898438,773.0198974609375,103767,2026-08-04T19:09:00Z
773.0,773.0391235351562,772.9199829101562,772.9304809570312,96042,2026-08-04T19:10:00Z
772.9400024414062,773.0,772.8800048828125,772.9500122070312,109918,2026-08-04T19:11:00Z
772.9299926757812,772.9500122070312,772.75,772.75,108689,2026-08-04T19:12:00Z
772.75,772.9000244140625,772.719970703125,772.8800048828125,93231,2026-08-04T19:13:00Z
772.8800048828125,772.9400024414062,772.8400268554688,772.8800048828125,106040,2026-08-04T19:14:00Z
772.8800048828125,773.030029296875,772.8099975585938,772.8250122070312,123179,2026-08-04T19:15:00Z
772.8298950195312,773.030029296875,772.7520141601562,773.02001953125,123674,2026-08-04T19:16:00Z
773.0349731445312,773.0800170898438,772.9299926757812,772.9949951171875,74113,2026-08-04T19:17:00Z
773.0,773.030029296875,772.9000244140625,772.9500122070312,99198,2026-08-04T19:18:00Z
772.9400024414062,773.0,772.8499755859375,773.0,132540,2026-08-04T19:19:00Z
773.0,773.094970703125,773.0,773.0800170898438,108634,2026-08-04T19:20:00Z
773.0800170898438,773.1199951171875,772.9500122070312,772.9600219726562,127288,2026-08-04T19:21:00Z
772.9600219726562,773.0399780273438,772.8900146484375,772.9149780273438,117524,2026-08-04T19:22:00Z
772.9099731445312,773.010009765625,772.7000122070312,772.8499755859375,102939,2026-08-04T19:23:00Z
772.840087890625,772.9600219726562,772.8200073242188,772.8250122070312,83729,2026-08-04T19:24:00Z
772.8300170898438,772.9199829101562,772.5449829101562,772.6300048828125,197701,2026-08-04T19:25:00Z
772.6300048828125,772.6300048828125,772.4400024414062,772.469970703125,113464,2026-08-04T19:26:00Z
772.489990234375,772.5800170898438,772.4199829101562,772.4349975585938,92108,2026-08-04T19:27:00Z
772.4349975585938,772.469970703125,772.25,772.260009765625,91989,2026-08-04T19:28:00Z
772.260009765625,772.3200073242188,772.1199951171875,772.3200073242188,130258,2026-08-04T19:29:00Z
772.3099975585938,772.4500122070312,772.1199951171875,772.4500122070312,173912,2026-08-04T19:30:00Z
772.4450073242188,772.614990234375,772.3099975585938,772.614990234375,155614,2026-08-04T19:31:00Z
772.614990234375,772.6300048828125,772.3499755859375,772.5,302871,2026-08-04T19:32:00Z
772.510009765625,772.5700073242188,772.469970703125,772.5,112900,2026-08-04T19:33:00Z
772.5164184570312,772.5900268554688,772.4199829101562,772.5900268554688,108345,2026-08-04T19:34:00Z
772.5900268554688,772.6400146484375,772.3200073242188,772.5001831054688,186607,2026-08-04T19:35:00Z
772.510009765625,772.5700073242188,772.3350219726562,772.5599975585938,118127,2026-08-04T19:36:00Z
772.5599975585938,772.8400268554688,772.5599975585938,772.7899780273438,146169,2026-08-04T19:37:00Z
772.785400390625,772.8900146484375,772.760009765625,772.7750244140625,146162,2026-08-04T19:38:00Z
772.77001953125,772.9099731445312,772.72998046875,772.780029296875,107158,2026-08-04T19:39:00Z
772.780029296875,772.9099731445312,772.760009765625,772.9099731445312,109599,2026-08-04T19:40:00Z
772.9099731445312,773.0599975585938,772.8900146484375,772.989990234375,128577,2026-08-04T19:41:00Z
772.989990234375,773.0599975585938,772.9099731445312,773.0499877929688,133032,2026-08-04T19:42:00Z
773.0499877929688,773.2000122070312,772.844970703125,773.1900024414062,191551,2026-08-04T19:43:00Z
773.1799926757812,773.3300170898438,773.1500244140625,773.25,141077,2026-08-04T19:44:00Z
773.2550048828125,773.2650146484375,773.0900268554688,773.239990234375,319639,2026-08-04T19:45:00Z
773.25,773.4099731445312,773.1799926757812,773.22998046875,159746,2026-08-04T19:46:00Z
773.22998046875,773.25,772.969970703125,773.0,159230,2026-08-04T19:47:00Z
773.0,773.010009765625,772.739990234375,772.97998046875,424035,2026-08-04T19:48:00Z
772.9600219726562,772.9600219726562,772.7899780273438,772.9099731445312,138262,2026-08-04T19:49:00Z
772.9099731445312,773.030029296875,772.352294921875,772.3699951171875,551242,2026-08-04T19:50:00Z
772.3599853515625,772.47998046875,772.239990234375,772.3049926757812,448614,2026-08-04T19:51:00Z
772.2999877929688,772.510009765625,772.219970703125,772.3798828125,443111,2026-08-04T19:52:00Z
772.3499755859375,772.4400024414062,772.0399780273438,772.1199951171875,747224,2026-08-04T19:53:00Z
772.1199951171875,772.1699829101562,771.7418212890625,771.7418212890625,604712,2026-08-04T19:54:00Z
771.75,771.8800048828125,771.3499755859375,771.47998046875,619355,2026-08-04T19:55:00Z
771.47998046875,771.510009765625,771.1699829101562,771.2249755859375,805742,2026-08-04T19:56:00Z
771.239990234375,771.4600219726562,771.1500244140625,771.4000244140625,695341,2026-08-04T19:57:00Z
771.3699951171875,771.6599731445312,771.3099975585938,771.6400146484375,877716,2026-08-04T19:58:00Z
771.6500244140625,772.3099975585938,770.9600219726562,771.280029296875,1759067,2026-08-04T19:59:00Z
775.8499755859375,776.3699951171875,775.760009765625,776.260009765625,1546487,2026-08-05T13:30:00Z
776.260009765625,776.7899780273438,776.1099853515625,776.1912841796875,329230,2026-08-05T13:31:00Z
776.2100219726562,776.2299194335938,775.260009765625,775.6500244140625,224283,2026-08-05T13:32:00Z
775.6599731445312,776.030029296875,775.60498046875,775.8099975585938,124419,2026-08-05T13:33:00Z
775.8250122070312,776.2000122070312,775.6699829101562,776.1998901367188,131827,2026-08-05T13:34:00Z
776.1900024414062,776.5,775.969970703125,776.27001953125,132216,2026-08-05T13:35:00Z
776.3099975585938,776.3300170898438,775.3040161132812,775.5700073242188,156297,2026-08-05T13:36:00Z
775.5390014648438,775.8350219726562,775.4299926757812,775.5800170898438,131002,2026-08-05T13:37:00Z
775.5800170898438,776.135009765625,775.5399780273438,775.9199829101562,137450,2026-08-05T13:38:00Z
775.9000244140625,776.8499755859375,775.5549926757812,776.510009765625,1502576,2026-08-05T13:39:00Z
776.530029296875,776.8099975585938,776.1920166015625,776.3300170898438,120878,2026-08-05T13:40:00Z
776.3250122070312,776.510009765625,776.1500244140625,776.4400024414062,112045,2026-08-05T13:41:00Z
776.4299926757812,776.4600219726562,776.2550048828125,776.3599853515625,86249,2026-08-05T13:42:00Z
776.3599853515625,776.4598999023438,775.9500122070312,776.239990234375,134215,2026-08-05T13:43:00Z
776.280029296875,776.5499877929688,775.8599853515625,776.47998046875,112786,2026-08-05T13:44:00Z
776.5399780273438,776.6599731445312,775.530029296875,775.530029296875,177937,2026-08-05T13:45:00Z
775.52001953125,775.8350219726562,775.3837280273438,775.489013671875,108617,2026-08-05T13:46:00Z
775.4749755859375,775.8699951171875,775.4299926757812,775.8400268554688,182731,2026-08-05T13:47:00Z
775.8400268554688,776.1900024414062,775.7449951171875,775.8200073242188,111848,2026-08-05T13:48:00Z
775.8099975585938,775.864990234375,775.3400268554688,775.3900146484375,135689,2026-08-05T13:49:00Z
775.39501953125,775.4199829101562,774.3900146484375,774.72998046875,320655,2026-08-05T13:50:00Z
774.719970703125,775.0,774.5,774.9199829101562,194158,2026-08-05T13:51:00Z
774.9099731445312,775.3800048828125,774.8900146484375,775.1900024414062,184493,2026-08-05T13:52:00Z
775.1799926757812,775.739990234375,775.02001953125,775.3800048828125,153842,2026-08-05T13:53:00Z
775.4149780273438,775.889892578125,775.010009765625,775.889892578125,68533,2026-08-05T13:54:00Z
775.8800048828125,775.97998046875,775.4400024414062,775.6500244140625,117507,2026-08-05T13:55:00Z
775.6799926757812,775.8499755859375,775.364990234375,775.614990234375,159947,2026-08-05T13:56:00Z
775.614990234375,776.1799926757812,775.5900268554688,776.155029296875,129616,2026-08-05T13:57:00Z
776.1500244140625,776.625,776.1099853515625,776.625,134908,2026-08-05T13:58:00Z
776.6199951171875,776.70361328125,776.3599853515625,776.70361328125,104829,2026-08-05T13:59:00Z
776.6699829101562,776.7000122070312,775.5700073242188,776.0390014648438,179223,2026-08-05T14:00:00Z
776.010009765625,776.0750122070312,775.4500122070312,775.5999755859375,93897,2026-08-05T14:01:00Z
775.5999755859375,775.6099853515625,774.9500122070312,775.2698974609375,134529,2026-08-05T14:02:00Z
775.260009765625,775.9299926757812,775.260009765625,775.8200073242188,134262,2026-08-05T14:03:00Z
775.8300170898438,775.9749755859375,775.3599853515625,775.7899780273438,162730,2026-08-05T14:04:00Z
775.8099975585938,776.5499267578125,775.77001953125,775.9749755859375,108276,2026-08-05T14:05:00Z
775.97998046875,776.239990234375,775.6199951171875,776.0,160530,2026-08-05T14:06:00Z
775.989990234375,776.27001953125,775.739990234375,775.8800048828125,107819,2026-08-05T14:07:00Z
775.8900146484375,776.22998046875,775.8699951171875,775.8800048828125,119688,2026-08-05T14:08:00Z
775.8800048828125,776.3499755859375,775.85498046875,776.0599975585938,84351,2026-08-05T14:09:00Z
776.0700073242188,776.3300170898438,775.8099975585938,776.3040771484375,75859,2026-08-05T14:10:00Z
776.3499755859375,776.3900146484375,775.8300170898438,775.9450073242188,99155,2026-08-05T14:11:00Z
775.9299926757812,776.1500244140625,775.8099975585938,775.8699951171875,51022,2026-08-05T14:12:00Z
775.8699951171875,776.2357177734375,775.7999877929688,776.1749877929688,65235,2026-08-05T14:13:00Z
776.1799926757812,776.510009765625,776.0700073242188,776.1599731445312,52761,2026-08-05T14:14:00Z
776.1799926757812,776.4600219726562,776.1298217773438,776.239990234375,45487,2026-08-05T14:15:00Z
776.25,776.3599853515625,775.875,775.8800048828125,56513,2026-08-05T14:16:00Z
775.8699951171875,776.1900024414062,775.8699951171875,776.1900024414062,44242,2026-08-05T14:17:00Z
776.2000122070312,776.280029296875,776.010009765625,776.280029296875,50727,2026-08-05T14:18:00Z
776.260009765625,776.2899780273438,775.6599731445312,775.6699829101562,71043,2026-08-05T14:19:00Z
775.6799926757812,775.739990234375,775.4000244140625,775.614990234375,84082,2026-08-05T14:20:00Z
775.625,775.8200073242188,775.280029296875,775.405029296875,80294,2026-08-05T14:21:00Z
775.4199829101562,775.469970703125,775.0700073242188,775.2000122070312,76993,2026-08-05T14:22:00Z
775.219970703125,775.260009765625,774.77001953125,774.9849853515625,118002,2026-08-05T14:23:00Z
775.0150146484375,775.77001953125,774.9600219726562,775.7550048828125,70259,2026-08-05T14:24:00Z
775.760009765625,776.1799926757812,775.6099853515625,775.6400146484375,200342,2026-08-05T14:25:00Z
775.6599731445312,775.780029296875,775.3499755859375,775.3699951171875,85757,2026-08-05T14:26:00Z
775.3900146484375,775.5599975585938,775.2999877929688,775.5549926757812,62445,2026-08-05T14:27:00Z
775.5499877929688,775.5499877929688,775.0399780273438,775.0800170898438,98445,2026-08-05T14:28:00Z
775.0800170898438,775.2100219726562,774.75,774.7808837890625,47379,2026-08-05T14:29:00Z
774.780029296875,774.8499755859375,774.3800048828125,774.739990234375,123775,2026-08-05T14:30:00Z
774.75,774.8900146484375,774.2343139648438,774.27001953125,106832,2026-08-05T14:31:00Z
774.25,774.6699829101562,774.22998046875,774.6199951171875,142184,2026-08-05T14:32:00Z
774.6199951171875,775.02001953125,774.510009765625,774.8900146484375,113348,2026-08-05T14:33:00Z
774.9144287109375,775.0200805664062,774.489990234375,774.5999755859375,131741,2026-08-05T14:34:00Z
774.5700073242188,774.8300170898438,774.4409790039062,774.5999755859375,359506,2026-08-05T14:35:00Z
774.5800170898438,774.5800170898438,774.0908203125,774.2849731445312,136030,2026-08-05T14:36:00Z
774.2999877929688,774.5499877929688,773.9400024414062,773.9600219726562,97609,2026-08-05T14:37:00Z
773.97998046875,774.3400268554688,773.8400268554688,774.280029296875,105825,2026-08-05T14:38:00Z
774.3200073242188,774.489990234375,773.9099731445312,773.9199829101562,75576,2026-08-05T14:39:00Z
773.9199829101562,774.2100219726562,773.75,773.7799072265625,215260,2026-08-05T14:40:00Z
773.780029296875,774.0797119140625,773.6199951171875,774.0399780273438,91123,2026-08-05T14:41:00Z
774.0496826171875,774.4299926757812,773.780029296875,774.280029296875,142897,2026-08-05T14:42:00Z
774.2750244140625,774.3599853515625,773.9299926757812,774.2000732421875,73024,2026-08-05T14:43:00Z
774.2050170898438,774.3300170898438,773.72998046875,774.0349731445312,72947,2026-08-05T14:44:00Z
774.030029296875,774.280029296875,773.844970703125,773.989990234375,59711,2026-08-05T14:45:00Z
774.0,774.5850219726562,773.989990234375,774.4600219726562,144665,2026-08-05T14:46:00Z
774.4299926757812,774.5499877929688,774.3099975585938,774.3499755859375,62035,2026-08-05T14:47:00Z
774.3400268554688,774.4249877929688,774.2000122070312,774.3200073242188,91462,2026-08-05T14:48:00Z
774.3300170898438,774.719970703125,774.25,774.5750122070312,77716,2026-08-05T14:49:00Z
774.6046752929688,774.8400268554688,774.260009765625,774.3300170898438,106451,2026-08-05T14:50:00Z
774.3099975585938,774.3800048828125,773.780029296875,773.905029296875,94723,2026-08-05T14:51:00Z
773.9190063476562,773.9600219726562,773.4400024414062,773.5999755859375,126784,2026-08-05T14:52:00Z
773.6300048828125,773.635009765625,772.5700073242188,772.89990234375,238391,2026-08-05T14:53:00Z
772.9000244140625,773.1599731445312,772.75,773.1300048828125,153685,2026-08-05T14:54:00Z
773.1599731445312,773.2000122070312,772.72998046875,773.0999755859375,120875,2026-08-05T14:55:00Z
773.0850219726562,773.176513671875,772.7899780273438,773.1749877929688,96825,2026-08-05T14:56:00Z
773.1799926757812,773.7598876953125,773.1099853515625,773.5250244140625,145150,2026-08-05T14:57:00Z
773.52001953125,773.708984375,773.1099853515625,773.1370239257812,107601,2026-08-05T14:58:00Z
773.1400146484375,773.6500244140625,773.1300048828125,773.469970703125,48370,2026-08-05T14:59:00Z
773.4600219726562,773.9400024414062,773.4099731445312,773.8599853515625,70165,2026-08-05T15:00:00Z
773.8400268554688,773.9299926757812,773.3499755859375,773.5549926757812,69168,2026-08-05T15:01:00Z
773.5800170898438,773.9500122070312,773.5599975585938,773.77001953125,71445,2026-08-05T15:02:00Z
773.719970703125,773.75,773.405029296875,773.5,101742,2026-08-05T15:03:00Z
773.5,773.6400146484375,773.3499755859375,773.6300048828125,66318,2026-08-05T15:04:00Z
773.6300048828125,773.75,773.3800048828125,773.3989868164062,93172,2026-08-05T15:05:00Z
773.3599853515625,773.6199951171875,773.1649780273438,773.52001953125,98100,2026-08-05T15:06:00Z
773.52001953125,773.7349853515625,773.489990234375,773.5499877929688,87813,2026-08-05T15:07:00Z
773.5549926757812,773.5900268554688,773.2899780273438,773.3049926757812,68843,2026-08-05T15:08:00Z
773.3099975585938,773.864990234375,773.280029296875,773.6300048828125,65336,2026-08-05T15:09:00Z
773.6300048828125,773.780029296875,773.4600219726562,773.780029296875,80844,2026-08-05T15:10:00Z
773.77001953125,773.9149780273438,773.385009765625,773.4600219726562,54971,2026-08-05T15:11:00Z
773.4450073242188,773.7100219726562,773.4099731445312,773.4099731445312,48416,2026-08-05T15:12:00Z
773.4000244140625,773.4099731445312,773.030029296875,773.0499877929688,67056,2026-08-05T15:13:00Z
773.0449829101562,773.219482421875,773.010009765625,773.0599975585938,47449,2026-08-05T15:14:00Z
773.0700073242188,773.1599731445312,772.530029296875,772.5399780273438,89689,2026-08-05T15:15:00Z
772.5399780273438,772.6649780273438,772.3499755859375,772.6649780273438,224378,2026-08-05T15:16:00Z
772.6500244140625,772.6798706054688,772.0750122070312,772.0750122070312,152409,2026-08-05T15:17:00Z
772.0800170898438,772.0999755859375,771.0,771.8099975585938,419590,2026-08-05T15:18:00Z
771.8200073242188,772.4500122070312,771.780029296875,772.4199829101562,136149,2026-08-05T15:19:00Z
772.409912109375,772.489990234375,772.0900268554688,772.489990234375,102976,2026-08-05T15:20:00Z
772.4849853515625,772.6699829101562,772.3472900390625,772.625,76706,2026-08-05T15:21:00Z
772.6199951171875,772.625,772.3200073242188,772.3400268554688,41950,2026-08-05T15:22:00Z
772.3499755859375,772.5700073242188,772.2100219726562,772.219970703125,51733,2026-08-05T15:23:00Z
772.2100219726562,772.5900268554688,772.0800170898438,772.2691040039062,65874,2026-08-05T15:24:00Z
772.1500854492188,772.25,771.8599853515625,771.9600219726562,89166,2026-08-05T15:25:00Z
771.9450073242188,772.1199951171875,771.8699951171875,772.0050048828125,83719,2026-08-05T15:26:00Z
772.010009765625,772.219970703125,771.9149780273438,772.010009765625,137157,2026-08-05T15:27:00Z
772.010009765625,772.010009765625,771.5499877929688,771.5800170898438,117080,2026-08-05T15:28:00Z
771.5700073242188,771.9199829101562,771.52001953125,771.7100219726562,103615,2026-08-05T15:29:00Z
771.7000122070312,772.1099853515625,771.6799926757812,772.0999755859375,61636,2026-08-05T15:30:00Z
772.10498046875,772.52001953125,772.0700073242188,772.3400268554688,85032,2026-08-05T15:31:00Z
772.3400268554688,772.5,772.2899780273438,772.3900146484375,47817,2026-08-05T15:32:00Z
772.3800048828125,772.4495849609375,772.1801147460938,772.3200073242188,41637,2026-08-05T15:33:00Z
772.3099975585938,772.3900146484375,771.8099975585938,771.875,64529,2026-08-05T15:34:00Z
771.8800048828125,772.0999755859375,771.8499755859375,772.0399780273438,67625,2026-08-05T15:35:00Z
772.0700073242188,772.0700073242188,771.8300170898438,772.02001953125,60721,2026-08-05T15:36:00Z
772.02001953125,772.2100219726562,771.9249877929688,772.0999755859375,65415,2026-08-05T15:37:00Z
772.10498046875,772.1300048828125,771.8800048828125,771.9000244140625,59307,2026-08-05T15:38:00Z
771.9000244140625,772.2999877929688,771.8099975585938,772.14501953125,64371,2026-08-05T15:39:00Z
772.1500244140625,772.260009765625,771.9400024414062,771.9749755859375,57999,2026-08-05T15:40:00Z
771.97998046875,772.0299072265625,771.6749877929688,772.0299072265625,69448,2026-08-05T15:41:00Z
772.0050048828125,772.2000122070312,771.860107421875,772.2000122070312,60426,2026-08-05T15:42:00Z
772.2000122070312,772.2000122070312,771.8599853515625,771.97998046875,45023,2026-08-05T15:43:00Z
772.0,772.010009765625,771.8300170898438,772.010009765625,46977,2026-08-05T15:44:00Z
772.02001953125,772.030029296875,771.5900268554688,771.8200073242188,51240,2026-08-05T15:45:00Z
771.7999877929688,771.8499755859375,771.5850219726562,771.7449951171875,39808,2026-08-05T15:46:00Z
771.72998046875,771.780029296875,771.5499877929688,771.5900268554688,52250,2026-08-05T15:47:00Z
771.6300048828125,771.75,771.52001953125,771.719970703125,46427,2026-08-05T15:48:00Z
771.72998046875,771.780029296875,771.25,771.340576171875,109541,2026-08-05T15:49:00Z
771.3375244140625,771.5499877929688,771.25,771.4000244140625,64697,2026-08-05T15:50:00Z
771.39501953125,771.4299926757812,771.1699829101562,771.2150268554688,66241,2026-08-05T15:51:00Z
771.2000122070312,771.3200073242188,771.1300048828125,771.1950073242188,77457,2026-08-05T15:52:00Z
771.1900024414062,771.5750122070312,771.1799926757812,771.4650268554688,92417,2026-08-05T15:53:00Z
771.4500122070312,771.5700073242188,771.2000122070312,771.25,50030,2026-08-05T15:54:00Z
771.25,771.25,771.0800170898438,771.1300048828125,65217,2026-08-05T15:55:00Z
771.1099853515625,771.1400146484375,770.4400024414062,770.8800048828125,123163,2026-08-05T15:56:00Z
770.8499755859375,770.8499755859375,770.3300170898438,770.6599731445312,216878,2026-08-05T15:57:00Z
770.6500244140625,771.039794921875,770.5999755859375,770.9450073242188,153013,2026-08-05T15:58:00Z
770.9400024414062,771.1300048828125,770.6400146484375,770.64501953125,86327,2026-08-05T15:59:00Z
770.6300048828125,770.8099975585938,770.5399780273438,770.6749877929688,156044,2026-08-05T16:00:00Z
770.6699829101562,770.72998046875,770.510009765625,770.52001953125,90764,2026-08-05T16:01:00Z
770.52001953125,770.5549926757812,770.0800170898438,770.2550048828125,217827,2026-08-05T16:02:00Z
770.27001953125,770.5449829101562,770.1300048828125,770.5150146484375,140873,2026-08-05T16:03:00Z
770.510009765625,771.02001953125,770.5,770.8400268554688,72184,2026-08-05T16:04:00Z
770.8400268554688,770.8699951171875,770.5700073242188,770.7301025390625,82715,2026-08-05T16:05:00Z
770.7849731445312,770.8300170898438,770.3300170898438,770.4299926757812,87831,2026-08-05T16:06:00Z
770.4299926757812,770.6649780273438,770.3599853515625,770.404296875,112852,2026-08-05T16:07:00Z
770.4500122070312,770.469970703125,770.0206298828125,770.030029296875,106852,2026-08-05T16:08:00Z
770.02001953125,770.2899780273438,769.9099731445312,770.239990234375,146399,2026-08-05T16:09:00Z
770.239990234375,770.3699951171875,770.0900268554688,770.1599731445312,67138,2026-08-05T16:10:00Z
770.1400146484375,770.3599853515625,770.0700073242188,770.27001953125,79690,2026-08-05T16:11:00Z
770.2899780273438,770.3499145507812,769.9298095703125,770.2100219726562,105398,2026-08-05T16:12:00Z
770.1900024414062,770.3200073242188,770.0399780273438,770.1699829101562,67924,2026-08-05T16:13:00Z
770.1699829101562,770.469970703125,770.030029296875,770.4400024414062,72182,2026-08-05T16:14:00Z
770.4500122070312,770.5700073242188,770.22998046875,770.489990234375,104768,2026-08-05T16:15:00Z
770.4949951171875,771.1199951171875,770.4749755859375,770.9650268554688,147060,2026-08-05T16:16:00Z
770.9650268554688,771.0549926757812,770.75,770.8800048828125,107441,2026-08-05T16:17:00Z
770.885009765625,770.9099731445312,770.6500244140625,770.760009765625,85162,2026-08-05T16:18:00Z
770.77001953125,770.8099975585938,770.5,770.6099853515625,54767,2026-08-05T16:19:00Z
770.614990234375,771.3699951171875,770.5599975585938,771.3499755859375,106450,2026-08-05T16:20:00Z
771.3400268554688,771.760009765625,771.3400268554688,771.5999755859375,212984,2026-08-05T16:21:00Z
771.5999755859375,771.7000122070312,771.4400024414062,771.5999755859375,99136,2026-08-05T16:22:00Z
771.6099853515625,771.6400146484375,771.239990234375,771.239990234375,85519,2026-08-05T16:23:00Z
771.25,771.3699951171875,770.9099731445312,771.0800170898438,60277,2026-08-05T16:24:00Z
771.0750122070312,771.47998046875,771.0599975585938,771.4749755859375,0,2026-08-05T16:25:00Z
771.4749755859375,771.7849731445312,771.4199829101562,771.7849731445312,110198,2026-08-05T16:26:00Z
771.7899780273438,772.0850219726562,771.72998046875,771.72998046875,173681,2026-08-05T16:27:00Z
771.7100219726562,771.8400268554688,771.6300048828125,771.8250122070312,78251,2026-08-05T16:28:00Z
771.8300170898438,772.119873046875,771.8300170898438,772.0999755859375,100300,2026-08-05T16:29:00Z
772.0999755859375,772.2150268554688,771.72998046875,771.739990234375,185518,2026-08-05T16:30:00Z
771.7349853515625,771.77001953125,771.52001953125,771.5900268554688,78887,2026-08-05T16:31:00Z
771.5700073242188,771.8400268554688,771.52001953125,771.7799072265625,55411,2026-08-05T16:32:00Z
771.77001953125,771.780029296875,771.2098999023438,771.3400268554688,49471,2026-08-05T16:33:00Z
771.3099975585938,771.72998046875,771.2999877929688,771.6900024414062,57818,2026-08-05T16:34:00Z
771.6900024414062,771.7000122070312,771.3599853515625,771.5372924804688,61580,2026-08-05T16:35:00Z
771.530029296875,771.6099853515625,771.3400268554688,771.5499877929688,49309,2026-08-05T16:36:00Z
771.5435791015625,771.6199951171875,771.4500122070312,771.5700073242188,55349,2026-08-05T16:37:00Z
771.5800170898438,771.7899780273438,771.5250244140625,771.77001953125,38283,2026-08-05T16:38:00Z
771.7899780273438,771.8300170898438,771.5,771.5599975585938,42935,2026-08-05T16:39:00Z
771.5999755859375,771.5999755859375,771.5999755859375,771.5999755859375,0,2026-08-05T16:40:00Z
